-- MariaDB dump 10.19  Distrib 10.6.13-MariaDB, for debian-linux-gnu (x86_64)
--
-- Host: localhost    Database: vtl_cms
-- ------------------------------------------------------
-- Server version	10.6.13-MariaDB-1:10.6.13+maria~ubu2004

/*!40101 SET @OLD_CHARACTER_SET_CLIENT=@@CHARACTER_SET_CLIENT */;
/*!40101 SET @OLD_CHARACTER_SET_RESULTS=@@CHARACTER_SET_RESULTS */;
/*!40101 SET @OLD_COLLATION_CONNECTION=@@COLLATION_CONNECTION */;
/*!40101 SET NAMES utf8mb4 */;
/*!40103 SET @OLD_TIME_ZONE=@@TIME_ZONE */;
/*!40103 SET TIME_ZONE='+00:00' */;
/*!40014 SET @OLD_UNIQUE_CHECKS=@@UNIQUE_CHECKS, UNIQUE_CHECKS=0 */;
/*!40014 SET @OLD_FOREIGN_KEY_CHECKS=@@FOREIGN_KEY_CHECKS, FOREIGN_KEY_CHECKS=0 */;
/*!40101 SET @OLD_SQL_MODE=@@SQL_MODE, SQL_MODE='NO_AUTO_VALUE_ON_ZERO' */;
/*!40111 SET @OLD_SQL_NOTES=@@SQL_NOTES, SQL_NOTES=0 */;

--
-- Table structure for table `admin_permissions`
--

DROP TABLE IF EXISTS `admin_permissions`;
/*!40101 SET @saved_cs_client     = @@character_set_client */;
/*!40101 SET character_set_client = utf8 */;
CREATE TABLE `admin_permissions` (
  `id` int(10) unsigned NOT NULL AUTO_INCREMENT,
  `action` varchar(255) DEFAULT NULL,
  `subject` varchar(255) DEFAULT NULL,
  `properties` longtext CHARACTER SET utf8mb4 COLLATE utf8mb4_bin DEFAULT NULL CHECK (json_valid(`properties`)),
  `conditions` longtext CHARACTER SET utf8mb4 COLLATE utf8mb4_bin DEFAULT NULL CHECK (json_valid(`conditions`)),
  `created_at` datetime(6) DEFAULT NULL,
  `updated_at` datetime(6) DEFAULT NULL,
  `created_by_id` int(10) unsigned DEFAULT NULL,
  `updated_by_id` int(10) unsigned DEFAULT NULL,
  PRIMARY KEY (`id`),
  KEY `admin_permissions_created_by_id_fk` (`created_by_id`),
  KEY `admin_permissions_updated_by_id_fk` (`updated_by_id`),
  CONSTRAINT `admin_permissions_created_by_id_fk` FOREIGN KEY (`created_by_id`) REFERENCES `admin_users` (`id`) ON DELETE SET NULL,
  CONSTRAINT `admin_permissions_updated_by_id_fk` FOREIGN KEY (`updated_by_id`) REFERENCES `admin_users` (`id`) ON DELETE SET NULL
) ENGINE=InnoDB AUTO_INCREMENT=580 DEFAULT CHARSET=utf8mb4 COLLATE=utf8mb4_general_ci;
/*!40101 SET character_set_client = @saved_cs_client */;

--
-- Dumping data for table `admin_permissions`
--

LOCK TABLES `admin_permissions` WRITE;
/*!40000 ALTER TABLE `admin_permissions` DISABLE KEYS */;
INSERT INTO `admin_permissions` VALUES (1,'plugin::upload.read',NULL,'{}','[]','2023-05-22 07:04:43.249000','2023-05-22 07:04:43.249000',NULL,NULL),(2,'plugin::upload.configure-view',NULL,'{}','[]','2023-05-22 07:04:43.254000','2023-05-22 07:04:43.254000',NULL,NULL),(3,'plugin::upload.assets.create',NULL,'{}','[]','2023-05-22 07:04:43.263000','2023-05-22 07:04:43.263000',NULL,NULL),(4,'plugin::upload.assets.update',NULL,'{}','[]','2023-05-22 07:04:43.268000','2023-05-22 07:04:43.268000',NULL,NULL),(5,'plugin::upload.assets.download',NULL,'{}','[]','2023-05-22 07:04:43.273000','2023-05-22 07:04:43.273000',NULL,NULL),(6,'plugin::upload.assets.copy-link',NULL,'{}','[]','2023-05-22 07:04:43.278000','2023-05-22 07:04:43.278000',NULL,NULL),(7,'plugin::upload.read',NULL,'{}','[\"admin::is-creator\"]','2023-05-22 07:04:43.284000','2023-05-22 07:04:43.284000',NULL,NULL),(8,'plugin::upload.configure-view',NULL,'{}','[]','2023-05-22 07:04:43.289000','2023-05-22 07:04:43.289000',NULL,NULL),(9,'plugin::upload.assets.create',NULL,'{}','[]','2023-05-22 07:04:43.295000','2023-05-22 07:04:43.295000',NULL,NULL),(10,'plugin::upload.assets.update',NULL,'{}','[\"admin::is-creator\"]','2023-05-22 07:04:43.299000','2023-05-22 07:04:43.299000',NULL,NULL),(11,'plugin::upload.assets.download',NULL,'{}','[]','2023-05-22 07:04:43.304000','2023-05-22 07:04:43.304000',NULL,NULL),(12,'plugin::upload.assets.copy-link',NULL,'{}','[]','2023-05-22 07:04:43.311000','2023-05-22 07:04:43.311000',NULL,NULL),(13,'plugin::content-manager.explorer.create','plugin::users-permissions.user','{\"fields\":[\"username\",\"email\",\"provider\",\"password\",\"resetPasswordToken\",\"confirmationToken\",\"confirmed\",\"blocked\",\"role\"]}','[]','2023-05-22 07:04:43.343000','2023-05-22 07:04:43.343000',NULL,NULL),(14,'plugin::content-manager.explorer.read','plugin::users-permissions.user','{\"fields\":[\"username\",\"email\",\"provider\",\"password\",\"resetPasswordToken\",\"confirmationToken\",\"confirmed\",\"blocked\",\"role\"]}','[]','2023-05-22 07:04:43.348000','2023-05-22 07:04:43.348000',NULL,NULL),(15,'plugin::content-manager.explorer.update','plugin::users-permissions.user','{\"fields\":[\"username\",\"email\",\"provider\",\"password\",\"resetPasswordToken\",\"confirmationToken\",\"confirmed\",\"blocked\",\"role\"]}','[]','2023-05-22 07:04:43.353000','2023-05-22 07:04:43.353000',NULL,NULL),(16,'plugin::content-manager.explorer.delete','plugin::users-permissions.user','{}','[]','2023-05-22 07:04:43.357000','2023-05-22 07:04:43.357000',NULL,NULL),(17,'plugin::content-manager.single-types.configure-view',NULL,'{}','[]','2023-05-22 07:04:43.361000','2023-05-22 07:04:43.361000',NULL,NULL),(18,'plugin::content-manager.collection-types.configure-view',NULL,'{}','[]','2023-05-22 07:04:43.365000','2023-05-22 07:04:43.365000',NULL,NULL),(19,'plugin::content-manager.components.configure-layout',NULL,'{}','[]','2023-05-22 07:04:43.370000','2023-05-22 07:04:43.370000',NULL,NULL),(20,'plugin::content-type-builder.read',NULL,'{}','[]','2023-05-22 07:04:43.374000','2023-05-22 07:04:43.374000',NULL,NULL),(21,'plugin::email.settings.read',NULL,'{}','[]','2023-05-22 07:04:43.387000','2023-05-22 07:04:43.387000',NULL,NULL),(22,'plugin::upload.read',NULL,'{}','[]','2023-05-22 07:04:43.394000','2023-05-22 07:04:43.394000',NULL,NULL),(23,'plugin::upload.assets.create',NULL,'{}','[]','2023-05-22 07:04:43.401000','2023-05-22 07:04:43.401000',NULL,NULL),(24,'plugin::upload.assets.update',NULL,'{}','[]','2023-05-22 07:04:43.407000','2023-05-22 07:04:43.407000',NULL,NULL),(25,'plugin::upload.assets.download',NULL,'{}','[]','2023-05-22 07:04:43.412000','2023-05-22 07:04:43.412000',NULL,NULL),(26,'plugin::upload.assets.copy-link',NULL,'{}','[]','2023-05-22 07:04:43.417000','2023-05-22 07:04:43.417000',NULL,NULL),(27,'plugin::upload.configure-view',NULL,'{}','[]','2023-05-22 07:04:43.422000','2023-05-22 07:04:43.422000',NULL,NULL),(28,'plugin::upload.settings.read',NULL,'{}','[]','2023-05-22 07:04:43.426000','2023-05-22 07:04:43.426000',NULL,NULL),(29,'plugin::users-permissions.roles.create',NULL,'{}','[]','2023-05-22 07:04:43.432000','2023-05-22 07:04:43.432000',NULL,NULL),(30,'plugin::users-permissions.roles.read',NULL,'{}','[]','2023-05-22 07:04:43.436000','2023-05-22 07:04:43.436000',NULL,NULL),(31,'plugin::users-permissions.roles.update',NULL,'{}','[]','2023-05-22 07:04:43.442000','2023-05-22 07:04:43.442000',NULL,NULL),(32,'plugin::users-permissions.roles.delete',NULL,'{}','[]','2023-05-22 07:04:43.446000','2023-05-22 07:04:43.446000',NULL,NULL),(33,'plugin::users-permissions.providers.read',NULL,'{}','[]','2023-05-22 07:04:43.450000','2023-05-22 07:04:43.450000',NULL,NULL),(34,'plugin::users-permissions.providers.update',NULL,'{}','[]','2023-05-22 07:04:43.455000','2023-05-22 07:04:43.455000',NULL,NULL),(35,'plugin::users-permissions.email-templates.read',NULL,'{}','[]','2023-05-22 07:04:43.460000','2023-05-22 07:04:43.460000',NULL,NULL),(36,'plugin::users-permissions.email-templates.update',NULL,'{}','[]','2023-05-22 07:04:43.464000','2023-05-22 07:04:43.464000',NULL,NULL),(37,'plugin::users-permissions.advanced-settings.read',NULL,'{}','[]','2023-05-22 07:04:43.468000','2023-05-22 07:04:43.468000',NULL,NULL),(38,'plugin::users-permissions.advanced-settings.update',NULL,'{}','[]','2023-05-22 07:04:43.477000','2023-05-22 07:04:43.477000',NULL,NULL),(39,'plugin::i18n.locale.create',NULL,'{}','[]','2023-05-22 07:04:43.483000','2023-05-22 07:04:43.483000',NULL,NULL),(40,'plugin::i18n.locale.read',NULL,'{}','[]','2023-05-22 07:04:43.489000','2023-05-22 07:04:43.489000',NULL,NULL),(41,'plugin::i18n.locale.update',NULL,'{}','[]','2023-05-22 07:04:43.494000','2023-05-22 07:04:43.494000',NULL,NULL),(42,'plugin::i18n.locale.delete',NULL,'{}','[]','2023-05-22 07:04:43.499000','2023-05-22 07:04:43.499000',NULL,NULL),(43,'admin::marketplace.read',NULL,'{}','[]','2023-05-22 07:04:43.505000','2023-05-22 07:04:43.505000',NULL,NULL),(44,'admin::webhooks.create',NULL,'{}','[]','2023-05-22 07:04:43.511000','2023-05-22 07:04:43.511000',NULL,NULL),(45,'admin::webhooks.read',NULL,'{}','[]','2023-05-22 07:04:43.516000','2023-05-22 07:04:43.516000',NULL,NULL),(46,'admin::webhooks.update',NULL,'{}','[]','2023-05-22 07:04:43.521000','2023-05-22 07:04:43.521000',NULL,NULL),(47,'admin::webhooks.delete',NULL,'{}','[]','2023-05-22 07:04:43.528000','2023-05-22 07:04:43.528000',NULL,NULL),(48,'admin::users.create',NULL,'{}','[]','2023-05-22 07:04:43.533000','2023-05-22 07:04:43.533000',NULL,NULL),(49,'admin::users.read',NULL,'{}','[]','2023-05-22 07:04:43.537000','2023-05-22 07:04:43.537000',NULL,NULL),(50,'admin::users.update',NULL,'{}','[]','2023-05-22 07:04:43.541000','2023-05-22 07:04:43.541000',NULL,NULL),(51,'admin::users.delete',NULL,'{}','[]','2023-05-22 07:04:43.548000','2023-05-22 07:04:43.548000',NULL,NULL),(52,'admin::roles.create',NULL,'{}','[]','2023-05-22 07:04:43.555000','2023-05-22 07:04:43.555000',NULL,NULL),(53,'admin::roles.read',NULL,'{}','[]','2023-05-22 07:04:43.559000','2023-05-22 07:04:43.559000',NULL,NULL),(54,'admin::roles.update',NULL,'{}','[]','2023-05-22 07:04:43.566000','2023-05-22 07:04:43.566000',NULL,NULL),(55,'admin::roles.delete',NULL,'{}','[]','2023-05-22 07:04:43.570000','2023-05-22 07:04:43.570000',NULL,NULL),(56,'admin::api-tokens.access',NULL,'{}','[]','2023-05-22 07:04:43.575000','2023-05-22 07:04:43.575000',NULL,NULL),(57,'admin::api-tokens.create',NULL,'{}','[]','2023-05-22 07:04:43.579000','2023-05-22 07:04:43.579000',NULL,NULL),(58,'admin::api-tokens.read',NULL,'{}','[]','2023-05-22 07:04:43.583000','2023-05-22 07:04:43.583000',NULL,NULL),(59,'admin::api-tokens.update',NULL,'{}','[]','2023-05-22 07:04:43.587000','2023-05-22 07:04:43.587000',NULL,NULL),(60,'admin::api-tokens.regenerate',NULL,'{}','[]','2023-05-22 07:04:43.591000','2023-05-22 07:04:43.591000',NULL,NULL),(61,'admin::api-tokens.delete',NULL,'{}','[]','2023-05-22 07:04:43.596000','2023-05-22 07:04:43.596000',NULL,NULL),(62,'admin::project-settings.update',NULL,'{}','[]','2023-05-22 07:04:43.600000','2023-05-22 07:04:43.600000',NULL,NULL),(63,'admin::project-settings.read',NULL,'{}','[]','2023-05-22 07:04:43.603000','2023-05-22 07:04:43.603000',NULL,NULL),(64,'admin::transfer.tokens.access',NULL,'{}','[]','2023-05-22 07:04:43.607000','2023-05-22 07:04:43.607000',NULL,NULL),(65,'admin::transfer.tokens.create',NULL,'{}','[]','2023-05-22 07:04:43.612000','2023-05-22 07:04:43.612000',NULL,NULL),(66,'admin::transfer.tokens.read',NULL,'{}','[]','2023-05-22 07:04:43.616000','2023-05-22 07:04:43.616000',NULL,NULL),(67,'admin::transfer.tokens.update',NULL,'{}','[]','2023-05-22 07:04:43.621000','2023-05-22 07:04:43.621000',NULL,NULL),(68,'admin::transfer.tokens.regenerate',NULL,'{}','[]','2023-05-22 07:04:43.628000','2023-05-22 07:04:43.628000',NULL,NULL),(69,'admin::transfer.tokens.delete',NULL,'{}','[]','2023-05-22 07:04:43.634000','2023-05-22 07:04:43.634000',NULL,NULL),(93,'plugin::content-manager.explorer.delete','api::home.home','{\"locales\":[\"en\",\"vi-VN\"]}','[]','2023-05-22 08:45:53.959000','2023-05-22 08:45:53.959000',NULL,NULL),(128,'plugin::content-manager.explorer.delete','api::news.news','{\"locales\":[\"en\",\"vi-VN\"]}','[]','2023-05-23 01:30:29.614000','2023-05-23 01:30:29.614000',NULL,NULL),(129,'plugin::content-manager.explorer.publish','api::news.news','{\"locales\":[\"en\",\"vi-VN\"]}','[]','2023-05-23 01:30:29.618000','2023-05-23 01:30:29.618000',NULL,NULL),(157,'plugin::content-versioning.save',NULL,'{}','[]','2023-05-23 07:00:37.418000','2023-05-23 07:00:37.418000',NULL,NULL),(196,'plugin::content-manager.explorer.delete','api::service.service','{\"locales\":[\"en\",\"vi-VN\"]}','[]','2023-05-24 08:16:53.952000','2023-05-24 08:16:53.952000',NULL,NULL),(197,'plugin::content-manager.explorer.publish','api::service.service','{\"locales\":[\"en\",\"vi-VN\"]}','[]','2023-05-24 08:16:53.958000','2023-05-24 08:16:53.958000',NULL,NULL),(201,'plugin::content-manager.explorer.delete','api::footer.footer','{\"locales\":[\"en\",\"vi-VN\"]}','[]','2023-05-24 08:39:44.555000','2023-05-24 08:39:44.555000',NULL,NULL),(202,'plugin::content-manager.explorer.publish','api::footer.footer','{\"locales\":[\"en\",\"vi-VN\"]}','[]','2023-05-24 08:39:44.561000','2023-05-24 08:39:44.561000',NULL,NULL),(214,'plugin::content-manager.explorer.delete','api::trucking.trucking','{\"locales\":[\"en\",\"vi-VN\"]}','[]','2023-05-25 01:35:28.849000','2023-05-25 01:35:28.849000',NULL,NULL),(215,'plugin::content-manager.explorer.publish','api::trucking.trucking','{\"locales\":[\"en\",\"vi-VN\"]}','[]','2023-05-25 01:35:28.854000','2023-05-25 01:35:28.854000',NULL,NULL),(225,'plugin::content-manager.explorer.delete','api::custom.custom','{\"locales\":[\"en\",\"vi-VN\"]}','[]','2023-05-25 02:46:34.368000','2023-05-25 02:46:34.368000',NULL,NULL),(226,'plugin::content-manager.explorer.publish','api::custom.custom','{\"locales\":[\"en\",\"vi-VN\"]}','[]','2023-05-25 02:46:34.373000','2023-05-25 02:46:34.373000',NULL,NULL),(236,'plugin::content-manager.explorer.delete','api::warehouse.warehouse','{\"locales\":[\"en\",\"vi-VN\"]}','[]','2023-05-25 03:20:01.378000','2023-05-25 03:20:01.378000',NULL,NULL),(237,'plugin::content-manager.explorer.publish','api::warehouse.warehouse','{\"locales\":[\"en\",\"vi-VN\"]}','[]','2023-05-25 03:20:01.449000','2023-05-25 03:20:01.449000',NULL,NULL),(241,'plugin::content-manager.explorer.delete','api::packing.packing','{\"locales\":[\"en\",\"vi-VN\"]}','[]','2023-05-25 03:35:25.893000','2023-05-25 03:35:25.893000',NULL,NULL),(242,'plugin::content-manager.explorer.publish','api::packing.packing','{\"locales\":[\"en\",\"vi-VN\"]}','[]','2023-05-25 03:35:25.897000','2023-05-25 03:35:25.897000',NULL,NULL),(246,'plugin::content-manager.explorer.delete','api::endpoint-delivery.endpoint-delivery','{\"locales\":[\"en\",\"vi-VN\"]}','[]','2023-05-25 03:37:16.312000','2023-05-25 03:37:16.312000',NULL,NULL),(247,'plugin::content-manager.explorer.publish','api::endpoint-delivery.endpoint-delivery','{\"locales\":[\"en\",\"vi-VN\"]}','[]','2023-05-25 03:37:16.317000','2023-05-25 03:37:16.317000',NULL,NULL),(251,'plugin::content-manager.explorer.delete','api::introduce.introduce','{\"locales\":[\"en\",\"vi-VN\"]}','[]','2023-05-25 04:39:16.941000','2023-05-25 04:39:16.941000',NULL,NULL),(252,'plugin::content-manager.explorer.publish','api::introduce.introduce','{\"locales\":[\"en\",\"vi-VN\"]}','[]','2023-05-25 04:39:16.948000','2023-05-25 04:39:16.948000',NULL,NULL),(256,'plugin::content-manager.explorer.delete','api::milestone.milestone','{\"locales\":[\"en\",\"vi-VN\"]}','[]','2023-05-25 07:28:56.956000','2023-05-25 07:28:56.956000',NULL,NULL),(257,'plugin::content-manager.explorer.publish','api::milestone.milestone','{\"locales\":[\"en\",\"vi-VN\"]}','[]','2023-05-25 07:28:56.960000','2023-05-25 07:28:56.960000',NULL,NULL),(261,'plugin::content-manager.explorer.delete','api::contact.contact','{\"locales\":[\"en\",\"vi-VN\"]}','[]','2023-05-25 08:37:29.058000','2023-05-25 08:37:29.058000',NULL,NULL),(283,'plugin::content-manager.explorer.delete','api::list-new.list-new','{\"locales\":[\"en\",\"vi-VN\"]}','[]','2023-05-26 02:35:56.945000','2023-05-26 02:35:56.945000',NULL,NULL),(314,'plugin::content-manager.explorer.create','api::country.country','{\"fields\":[\"name\",\"fullname\"],\"locales\":[\"en\",\"vi-VN\"]}','[]','2023-05-29 15:04:43.426000','2023-05-29 15:04:43.426000',NULL,NULL),(315,'plugin::content-manager.explorer.read','api::country.country','{\"fields\":[\"name\",\"fullname\"],\"locales\":[\"en\",\"vi-VN\"]}','[]','2023-05-29 15:04:43.432000','2023-05-29 15:04:43.432000',NULL,NULL),(316,'plugin::content-manager.explorer.update','api::country.country','{\"fields\":[\"name\",\"fullname\"],\"locales\":[\"en\",\"vi-VN\"]}','[]','2023-05-29 15:04:43.436000','2023-05-29 15:04:43.436000',NULL,NULL),(317,'plugin::content-manager.explorer.delete','api::country.country','{\"locales\":[\"en\",\"vi-VN\"]}','[]','2023-05-29 15:04:43.441000','2023-05-29 15:04:43.441000',NULL,NULL),(324,'plugin::content-manager.explorer.create','api::province.province','{\"fields\":[\"name\",\"fullname\"],\"locales\":[\"en\",\"vi-VN\"]}','[]','2023-05-29 15:05:43.460000','2023-05-29 15:05:43.460000',NULL,NULL),(325,'plugin::content-manager.explorer.read','api::province.province','{\"fields\":[\"name\",\"fullname\"],\"locales\":[\"en\",\"vi-VN\"]}','[]','2023-05-29 15:05:43.470000','2023-05-29 15:05:43.470000',NULL,NULL),(326,'plugin::content-manager.explorer.update','api::province.province','{\"fields\":[\"name\",\"fullname\"],\"locales\":[\"en\",\"vi-VN\"]}','[]','2023-05-29 15:05:43.476000','2023-05-29 15:05:43.476000',NULL,NULL),(327,'plugin::content-manager.explorer.delete','api::province.province','{\"locales\":[\"en\",\"vi-VN\"]}','[]','2023-05-29 15:05:43.481000','2023-05-29 15:05:43.481000',NULL,NULL),(337,'plugin::content-manager.explorer.create','api::customer-contact.customer-contact','{\"fields\":[\"title\",\"fullname\",\"phone_number\",\"address\",\"email\",\"content\"],\"locales\":[\"en\",\"vi-VN\"]}','[]','2023-05-30 10:06:51.173000','2023-05-30 10:06:51.173000',NULL,NULL),(338,'plugin::content-manager.explorer.read','api::customer-contact.customer-contact','{\"fields\":[\"title\",\"fullname\",\"phone_number\",\"address\",\"email\",\"content\"],\"locales\":[\"en\",\"vi-VN\"]}','[]','2023-05-30 10:06:51.180000','2023-05-30 10:06:51.180000',NULL,NULL),(339,'plugin::content-manager.explorer.update','api::customer-contact.customer-contact','{\"fields\":[\"title\",\"fullname\",\"phone_number\",\"address\",\"email\",\"content\"],\"locales\":[\"en\",\"vi-VN\"]}','[]','2023-05-30 10:06:51.184000','2023-05-30 10:06:51.184000',NULL,NULL),(340,'plugin::content-manager.explorer.delete','api::customer-contact.customer-contact','{\"locales\":[\"en\",\"vi-VN\"]}','[]','2023-05-30 10:06:51.189000','2023-05-30 10:06:51.189000',NULL,NULL),(341,'plugin::content-manager.explorer.publish','api::customer-contact.customer-contact','{\"locales\":[\"en\",\"vi-VN\"]}','[]','2023-05-30 10:06:51.193000','2023-05-30 10:06:51.193000',NULL,NULL),(345,'plugin::content-manager.explorer.create','api::milestone.milestone','{\"fields\":[\"banner\",\"bg_image\",\"milestones.image\",\"milestones.timeline\",\"milestones.datetime\",\"milestones.content\",\"SEO.metaTitle\",\"SEO.metaDescription\",\"SEO.metaImage\",\"SEO.metaSocial.socialNetwork\",\"SEO.metaSocial.title\",\"SEO.metaSocial.description\",\"SEO.metaSocial.image\",\"SEO.keywords\",\"SEO.metaRobots\",\"SEO.structuredData\",\"SEO.metaViewport\",\"SEO.canonicalURL\"],\"locales\":[\"en\",\"vi-VN\"]}','[]','2023-05-30 15:22:20.093000','2023-05-30 15:22:20.093000',NULL,NULL),(346,'plugin::content-manager.explorer.read','api::milestone.milestone','{\"fields\":[\"banner\",\"bg_image\",\"milestones.image\",\"milestones.timeline\",\"milestones.datetime\",\"milestones.content\",\"SEO.metaTitle\",\"SEO.metaDescription\",\"SEO.metaImage\",\"SEO.metaSocial.socialNetwork\",\"SEO.metaSocial.title\",\"SEO.metaSocial.description\",\"SEO.metaSocial.image\",\"SEO.keywords\",\"SEO.metaRobots\",\"SEO.structuredData\",\"SEO.metaViewport\",\"SEO.canonicalURL\"],\"locales\":[\"en\",\"vi-VN\"]}','[]','2023-05-30 15:22:20.102000','2023-05-30 15:22:20.102000',NULL,NULL),(347,'plugin::content-manager.explorer.update','api::milestone.milestone','{\"fields\":[\"banner\",\"bg_image\",\"milestones.image\",\"milestones.timeline\",\"milestones.datetime\",\"milestones.content\",\"SEO.metaTitle\",\"SEO.metaDescription\",\"SEO.metaImage\",\"SEO.metaSocial.socialNetwork\",\"SEO.metaSocial.title\",\"SEO.metaSocial.description\",\"SEO.metaSocial.image\",\"SEO.keywords\",\"SEO.metaRobots\",\"SEO.structuredData\",\"SEO.metaViewport\",\"SEO.canonicalURL\"],\"locales\":[\"en\",\"vi-VN\"]}','[]','2023-05-30 15:22:20.107000','2023-05-30 15:22:20.107000',NULL,NULL),(360,'plugin::content-manager.explorer.create','api::service.service','{\"fields\":[\"banner\",\"description\",\"features.icon\",\"features.number\",\"features.object\",\"features.title\",\"description_service\",\"transportations.title\",\"transportations.link\",\"transportations.image\",\"bg_service\",\"SEO.metaTitle\",\"SEO.metaDescription\",\"SEO.metaImage\",\"SEO.metaSocial.socialNetwork\",\"SEO.metaSocial.title\",\"SEO.metaSocial.description\",\"SEO.metaSocial.image\",\"SEO.keywords\",\"SEO.metaRobots\",\"SEO.structuredData\",\"SEO.metaViewport\",\"SEO.canonicalURL\"],\"locales\":[\"en\",\"vi-VN\"]}','[]','2023-05-30 15:27:10.446000','2023-05-30 15:27:10.446000',NULL,NULL),(361,'plugin::content-manager.explorer.read','api::service.service','{\"fields\":[\"banner\",\"description\",\"features.icon\",\"features.number\",\"features.object\",\"features.title\",\"description_service\",\"transportations.title\",\"transportations.link\",\"transportations.image\",\"bg_service\",\"SEO.metaTitle\",\"SEO.metaDescription\",\"SEO.metaImage\",\"SEO.metaSocial.socialNetwork\",\"SEO.metaSocial.title\",\"SEO.metaSocial.description\",\"SEO.metaSocial.image\",\"SEO.keywords\",\"SEO.metaRobots\",\"SEO.structuredData\",\"SEO.metaViewport\",\"SEO.canonicalURL\"],\"locales\":[\"en\",\"vi-VN\"]}','[]','2023-05-30 15:27:10.453000','2023-05-30 15:27:10.453000',NULL,NULL),(362,'plugin::content-manager.explorer.update','api::service.service','{\"fields\":[\"banner\",\"description\",\"features.icon\",\"features.number\",\"features.object\",\"features.title\",\"description_service\",\"transportations.title\",\"transportations.link\",\"transportations.image\",\"bg_service\",\"SEO.metaTitle\",\"SEO.metaDescription\",\"SEO.metaImage\",\"SEO.metaSocial.socialNetwork\",\"SEO.metaSocial.title\",\"SEO.metaSocial.description\",\"SEO.metaSocial.image\",\"SEO.keywords\",\"SEO.metaRobots\",\"SEO.structuredData\",\"SEO.metaViewport\",\"SEO.canonicalURL\"],\"locales\":[\"en\",\"vi-VN\"]}','[]','2023-05-30 15:27:10.458000','2023-05-30 15:27:10.458000',NULL,NULL),(377,'plugin::content-manager.explorer.create','api::footer.footer','{\"fields\":[\"links.title\",\"links.links.icon\",\"links.links.title\",\"links.links.url\",\"links.links.is_external_link\",\"infos.title\",\"infos.url\",\"socials.icon\",\"socials.url\",\"url_bo_cong_thuong\"],\"locales\":[\"en\",\"vi-VN\"]}','[]','2023-05-30 16:27:57.893000','2023-05-30 16:27:57.893000',NULL,NULL),(378,'plugin::content-manager.explorer.read','api::footer.footer','{\"fields\":[\"links.title\",\"links.links.icon\",\"links.links.title\",\"links.links.url\",\"links.links.is_external_link\",\"infos.title\",\"infos.url\",\"socials.icon\",\"socials.url\",\"url_bo_cong_thuong\"],\"locales\":[\"en\",\"vi-VN\"]}','[]','2023-05-30 16:27:57.901000','2023-05-30 16:27:57.901000',NULL,NULL),(379,'plugin::content-manager.explorer.update','api::footer.footer','{\"fields\":[\"links.title\",\"links.links.icon\",\"links.links.title\",\"links.links.url\",\"links.links.is_external_link\",\"infos.title\",\"infos.url\",\"socials.icon\",\"socials.url\",\"url_bo_cong_thuong\"],\"locales\":[\"en\",\"vi-VN\"]}','[]','2023-05-30 16:27:57.906000','2023-05-30 16:27:57.906000',NULL,NULL),(392,'plugin::content-manager.explorer.create','api::trucking.trucking','{\"fields\":[\"banner\",\"description\",\"intro_img\",\"sub_intro_img\",\"internal_img\",\"international_img\",\"intro_features.icon\",\"intro_features.title\",\"intro_features.description\",\"internal_features.title\",\"internal_features.description\",\"international_features.title\",\"international_features.description\",\"other.title\",\"other.image\",\"other.link\",\"SEO.metaTitle\",\"SEO.metaDescription\",\"SEO.metaImage\",\"SEO.metaSocial.socialNetwork\",\"SEO.metaSocial.title\",\"SEO.metaSocial.description\",\"SEO.metaSocial.image\",\"SEO.keywords\",\"SEO.metaRobots\",\"SEO.structuredData\",\"SEO.metaViewport\",\"SEO.canonicalURL\",\"internal_price_table.title\",\"internal_price_table.price_image\",\"international_price_table.title\",\"international_price_table.price_image\"],\"locales\":[\"en\",\"vi-VN\"]}','[]','2023-05-31 03:35:52.423000','2023-05-31 03:35:52.423000',NULL,NULL),(393,'plugin::content-manager.explorer.read','api::trucking.trucking','{\"fields\":[\"banner\",\"description\",\"intro_img\",\"sub_intro_img\",\"internal_img\",\"international_img\",\"intro_features.icon\",\"intro_features.title\",\"intro_features.description\",\"internal_features.title\",\"internal_features.description\",\"international_features.title\",\"international_features.description\",\"other.title\",\"other.image\",\"other.link\",\"SEO.metaTitle\",\"SEO.metaDescription\",\"SEO.metaImage\",\"SEO.metaSocial.socialNetwork\",\"SEO.metaSocial.title\",\"SEO.metaSocial.description\",\"SEO.metaSocial.image\",\"SEO.keywords\",\"SEO.metaRobots\",\"SEO.structuredData\",\"SEO.metaViewport\",\"SEO.canonicalURL\",\"internal_price_table.title\",\"internal_price_table.price_image\",\"international_price_table.title\",\"international_price_table.price_image\"],\"locales\":[\"en\",\"vi-VN\"]}','[]','2023-05-31 03:35:52.432000','2023-05-31 03:35:52.432000',NULL,NULL),(394,'plugin::content-manager.explorer.update','api::trucking.trucking','{\"fields\":[\"banner\",\"description\",\"intro_img\",\"sub_intro_img\",\"internal_img\",\"international_img\",\"intro_features.icon\",\"intro_features.title\",\"intro_features.description\",\"internal_features.title\",\"internal_features.description\",\"international_features.title\",\"international_features.description\",\"other.title\",\"other.image\",\"other.link\",\"SEO.metaTitle\",\"SEO.metaDescription\",\"SEO.metaImage\",\"SEO.metaSocial.socialNetwork\",\"SEO.metaSocial.title\",\"SEO.metaSocial.description\",\"SEO.metaSocial.image\",\"SEO.keywords\",\"SEO.metaRobots\",\"SEO.structuredData\",\"SEO.metaViewport\",\"SEO.canonicalURL\",\"internal_price_table.title\",\"internal_price_table.price_image\",\"international_price_table.title\",\"international_price_table.price_image\"],\"locales\":[\"en\",\"vi-VN\"]}','[]','2023-05-31 03:35:52.437000','2023-05-31 03:35:52.437000',NULL,NULL),(395,'plugin::content-manager.explorer.create','api::custom.custom','{\"fields\":[\"infomation.description\",\"infomation.info_img\",\"infomation.info_sub_img\",\"infomation.advantage.title\",\"procedures.text\",\"procedures.is_active\",\"bg_price\",\"banner\",\"SEO.metaTitle\",\"SEO.metaDescription\",\"SEO.metaImage\",\"SEO.metaSocial.socialNetwork\",\"SEO.metaSocial.title\",\"SEO.metaSocial.description\",\"SEO.metaSocial.image\",\"SEO.keywords\",\"SEO.metaRobots\",\"SEO.structuredData\",\"SEO.metaViewport\",\"SEO.canonicalURL\",\"price_table.title\",\"price_table.price_image\"],\"locales\":[\"en\",\"vi-VN\"]}','[]','2023-05-31 04:35:51.516000','2023-05-31 04:35:51.516000',NULL,NULL),(396,'plugin::content-manager.explorer.read','api::custom.custom','{\"fields\":[\"infomation.description\",\"infomation.info_img\",\"infomation.info_sub_img\",\"infomation.advantage.title\",\"procedures.text\",\"procedures.is_active\",\"bg_price\",\"banner\",\"SEO.metaTitle\",\"SEO.metaDescription\",\"SEO.metaImage\",\"SEO.metaSocial.socialNetwork\",\"SEO.metaSocial.title\",\"SEO.metaSocial.description\",\"SEO.metaSocial.image\",\"SEO.keywords\",\"SEO.metaRobots\",\"SEO.structuredData\",\"SEO.metaViewport\",\"SEO.canonicalURL\",\"price_table.title\",\"price_table.price_image\"],\"locales\":[\"en\",\"vi-VN\"]}','[]','2023-05-31 04:35:51.524000','2023-05-31 04:35:51.524000',NULL,NULL),(397,'plugin::content-manager.explorer.update','api::custom.custom','{\"fields\":[\"infomation.description\",\"infomation.info_img\",\"infomation.info_sub_img\",\"infomation.advantage.title\",\"procedures.text\",\"procedures.is_active\",\"bg_price\",\"banner\",\"SEO.metaTitle\",\"SEO.metaDescription\",\"SEO.metaImage\",\"SEO.metaSocial.socialNetwork\",\"SEO.metaSocial.title\",\"SEO.metaSocial.description\",\"SEO.metaSocial.image\",\"SEO.keywords\",\"SEO.metaRobots\",\"SEO.structuredData\",\"SEO.metaViewport\",\"SEO.canonicalURL\",\"price_table.title\",\"price_table.price_image\"],\"locales\":[\"en\",\"vi-VN\"]}','[]','2023-05-31 04:35:51.529000','2023-05-31 04:35:51.529000',NULL,NULL),(398,'plugin::content-manager.explorer.create','api::warehouse.warehouse','{\"fields\":[\"banner\",\"infomation.description\",\"infomation.info_img\",\"infomation.info_sub_img\",\"infomation.advantage.title\",\"bg_price\",\"SEO.metaTitle\",\"SEO.metaDescription\",\"SEO.metaImage\",\"SEO.metaSocial.socialNetwork\",\"SEO.metaSocial.title\",\"SEO.metaSocial.description\",\"SEO.metaSocial.image\",\"SEO.keywords\",\"SEO.metaRobots\",\"SEO.structuredData\",\"SEO.metaViewport\",\"SEO.canonicalURL\",\"price_table.title\",\"price_table.price_image\"],\"locales\":[\"en\",\"vi-VN\"]}','[]','2023-05-31 04:36:28.637000','2023-05-31 04:36:28.637000',NULL,NULL),(399,'plugin::content-manager.explorer.read','api::warehouse.warehouse','{\"fields\":[\"banner\",\"infomation.description\",\"infomation.info_img\",\"infomation.info_sub_img\",\"infomation.advantage.title\",\"bg_price\",\"SEO.metaTitle\",\"SEO.metaDescription\",\"SEO.metaImage\",\"SEO.metaSocial.socialNetwork\",\"SEO.metaSocial.title\",\"SEO.metaSocial.description\",\"SEO.metaSocial.image\",\"SEO.keywords\",\"SEO.metaRobots\",\"SEO.structuredData\",\"SEO.metaViewport\",\"SEO.canonicalURL\",\"price_table.title\",\"price_table.price_image\"],\"locales\":[\"en\",\"vi-VN\"]}','[]','2023-05-31 04:36:28.645000','2023-05-31 04:36:28.645000',NULL,NULL),(400,'plugin::content-manager.explorer.update','api::warehouse.warehouse','{\"fields\":[\"banner\",\"infomation.description\",\"infomation.info_img\",\"infomation.info_sub_img\",\"infomation.advantage.title\",\"bg_price\",\"SEO.metaTitle\",\"SEO.metaDescription\",\"SEO.metaImage\",\"SEO.metaSocial.socialNetwork\",\"SEO.metaSocial.title\",\"SEO.metaSocial.description\",\"SEO.metaSocial.image\",\"SEO.keywords\",\"SEO.metaRobots\",\"SEO.structuredData\",\"SEO.metaViewport\",\"SEO.canonicalURL\",\"price_table.title\",\"price_table.price_image\"],\"locales\":[\"en\",\"vi-VN\"]}','[]','2023-05-31 04:36:28.649000','2023-05-31 04:36:28.649000',NULL,NULL),(401,'plugin::content-manager.explorer.create','api::endpoint-delivery.endpoint-delivery','{\"fields\":[\"banner\",\"infomation.description\",\"infomation.info_img\",\"infomation.info_sub_img\",\"infomation.advantage.title\",\"bg_price\",\"SEO.metaTitle\",\"SEO.metaDescription\",\"SEO.metaImage\",\"SEO.metaSocial.socialNetwork\",\"SEO.metaSocial.title\",\"SEO.metaSocial.description\",\"SEO.metaSocial.image\",\"SEO.keywords\",\"SEO.metaRobots\",\"SEO.structuredData\",\"SEO.metaViewport\",\"SEO.canonicalURL\",\"price_table.title\",\"price_table.price_image\"],\"locales\":[\"en\",\"vi-VN\"]}','[]','2023-05-31 04:36:54.763000','2023-05-31 04:36:54.763000',NULL,NULL),(402,'plugin::content-manager.explorer.read','api::endpoint-delivery.endpoint-delivery','{\"fields\":[\"banner\",\"infomation.description\",\"infomation.info_img\",\"infomation.info_sub_img\",\"infomation.advantage.title\",\"bg_price\",\"SEO.metaTitle\",\"SEO.metaDescription\",\"SEO.metaImage\",\"SEO.metaSocial.socialNetwork\",\"SEO.metaSocial.title\",\"SEO.metaSocial.description\",\"SEO.metaSocial.image\",\"SEO.keywords\",\"SEO.metaRobots\",\"SEO.structuredData\",\"SEO.metaViewport\",\"SEO.canonicalURL\",\"price_table.title\",\"price_table.price_image\"],\"locales\":[\"en\",\"vi-VN\"]}','[]','2023-05-31 04:36:54.772000','2023-05-31 04:36:54.772000',NULL,NULL),(403,'plugin::content-manager.explorer.update','api::endpoint-delivery.endpoint-delivery','{\"fields\":[\"banner\",\"infomation.description\",\"infomation.info_img\",\"infomation.info_sub_img\",\"infomation.advantage.title\",\"bg_price\",\"SEO.metaTitle\",\"SEO.metaDescription\",\"SEO.metaImage\",\"SEO.metaSocial.socialNetwork\",\"SEO.metaSocial.title\",\"SEO.metaSocial.description\",\"SEO.metaSocial.image\",\"SEO.keywords\",\"SEO.metaRobots\",\"SEO.structuredData\",\"SEO.metaViewport\",\"SEO.canonicalURL\",\"price_table.title\",\"price_table.price_image\"],\"locales\":[\"en\",\"vi-VN\"]}','[]','2023-05-31 04:36:54.777000','2023-05-31 04:36:54.777000',NULL,NULL),(404,'plugin::content-manager.explorer.create','api::packing.packing','{\"fields\":[\"banner\",\"infomation.description\",\"infomation.info_img\",\"infomation.info_sub_img\",\"infomation.advantage.title\",\"bg_price\",\"SEO.metaTitle\",\"SEO.metaDescription\",\"SEO.metaImage\",\"SEO.metaSocial.socialNetwork\",\"SEO.metaSocial.title\",\"SEO.metaSocial.description\",\"SEO.metaSocial.image\",\"SEO.keywords\",\"SEO.metaRobots\",\"SEO.structuredData\",\"SEO.metaViewport\",\"SEO.canonicalURL\",\"price_table.title\",\"price_table.price_image\"],\"locales\":[\"en\",\"vi-VN\"]}','[]','2023-05-31 04:37:32.412000','2023-05-31 04:37:32.412000',NULL,NULL),(405,'plugin::content-manager.explorer.read','api::packing.packing','{\"fields\":[\"banner\",\"infomation.description\",\"infomation.info_img\",\"infomation.info_sub_img\",\"infomation.advantage.title\",\"bg_price\",\"SEO.metaTitle\",\"SEO.metaDescription\",\"SEO.metaImage\",\"SEO.metaSocial.socialNetwork\",\"SEO.metaSocial.title\",\"SEO.metaSocial.description\",\"SEO.metaSocial.image\",\"SEO.keywords\",\"SEO.metaRobots\",\"SEO.structuredData\",\"SEO.metaViewport\",\"SEO.canonicalURL\",\"price_table.title\",\"price_table.price_image\"],\"locales\":[\"en\",\"vi-VN\"]}','[]','2023-05-31 04:37:32.423000','2023-05-31 04:37:32.423000',NULL,NULL),(406,'plugin::content-manager.explorer.update','api::packing.packing','{\"fields\":[\"banner\",\"infomation.description\",\"infomation.info_img\",\"infomation.info_sub_img\",\"infomation.advantage.title\",\"bg_price\",\"SEO.metaTitle\",\"SEO.metaDescription\",\"SEO.metaImage\",\"SEO.metaSocial.socialNetwork\",\"SEO.metaSocial.title\",\"SEO.metaSocial.description\",\"SEO.metaSocial.image\",\"SEO.keywords\",\"SEO.metaRobots\",\"SEO.structuredData\",\"SEO.metaViewport\",\"SEO.canonicalURL\",\"price_table.title\",\"price_table.price_image\"],\"locales\":[\"en\",\"vi-VN\"]}','[]','2023-05-31 04:37:32.428000','2023-05-31 04:37:32.428000',NULL,NULL),(413,'plugin::content-manager.explorer.create','api::contact.contact','{\"fields\":[\"banner\",\"contacts.title\",\"contacts.icon\",\"contacts.description\",\"contacts.role\",\"contacts.email\",\"contacts.hotline\",\"contacts.formatted_hotline\",\"SEO.metaTitle\",\"SEO.metaDescription\",\"SEO.metaImage\",\"SEO.metaSocial.socialNetwork\",\"SEO.metaSocial.title\",\"SEO.metaSocial.description\",\"SEO.metaSocial.image\",\"SEO.keywords\",\"SEO.metaRobots\",\"SEO.structuredData\",\"SEO.metaViewport\",\"SEO.canonicalURL\"],\"locales\":[\"en\",\"vi-VN\"]}','[]','2023-06-01 18:54:35.191000','2023-06-01 18:54:35.191000',NULL,NULL),(414,'plugin::content-manager.explorer.read','api::contact.contact','{\"fields\":[\"banner\",\"contacts.title\",\"contacts.icon\",\"contacts.description\",\"contacts.role\",\"contacts.email\",\"contacts.hotline\",\"contacts.formatted_hotline\",\"SEO.metaTitle\",\"SEO.metaDescription\",\"SEO.metaImage\",\"SEO.metaSocial.socialNetwork\",\"SEO.metaSocial.title\",\"SEO.metaSocial.description\",\"SEO.metaSocial.image\",\"SEO.keywords\",\"SEO.metaRobots\",\"SEO.structuredData\",\"SEO.metaViewport\",\"SEO.canonicalURL\"],\"locales\":[\"en\",\"vi-VN\"]}','[]','2023-06-01 18:54:35.198000','2023-06-01 18:54:35.198000',NULL,NULL),(415,'plugin::content-manager.explorer.update','api::contact.contact','{\"fields\":[\"banner\",\"contacts.title\",\"contacts.icon\",\"contacts.description\",\"contacts.role\",\"contacts.email\",\"contacts.hotline\",\"contacts.formatted_hotline\",\"SEO.metaTitle\",\"SEO.metaDescription\",\"SEO.metaImage\",\"SEO.metaSocial.socialNetwork\",\"SEO.metaSocial.title\",\"SEO.metaSocial.description\",\"SEO.metaSocial.image\",\"SEO.keywords\",\"SEO.metaRobots\",\"SEO.structuredData\",\"SEO.metaViewport\",\"SEO.canonicalURL\"],\"locales\":[\"en\",\"vi-VN\"]}','[]','2023-06-01 18:54:35.202000','2023-06-01 18:54:35.202000',NULL,NULL),(425,'plugin::content-manager.explorer.create','api::list-new.list-new','{\"fields\":[\"banner\",\"type\"],\"locales\":[\"en\",\"vi-VN\"]}','[]','2023-06-02 04:39:56.832000','2023-06-02 04:39:56.832000',NULL,NULL),(426,'plugin::content-manager.explorer.read','api::list-new.list-new','{\"fields\":[\"banner\",\"type\"],\"locales\":[\"en\",\"vi-VN\"]}','[]','2023-06-02 04:39:56.838000','2023-06-02 04:39:56.838000',NULL,NULL),(427,'plugin::content-manager.explorer.update','api::list-new.list-new','{\"fields\":[\"banner\",\"type\"],\"locales\":[\"en\",\"vi-VN\"]}','[]','2023-06-02 04:39:56.844000','2023-06-02 04:39:56.844000',NULL,NULL),(431,'plugin::content-manager.explorer.create','api::news.news','{\"fields\":[\"title\",\"type\",\"featured_image\",\"relevants\",\"news\",\"SEO.metaTitle\",\"SEO.metaDescription\",\"SEO.metaImage\",\"SEO.metaSocial.socialNetwork\",\"SEO.metaSocial.title\",\"SEO.metaSocial.description\",\"SEO.metaSocial.image\",\"SEO.keywords\",\"SEO.metaRobots\",\"SEO.structuredData\",\"SEO.metaViewport\",\"SEO.canonicalURL\",\"is_hot\",\"preview_content\",\"slug\",\"page_view\",\"like\",\"dislike\",\"contents\"],\"locales\":[\"en\",\"vi-VN\"]}','[]','2023-06-02 08:02:30.672000','2023-06-02 08:02:30.672000',NULL,NULL),(432,'plugin::content-manager.explorer.read','api::news.news','{\"fields\":[\"title\",\"type\",\"featured_image\",\"relevants\",\"news\",\"SEO.metaTitle\",\"SEO.metaDescription\",\"SEO.metaImage\",\"SEO.metaSocial.socialNetwork\",\"SEO.metaSocial.title\",\"SEO.metaSocial.description\",\"SEO.metaSocial.image\",\"SEO.keywords\",\"SEO.metaRobots\",\"SEO.structuredData\",\"SEO.metaViewport\",\"SEO.canonicalURL\",\"is_hot\",\"preview_content\",\"slug\",\"page_view\",\"like\",\"dislike\",\"contents\"],\"locales\":[\"en\",\"vi-VN\"]}','[]','2023-06-02 08:02:30.679000','2023-06-02 08:02:30.679000',NULL,NULL),(433,'plugin::content-manager.explorer.update','api::news.news','{\"fields\":[\"title\",\"type\",\"featured_image\",\"relevants\",\"news\",\"SEO.metaTitle\",\"SEO.metaDescription\",\"SEO.metaImage\",\"SEO.metaSocial.socialNetwork\",\"SEO.metaSocial.title\",\"SEO.metaSocial.description\",\"SEO.metaSocial.image\",\"SEO.keywords\",\"SEO.metaRobots\",\"SEO.structuredData\",\"SEO.metaViewport\",\"SEO.canonicalURL\",\"is_hot\",\"preview_content\",\"slug\",\"page_view\",\"like\",\"dislike\",\"contents\"],\"locales\":[\"en\",\"vi-VN\"]}','[]','2023-06-02 08:02:30.685000','2023-06-02 08:02:30.685000',NULL,NULL),(440,'plugin::content-manager.explorer.create','api::home.home','{\"fields\":[\"abouts.is_plus\",\"abouts.heading\",\"abouts.subject\",\"abouts.detail\",\"features.icon\",\"features.title\",\"home_tabs.image\",\"home_tabs.title\",\"services.icon\",\"services.title\",\"services.background\",\"services.url\",\"services.subs.title\",\"services.subs.url\",\"lookups.title\",\"lookups.background\",\"lookups.contacts.name\",\"lookups.contacts.phone\",\"lookups.contacts.phone_displayed\",\"partners.url\",\"partners.image\",\"SEO.metaTitle\",\"SEO.metaDescription\",\"SEO.metaImage\",\"SEO.metaSocial.socialNetwork\",\"SEO.metaSocial.title\",\"SEO.metaSocial.description\",\"SEO.metaSocial.image\",\"SEO.keywords\",\"SEO.metaRobots\",\"SEO.structuredData\",\"SEO.metaViewport\",\"SEO.canonicalURL\",\"banners.image\",\"banners.url\"],\"locales\":[\"en\",\"vi-VN\"]}','[]','2023-06-05 02:37:47.095000','2023-06-05 02:37:47.095000',NULL,NULL),(442,'plugin::content-manager.explorer.read','api::home.home','{\"fields\":[\"abouts.is_plus\",\"abouts.heading\",\"abouts.subject\",\"abouts.detail\",\"features.icon\",\"features.title\",\"home_tabs.image\",\"home_tabs.title\",\"services.icon\",\"services.title\",\"services.background\",\"services.url\",\"services.subs.title\",\"services.subs.url\",\"lookups.title\",\"lookups.background\",\"lookups.contacts.name\",\"lookups.contacts.phone\",\"lookups.contacts.phone_displayed\",\"partners.url\",\"partners.image\",\"SEO.metaTitle\",\"SEO.metaDescription\",\"SEO.metaImage\",\"SEO.metaSocial.socialNetwork\",\"SEO.metaSocial.title\",\"SEO.metaSocial.description\",\"SEO.metaSocial.image\",\"SEO.keywords\",\"SEO.metaRobots\",\"SEO.structuredData\",\"SEO.metaViewport\",\"SEO.canonicalURL\",\"banners.image\",\"banners.url\"],\"locales\":[\"en\",\"vi-VN\"]}','[]','2023-06-05 02:37:47.106000','2023-06-05 02:37:47.106000',NULL,NULL),(444,'plugin::content-manager.explorer.update','api::home.home','{\"fields\":[\"abouts.is_plus\",\"abouts.heading\",\"abouts.subject\",\"abouts.detail\",\"features.icon\",\"features.title\",\"home_tabs.image\",\"home_tabs.title\",\"services.icon\",\"services.title\",\"services.background\",\"services.url\",\"services.subs.title\",\"services.subs.url\",\"lookups.title\",\"lookups.background\",\"lookups.contacts.name\",\"lookups.contacts.phone\",\"lookups.contacts.phone_displayed\",\"partners.url\",\"partners.image\",\"SEO.metaTitle\",\"SEO.metaDescription\",\"SEO.metaImage\",\"SEO.metaSocial.socialNetwork\",\"SEO.metaSocial.title\",\"SEO.metaSocial.description\",\"SEO.metaSocial.image\",\"SEO.keywords\",\"SEO.metaRobots\",\"SEO.structuredData\",\"SEO.metaViewport\",\"SEO.canonicalURL\",\"banners.image\",\"banners.url\"],\"locales\":[\"en\",\"vi-VN\"]}','[]','2023-06-05 02:37:47.115000','2023-06-05 02:37:47.115000',NULL,NULL),(452,'plugin::content-manager.explorer.create','api::introduce.introduce','{\"fields\":[\"banner\",\"general.image\",\"general.sub_image\",\"general.title\",\"general.content\",\"mission.image\",\"mission.description\",\"mission.properties.title\",\"mission.introduce.title\",\"mission.introduce.icon\",\"mission.introduce.number\",\"core_values.images\",\"core_values.center_customer_title\",\"core_values.center_customer_content\",\"core_values.kindness_title\",\"core_values.kindness_content.title\",\"reasons_choose_we.image\",\"reasons_choose_we.description\",\"reasons_choose_we.reasons.icon\",\"reasons_choose_we.reasons.title\",\"reasons_choose_we.reasons.description\",\"other.image\",\"other.title\",\"other.content\",\"other.link\",\"SEO.metaTitle\",\"SEO.metaDescription\",\"SEO.metaImage\",\"SEO.metaSocial.socialNetwork\",\"SEO.metaSocial.title\",\"SEO.metaSocial.description\",\"SEO.metaSocial.image\",\"SEO.keywords\",\"SEO.metaRobots\",\"SEO.structuredData\",\"SEO.metaViewport\",\"SEO.canonicalURL\"],\"locales\":[\"en\",\"vi-VN\"]}','[]','2023-06-06 01:59:40.766000','2023-06-06 01:59:40.766000',NULL,NULL),(453,'plugin::content-manager.explorer.read','api::introduce.introduce','{\"fields\":[\"banner\",\"general.image\",\"general.sub_image\",\"general.title\",\"general.content\",\"mission.image\",\"mission.description\",\"mission.properties.title\",\"mission.introduce.title\",\"mission.introduce.icon\",\"mission.introduce.number\",\"core_values.images\",\"core_values.center_customer_title\",\"core_values.center_customer_content\",\"core_values.kindness_title\",\"core_values.kindness_content.title\",\"reasons_choose_we.image\",\"reasons_choose_we.description\",\"reasons_choose_we.reasons.icon\",\"reasons_choose_we.reasons.title\",\"reasons_choose_we.reasons.description\",\"other.image\",\"other.title\",\"other.content\",\"other.link\",\"SEO.metaTitle\",\"SEO.metaDescription\",\"SEO.metaImage\",\"SEO.metaSocial.socialNetwork\",\"SEO.metaSocial.title\",\"SEO.metaSocial.description\",\"SEO.metaSocial.image\",\"SEO.keywords\",\"SEO.metaRobots\",\"SEO.structuredData\",\"SEO.metaViewport\",\"SEO.canonicalURL\"],\"locales\":[\"en\",\"vi-VN\"]}','[]','2023-06-06 01:59:40.773000','2023-06-06 01:59:40.773000',NULL,NULL),(454,'plugin::content-manager.explorer.update','api::introduce.introduce','{\"fields\":[\"banner\",\"general.image\",\"general.sub_image\",\"general.title\",\"general.content\",\"mission.image\",\"mission.description\",\"mission.properties.title\",\"mission.introduce.title\",\"mission.introduce.icon\",\"mission.introduce.number\",\"core_values.images\",\"core_values.center_customer_title\",\"core_values.center_customer_content\",\"core_values.kindness_title\",\"core_values.kindness_content.title\",\"reasons_choose_we.image\",\"reasons_choose_we.description\",\"reasons_choose_we.reasons.icon\",\"reasons_choose_we.reasons.title\",\"reasons_choose_we.reasons.description\",\"other.image\",\"other.title\",\"other.content\",\"other.link\",\"SEO.metaTitle\",\"SEO.metaDescription\",\"SEO.metaImage\",\"SEO.metaSocial.socialNetwork\",\"SEO.metaSocial.title\",\"SEO.metaSocial.description\",\"SEO.metaSocial.image\",\"SEO.keywords\",\"SEO.metaRobots\",\"SEO.structuredData\",\"SEO.metaViewport\",\"SEO.canonicalURL\"],\"locales\":[\"en\",\"vi-VN\"]}','[]','2023-06-06 01:59:40.778000','2023-06-06 01:59:40.778000',NULL,NULL),(475,'plugin::content-manager.explorer.delete','api::rail-transportation.rail-transportation','{\"locales\":[\"en\",\"vi-VN\"]}','[]','2023-06-08 03:30:55.138000','2023-06-08 03:30:55.138000',NULL,NULL),(476,'plugin::content-manager.explorer.publish','api::rail-transportation.rail-transportation','{\"locales\":[\"en\",\"vi-VN\"]}','[]','2023-06-08 03:30:55.143000','2023-06-08 03:30:55.143000',NULL,NULL),(504,'plugin::content-manager.explorer.create','api::order.order','{\"fields\":[\"fullname\",\"phone_number\",\"email\",\"service\",\"from\",\"to\",\"note\",\"service_type\",\"weight\"]}','[]','2023-06-08 07:36:57.270000','2023-06-08 07:36:57.270000',NULL,NULL),(505,'plugin::content-manager.explorer.read','api::order.order','{\"fields\":[\"fullname\",\"phone_number\",\"email\",\"service\",\"from\",\"to\",\"note\",\"service_type\",\"weight\"]}','[]','2023-06-08 07:36:57.276000','2023-06-08 07:36:57.276000',NULL,NULL),(506,'plugin::content-manager.explorer.update','api::order.order','{\"fields\":[\"fullname\",\"phone_number\",\"email\",\"service\",\"from\",\"to\",\"note\",\"service_type\",\"weight\"]}','[]','2023-06-08 07:36:57.282000','2023-06-08 07:36:57.282000',NULL,NULL),(507,'plugin::content-manager.explorer.delete','api::order.order','{}','[]','2023-06-08 07:36:57.287000','2023-06-08 07:36:57.287000',NULL,NULL),(511,'plugin::content-manager.explorer.delete','api::sea-transport.sea-transport','{\"locales\":[\"en\",\"vi-VN\"]}','[]','2023-06-08 07:43:56.631000','2023-06-08 07:43:56.631000',NULL,NULL),(539,'plugin::content-manager.explorer.delete','api::air-transport.air-transport','{\"locales\":[\"en\",\"vi-VN\"]}','[]','2023-06-09 02:56:02.811000','2023-06-09 02:56:02.811000',NULL,NULL),(555,'plugin::content-manager.explorer.create','api::rail-transportation.rail-transportation','{\"fields\":[\"description\",\"features.icon\",\"features.number\",\"features.object\",\"features.title\",\"services.title\",\"service_image\",\"advantages.title\",\"advantag_image\",\"others.title\",\"others.image\",\"others.link\",\"SEO.metaTitle\",\"SEO.metaDescription\",\"SEO.metaImage\",\"SEO.metaSocial.socialNetwork\",\"SEO.metaSocial.title\",\"SEO.metaSocial.description\",\"SEO.metaSocial.image\",\"SEO.keywords\",\"SEO.metaRobots\",\"SEO.structuredData\",\"SEO.metaViewport\",\"SEO.canonicalURL\",\"banner\",\"price_table.title\",\"price_table.price_image\"],\"locales\":[\"en\",\"vi-VN\"]}','[]','2023-06-09 03:10:14.497000','2023-06-09 03:10:14.497000',NULL,NULL),(556,'plugin::content-manager.explorer.create','api::sea-transport.sea-transport','{\"fields\":[\"banner\",\"description\",\"features.from\",\"features.to\",\"features.unit\",\"features.title\",\"features.image\",\"domestic_services.title\",\"domestic_image\",\"services.icon\",\"services.title\",\"services.name\",\"services.price_table.title\",\"services.price_table.price_image\",\"services.properties.title\",\"SEO.metaTitle\",\"SEO.metaDescription\",\"SEO.metaImage\",\"SEO.metaSocial.socialNetwork\",\"SEO.metaSocial.title\",\"SEO.metaSocial.description\",\"SEO.metaSocial.image\",\"SEO.keywords\",\"SEO.metaRobots\",\"SEO.structuredData\",\"SEO.metaViewport\",\"SEO.canonicalURL\",\"others.title\",\"others.image\",\"others.link\",\"domestic_price.title\",\"domestic_price.price_image\"],\"locales\":[\"en\",\"vi-VN\"]}','[]','2023-06-09 03:10:14.503000','2023-06-09 03:10:14.503000',NULL,NULL),(557,'plugin::content-manager.explorer.read','api::rail-transportation.rail-transportation','{\"fields\":[\"description\",\"features.icon\",\"features.number\",\"features.object\",\"features.title\",\"services.title\",\"service_image\",\"advantages.title\",\"advantag_image\",\"others.title\",\"others.image\",\"others.link\",\"SEO.metaTitle\",\"SEO.metaDescription\",\"SEO.metaImage\",\"SEO.metaSocial.socialNetwork\",\"SEO.metaSocial.title\",\"SEO.metaSocial.description\",\"SEO.metaSocial.image\",\"SEO.keywords\",\"SEO.metaRobots\",\"SEO.structuredData\",\"SEO.metaViewport\",\"SEO.canonicalURL\",\"banner\",\"price_table.title\",\"price_table.price_image\"],\"locales\":[\"en\",\"vi-VN\"]}','[]','2023-06-09 03:10:14.507000','2023-06-09 03:10:14.507000',NULL,NULL),(558,'plugin::content-manager.explorer.read','api::sea-transport.sea-transport','{\"fields\":[\"banner\",\"description\",\"features.from\",\"features.to\",\"features.unit\",\"features.title\",\"features.image\",\"domestic_services.title\",\"domestic_image\",\"services.icon\",\"services.title\",\"services.name\",\"services.price_table.title\",\"services.price_table.price_image\",\"services.properties.title\",\"SEO.metaTitle\",\"SEO.metaDescription\",\"SEO.metaImage\",\"SEO.metaSocial.socialNetwork\",\"SEO.metaSocial.title\",\"SEO.metaSocial.description\",\"SEO.metaSocial.image\",\"SEO.keywords\",\"SEO.metaRobots\",\"SEO.structuredData\",\"SEO.metaViewport\",\"SEO.canonicalURL\",\"others.title\",\"others.image\",\"others.link\",\"domestic_price.title\",\"domestic_price.price_image\"],\"locales\":[\"en\",\"vi-VN\"]}','[]','2023-06-09 03:10:14.512000','2023-06-09 03:10:14.512000',NULL,NULL),(559,'plugin::content-manager.explorer.update','api::rail-transportation.rail-transportation','{\"fields\":[\"description\",\"features.icon\",\"features.number\",\"features.object\",\"features.title\",\"services.title\",\"service_image\",\"advantages.title\",\"advantag_image\",\"others.title\",\"others.image\",\"others.link\",\"SEO.metaTitle\",\"SEO.metaDescription\",\"SEO.metaImage\",\"SEO.metaSocial.socialNetwork\",\"SEO.metaSocial.title\",\"SEO.metaSocial.description\",\"SEO.metaSocial.image\",\"SEO.keywords\",\"SEO.metaRobots\",\"SEO.structuredData\",\"SEO.metaViewport\",\"SEO.canonicalURL\",\"banner\",\"price_table.title\",\"price_table.price_image\"],\"locales\":[\"en\",\"vi-VN\"]}','[]','2023-06-09 03:10:14.517000','2023-06-09 03:10:14.517000',NULL,NULL),(560,'plugin::content-manager.explorer.update','api::sea-transport.sea-transport','{\"fields\":[\"banner\",\"description\",\"features.from\",\"features.to\",\"features.unit\",\"features.title\",\"features.image\",\"domestic_services.title\",\"domestic_image\",\"services.icon\",\"services.title\",\"services.name\",\"services.price_table.title\",\"services.price_table.price_image\",\"services.properties.title\",\"SEO.metaTitle\",\"SEO.metaDescription\",\"SEO.metaImage\",\"SEO.metaSocial.socialNetwork\",\"SEO.metaSocial.title\",\"SEO.metaSocial.description\",\"SEO.metaSocial.image\",\"SEO.keywords\",\"SEO.metaRobots\",\"SEO.structuredData\",\"SEO.metaViewport\",\"SEO.canonicalURL\",\"others.title\",\"others.image\",\"others.link\",\"domestic_price.title\",\"domestic_price.price_image\"],\"locales\":[\"en\",\"vi-VN\"]}','[]','2023-06-09 03:10:14.521000','2023-06-09 03:10:14.521000',NULL,NULL),(564,'plugin::content-manager.explorer.create','api::air-transport.air-transport','{\"fields\":[\"banner\",\"description\",\"features.icon\",\"features.title\",\"domestic_price.title\",\"domestic_price.price_image\",\"domestic_image\",\"international_price_table.title\",\"international_price_table.price_image\",\"others.title\",\"others.image\",\"others.link\",\"SEO.metaTitle\",\"SEO.metaDescription\",\"SEO.metaImage\",\"SEO.metaSocial.socialNetwork\",\"SEO.metaSocial.title\",\"SEO.metaSocial.description\",\"SEO.metaSocial.image\",\"SEO.keywords\",\"SEO.metaRobots\",\"SEO.structuredData\",\"SEO.metaViewport\",\"SEO.canonicalURL\",\"domestic_services.title\",\"international_services.title\",\"international_image\"],\"locales\":[\"en\",\"vi-VN\"]}','[]','2023-06-09 03:12:39.980000','2023-06-09 03:12:39.980000',NULL,NULL),(565,'plugin::content-manager.explorer.read','api::air-transport.air-transport','{\"fields\":[\"banner\",\"description\",\"features.icon\",\"features.title\",\"domestic_price.title\",\"domestic_price.price_image\",\"domestic_image\",\"international_price_table.title\",\"international_price_table.price_image\",\"others.title\",\"others.image\",\"others.link\",\"SEO.metaTitle\",\"SEO.metaDescription\",\"SEO.metaImage\",\"SEO.metaSocial.socialNetwork\",\"SEO.metaSocial.title\",\"SEO.metaSocial.description\",\"SEO.metaSocial.image\",\"SEO.keywords\",\"SEO.metaRobots\",\"SEO.structuredData\",\"SEO.metaViewport\",\"SEO.canonicalURL\",\"domestic_services.title\",\"international_services.title\",\"international_image\"],\"locales\":[\"en\",\"vi-VN\"]}','[]','2023-06-09 03:12:39.986000','2023-06-09 03:12:39.986000',NULL,NULL),(566,'plugin::content-manager.explorer.update','api::air-transport.air-transport','{\"fields\":[\"banner\",\"description\",\"features.icon\",\"features.title\",\"domestic_price.title\",\"domestic_price.price_image\",\"domestic_image\",\"international_price_table.title\",\"international_price_table.price_image\",\"others.title\",\"others.image\",\"others.link\",\"SEO.metaTitle\",\"SEO.metaDescription\",\"SEO.metaImage\",\"SEO.metaSocial.socialNetwork\",\"SEO.metaSocial.title\",\"SEO.metaSocial.description\",\"SEO.metaSocial.image\",\"SEO.keywords\",\"SEO.metaRobots\",\"SEO.structuredData\",\"SEO.metaViewport\",\"SEO.canonicalURL\",\"domestic_services.title\",\"international_services.title\",\"international_image\"],\"locales\":[\"en\",\"vi-VN\"]}','[]','2023-06-09 03:12:39.992000','2023-06-09 03:12:39.992000',NULL,NULL);
/*!40000 ALTER TABLE `admin_permissions` ENABLE KEYS */;
UNLOCK TABLES;

--
-- Table structure for table `admin_permissions_role_links`
--

DROP TABLE IF EXISTS `admin_permissions_role_links`;
/*!40101 SET @saved_cs_client     = @@character_set_client */;
/*!40101 SET character_set_client = utf8 */;
CREATE TABLE `admin_permissions_role_links` (
  `id` int(10) unsigned NOT NULL AUTO_INCREMENT,
  `permission_id` int(10) unsigned DEFAULT NULL,
  `role_id` int(10) unsigned DEFAULT NULL,
  `permission_order` double unsigned DEFAULT NULL,
  PRIMARY KEY (`id`),
  UNIQUE KEY `admin_permissions_role_links_unique` (`permission_id`,`role_id`),
  KEY `admin_permissions_role_links_fk` (`permission_id`),
  KEY `admin_permissions_role_links_inv_fk` (`role_id`),
  KEY `admin_permissions_role_links_order_inv_fk` (`permission_order`),
  CONSTRAINT `admin_permissions_role_links_fk` FOREIGN KEY (`permission_id`) REFERENCES `admin_permissions` (`id`) ON DELETE CASCADE,
  CONSTRAINT `admin_permissions_role_links_inv_fk` FOREIGN KEY (`role_id`) REFERENCES `admin_roles` (`id`) ON DELETE CASCADE
) ENGINE=InnoDB AUTO_INCREMENT=585 DEFAULT CHARSET=utf8mb4 COLLATE=utf8mb4_general_ci;
/*!40101 SET character_set_client = @saved_cs_client */;

--
-- Dumping data for table `admin_permissions_role_links`
--

LOCK TABLES `admin_permissions_role_links` WRITE;
/*!40000 ALTER TABLE `admin_permissions_role_links` DISABLE KEYS */;
INSERT INTO `admin_permissions_role_links` VALUES (1,1,2,1),(2,2,2,2),(3,3,2,3),(4,4,2,4),(5,5,2,5),(6,6,2,6),(7,7,3,1),(8,8,3,2),(9,9,3,3),(10,10,3,4),(11,11,3,5),(12,12,3,6),(13,13,1,1),(14,14,1,2),(15,15,1,3),(16,16,1,4),(17,17,1,5),(18,18,1,6),(19,19,1,7),(20,20,1,8),(21,21,1,9),(22,22,1,10),(23,23,1,11),(24,24,1,12),(25,25,1,13),(26,26,1,14),(27,27,1,15),(28,28,1,16),(29,29,1,17),(30,30,1,18),(31,31,1,19),(32,32,1,20),(33,33,1,21),(34,34,1,22),(35,35,1,23),(36,36,1,24),(37,37,1,25),(38,38,1,26),(39,39,1,27),(40,40,1,28),(41,41,1,29),(42,42,1,30),(43,43,1,31),(44,44,1,32),(45,45,1,33),(46,46,1,34),(47,47,1,35),(48,48,1,36),(49,49,1,37),(50,50,1,38),(51,51,1,39),(52,52,1,40),(53,53,1,41),(54,54,1,42),(55,55,1,43),(56,56,1,44),(57,57,1,45),(58,58,1,46),(59,59,1,47),(60,60,1,48),(61,61,1,49),(62,62,1,50),(63,63,1,51),(64,64,1,52),(65,65,1,53),(66,66,1,54),(67,67,1,55),(68,68,1,56),(69,69,1,57),(107,93,1,58),(133,128,1,66),(134,129,1,67),(162,157,1,79),(201,196,1,109),(202,197,1,110),(206,201,1,114),(207,202,1,115),(219,214,1,122),(220,215,1,123),(230,225,1,130),(231,226,1,131),(241,236,1,138),(242,237,1,139),(246,241,1,143),(247,242,1,144),(251,246,1,148),(252,247,1,149),(256,251,1,153),(257,252,1,154),(261,256,1,158),(262,257,1,159),(266,261,1,163),(288,283,1,174),(319,314,1,188),(320,315,1,189),(321,316,1,190),(322,317,1,191),(329,324,1,193),(330,325,1,194),(331,326,1,195),(332,327,1,196),(342,337,1,206),(343,338,1,207),(344,339,1,208),(345,340,1,209),(346,341,1,210),(350,345,1,214),(351,346,1,215),(352,347,1,216),(365,360,1,229),(366,361,1,230),(367,362,1,231),(382,377,1,246),(383,378,1,247),(384,379,1,248),(397,392,1,255),(398,393,1,256),(399,394,1,257),(400,395,1,258),(401,396,1,259),(402,397,1,260),(403,398,1,261),(404,399,1,262),(405,400,1,263),(406,401,1,264),(407,402,1,265),(408,403,1,266),(409,404,1,267),(410,405,1,268),(411,406,1,269),(418,413,1,273),(419,414,1,274),(420,415,1,275),(430,425,1,276),(431,426,1,277),(432,427,1,278),(436,431,1,279),(437,432,1,280),(438,433,1,281),(445,440,1,282),(447,442,1,284),(449,444,1,286),(457,452,1,287),(458,453,1,288),(459,454,1,289),(480,475,1,293),(481,476,1,294),(509,504,1,298),(510,505,1,299),(511,506,1,300),(512,507,1,301),(516,511,1,305),(544,539,1,312),(560,555,1,325),(561,556,1,326),(562,557,1,327),(563,558,1,328),(564,559,1,329),(565,560,1,330),(569,564,1,331),(570,565,1,332),(571,566,1,333);
/*!40000 ALTER TABLE `admin_permissions_role_links` ENABLE KEYS */;
UNLOCK TABLES;

--
-- Table structure for table `admin_roles`
--

DROP TABLE IF EXISTS `admin_roles`;
/*!40101 SET @saved_cs_client     = @@character_set_client */;
/*!40101 SET character_set_client = utf8 */;
CREATE TABLE `admin_roles` (
  `id` int(10) unsigned NOT NULL AUTO_INCREMENT,
  `name` varchar(255) DEFAULT NULL,
  `code` varchar(255) DEFAULT NULL,
  `description` varchar(255) DEFAULT NULL,
  `created_at` datetime(6) DEFAULT NULL,
  `updated_at` datetime(6) DEFAULT NULL,
  `created_by_id` int(10) unsigned DEFAULT NULL,
  `updated_by_id` int(10) unsigned DEFAULT NULL,
  PRIMARY KEY (`id`),
  KEY `admin_roles_created_by_id_fk` (`created_by_id`),
  KEY `admin_roles_updated_by_id_fk` (`updated_by_id`),
  CONSTRAINT `admin_roles_created_by_id_fk` FOREIGN KEY (`created_by_id`) REFERENCES `admin_users` (`id`) ON DELETE SET NULL,
  CONSTRAINT `admin_roles_updated_by_id_fk` FOREIGN KEY (`updated_by_id`) REFERENCES `admin_users` (`id`) ON DELETE SET NULL
) ENGINE=InnoDB AUTO_INCREMENT=4 DEFAULT CHARSET=utf8mb4 COLLATE=utf8mb4_general_ci;
/*!40101 SET character_set_client = @saved_cs_client */;

--
-- Dumping data for table `admin_roles`
--

LOCK TABLES `admin_roles` WRITE;
/*!40000 ALTER TABLE `admin_roles` DISABLE KEYS */;
INSERT INTO `admin_roles` VALUES (1,'Super Admin','strapi-super-admin','Super Admins can access and manage all features and settings.','2023-05-22 07:04:43.235000','2023-05-22 07:04:43.235000',NULL,NULL),(2,'Editor','strapi-editor','Editors can manage and publish contents including those of other users.','2023-05-22 07:04:43.241000','2023-05-22 07:04:43.241000',NULL,NULL),(3,'Author','strapi-author','Authors can manage the content they have created.','2023-05-22 07:04:43.244000','2023-05-22 07:04:43.244000',NULL,NULL);
/*!40000 ALTER TABLE `admin_roles` ENABLE KEYS */;
UNLOCK TABLES;

--
-- Table structure for table `admin_users`
--

DROP TABLE IF EXISTS `admin_users`;
/*!40101 SET @saved_cs_client     = @@character_set_client */;
/*!40101 SET character_set_client = utf8 */;
CREATE TABLE `admin_users` (
  `id` int(10) unsigned NOT NULL AUTO_INCREMENT,
  `firstname` varchar(255) DEFAULT NULL,
  `lastname` varchar(255) DEFAULT NULL,
  `username` varchar(255) DEFAULT NULL,
  `email` varchar(255) DEFAULT NULL,
  `password` varchar(255) DEFAULT NULL,
  `reset_password_token` varchar(255) DEFAULT NULL,
  `registration_token` varchar(255) DEFAULT NULL,
  `is_active` tinyint(1) DEFAULT NULL,
  `blocked` tinyint(1) DEFAULT NULL,
  `prefered_language` varchar(255) DEFAULT NULL,
  `created_at` datetime(6) DEFAULT NULL,
  `updated_at` datetime(6) DEFAULT NULL,
  `created_by_id` int(10) unsigned DEFAULT NULL,
  `updated_by_id` int(10) unsigned DEFAULT NULL,
  PRIMARY KEY (`id`),
  KEY `admin_users_created_by_id_fk` (`created_by_id`),
  KEY `admin_users_updated_by_id_fk` (`updated_by_id`),
  CONSTRAINT `admin_users_created_by_id_fk` FOREIGN KEY (`created_by_id`) REFERENCES `admin_users` (`id`) ON DELETE SET NULL,
  CONSTRAINT `admin_users_updated_by_id_fk` FOREIGN KEY (`updated_by_id`) REFERENCES `admin_users` (`id`) ON DELETE SET NULL
) ENGINE=InnoDB AUTO_INCREMENT=4 DEFAULT CHARSET=utf8mb4 COLLATE=utf8mb4_general_ci;
/*!40101 SET character_set_client = @saved_cs_client */;

--
-- Dumping data for table `admin_users`
--

LOCK TABLES `admin_users` WRITE;
/*!40000 ALTER TABLE `admin_users` DISABLE KEYS */;
INSERT INTO `admin_users` VALUES (1,'Viettel','Logistics',NULL,'admin@viettellogistics.com.vn','$2a$10$NHfKnK7Ok/e7BC5xYqH8hOzfL2OQsK1q3omSyKXH7cn7FXXUQfIn.',NULL,NULL,1,0,'en','2023-05-22 07:07:27.094000','2023-05-22 07:36:29.941000',NULL,NULL),(2,'Dev','Dev',NULL,'dev@wms-vtp.com','$2a$10$dMgDn9etgtef.b7OWhCCt.LaovR688cH9mc9Bzz8siIS8i.koI6F2',NULL,NULL,1,0,NULL,'2023-05-23 01:21:12.774000','2023-05-23 01:21:53.439000',NULL,NULL),(3,'Test','Test',NULL,'test@gmail.com','$2a$10$3gsavaG4i7UamlzFbw4VR.alaUQALC.916XuHyU1Dyy6VCpLxJ24W',NULL,NULL,1,0,NULL,'2023-05-23 02:15:22.873000','2023-05-23 06:45:47.757000',NULL,NULL);
/*!40000 ALTER TABLE `admin_users` ENABLE KEYS */;
UNLOCK TABLES;

--
-- Table structure for table `admin_users_roles_links`
--

DROP TABLE IF EXISTS `admin_users_roles_links`;
/*!40101 SET @saved_cs_client     = @@character_set_client */;
/*!40101 SET character_set_client = utf8 */;
CREATE TABLE `admin_users_roles_links` (
  `id` int(10) unsigned NOT NULL AUTO_INCREMENT,
  `user_id` int(10) unsigned DEFAULT NULL,
  `role_id` int(10) unsigned DEFAULT NULL,
  `role_order` double unsigned DEFAULT NULL,
  `user_order` double unsigned DEFAULT NULL,
  PRIMARY KEY (`id`),
  UNIQUE KEY `admin_users_roles_links_unique` (`user_id`,`role_id`),
  KEY `admin_users_roles_links_fk` (`user_id`),
  KEY `admin_users_roles_links_inv_fk` (`role_id`),
  KEY `admin_users_roles_links_order_fk` (`role_order`),
  KEY `admin_users_roles_links_order_inv_fk` (`user_order`),
  CONSTRAINT `admin_users_roles_links_fk` FOREIGN KEY (`user_id`) REFERENCES `admin_users` (`id`) ON DELETE CASCADE,
  CONSTRAINT `admin_users_roles_links_inv_fk` FOREIGN KEY (`role_id`) REFERENCES `admin_roles` (`id`) ON DELETE CASCADE
) ENGINE=InnoDB AUTO_INCREMENT=7 DEFAULT CHARSET=utf8mb4 COLLATE=utf8mb4_general_ci;
/*!40101 SET character_set_client = @saved_cs_client */;

--
-- Dumping data for table `admin_users_roles_links`
--

LOCK TABLES `admin_users_roles_links` WRITE;
/*!40000 ALTER TABLE `admin_users_roles_links` DISABLE KEYS */;
INSERT INTO `admin_users_roles_links` VALUES (1,1,1,1,1),(2,2,1,1,2),(3,3,1,1,3);
/*!40000 ALTER TABLE `admin_users_roles_links` ENABLE KEYS */;
UNLOCK TABLES;

--
-- Table structure for table `air_transports`
--

DROP TABLE IF EXISTS `air_transports`;
/*!40101 SET @saved_cs_client     = @@character_set_client */;
/*!40101 SET character_set_client = utf8 */;
CREATE TABLE `air_transports` (
  `id` int(10) unsigned NOT NULL AUTO_INCREMENT,
  `description` longtext DEFAULT NULL,
  `created_at` datetime(6) DEFAULT NULL,
  `updated_at` datetime(6) DEFAULT NULL,
  `created_by_id` int(10) unsigned DEFAULT NULL,
  `updated_by_id` int(10) unsigned DEFAULT NULL,
  `locale` varchar(255) DEFAULT NULL,
  PRIMARY KEY (`id`),
  KEY `air_transports_created_by_id_fk` (`created_by_id`),
  KEY `air_transports_updated_by_id_fk` (`updated_by_id`),
  CONSTRAINT `air_transports_created_by_id_fk` FOREIGN KEY (`created_by_id`) REFERENCES `admin_users` (`id`) ON DELETE SET NULL,
  CONSTRAINT `air_transports_updated_by_id_fk` FOREIGN KEY (`updated_by_id`) REFERENCES `admin_users` (`id`) ON DELETE SET NULL
) ENGINE=InnoDB AUTO_INCREMENT=3 DEFAULT CHARSET=utf8mb4 COLLATE=utf8mb4_general_ci;
/*!40101 SET character_set_client = @saved_cs_client */;

--
-- Dumping data for table `air_transports`
--

LOCK TABLES `air_transports` WRITE;
/*!40000 ALTER TABLE `air_transports` DISABLE KEYS */;
INSERT INTO `air_transports` VALUES (1,'Lm ch tt c ng bay ni a v hn 220 sn bay Quc t ln','2023-06-09 03:06:47.649000','2023-06-09 03:27:26.437000',1,1,'vi-VN'),(2,'Master all domestic routes and over 220 major international airports','2023-06-09 03:15:31.954000','2023-06-27 09:57:18.931000',1,1,'en');
/*!40000 ALTER TABLE `air_transports` ENABLE KEYS */;
UNLOCK TABLES;

--
-- Table structure for table `air_transports_components`
--

DROP TABLE IF EXISTS `air_transports_components`;
/*!40101 SET @saved_cs_client     = @@character_set_client */;
/*!40101 SET character_set_client = utf8 */;
CREATE TABLE `air_transports_components` (
  `id` int(10) unsigned NOT NULL AUTO_INCREMENT,
  `entity_id` int(10) unsigned DEFAULT NULL,
  `component_id` int(10) unsigned DEFAULT NULL,
  `component_type` varchar(255) DEFAULT NULL,
  `field` varchar(255) DEFAULT NULL,
  `order` double unsigned DEFAULT NULL,
  PRIMARY KEY (`id`),
  UNIQUE KEY `air_transports_unique` (`entity_id`,`component_id`,`field`,`component_type`),
  KEY `air_transports_field_index` (`field`),
  KEY `air_transports_component_type_index` (`component_type`),
  KEY `air_transports_entity_fk` (`entity_id`),
  CONSTRAINT `air_transports_entity_fk` FOREIGN KEY (`entity_id`) REFERENCES `air_transports` (`id`) ON DELETE CASCADE
) ENGINE=InnoDB AUTO_INCREMENT=168 DEFAULT CHARSET=utf8mb4 COLLATE=utf8mb4_general_ci;
/*!40101 SET character_set_client = @saved_cs_client */;

--
-- Dumping data for table `air_transports_components`
--

LOCK TABLES `air_transports_components` WRITE;
/*!40000 ALTER TABLE `air_transports_components` DISABLE KEYS */;
INSERT INTO `air_transports_components` VALUES (64,2,7,'air.feature','features',8),(65,2,8,'air.feature','features',10),(66,2,9,'air.feature','features',11),(67,2,59,'common.price-table','domestic_price',18),(68,2,60,'common.price-table','international_price_table',17),(69,2,111,'trucking.other-service','others',4),(70,2,112,'trucking.other-service','others',6),(71,2,113,'trucking.other-service','others',9),(72,2,114,'trucking.other-service','others',12),(73,2,136,'rail.service','domestic_services',2),(74,2,137,'rail.service','domestic_services',3),(75,2,138,'rail.service','domestic_services',5),(76,2,139,'rail.service','domestic_services',7),(77,2,140,'rail.service','international_services',1),(78,2,141,'rail.service','international_services',2),(79,2,142,'rail.service','international_services',3),(80,2,143,'rail.service','international_services',4),(90,2,111,'shared.seo','SEO',16),(99,1,10,'air.feature','features',11),(100,1,11,'air.feature','features',13),(101,1,12,'air.feature','features',14),(102,1,61,'common.price-table','domestic_price',5),(103,1,62,'common.price-table','international_price_table',7),(104,1,115,'trucking.other-service','others',4),(105,1,116,'trucking.other-service','others',9),(106,1,117,'trucking.other-service','others',10),(107,1,118,'trucking.other-service','others',12),(108,1,112,'shared.seo','SEO',1),(109,1,144,'rail.service','domestic_services',2),(110,1,145,'rail.service','domestic_services',3),(111,1,146,'rail.service','domestic_services',6),(112,1,147,'rail.service','domestic_services',8),(113,1,148,'rail.service','international_services',1),(114,1,149,'rail.service','international_services',2),(115,1,150,'rail.service','international_services',3),(116,1,151,'rail.service','international_services',4);
/*!40000 ALTER TABLE `air_transports_components` ENABLE KEYS */;
UNLOCK TABLES;

--
-- Table structure for table `air_transports_localizations_links`
--

DROP TABLE IF EXISTS `air_transports_localizations_links`;
/*!40101 SET @saved_cs_client     = @@character_set_client */;
/*!40101 SET character_set_client = utf8 */;
CREATE TABLE `air_transports_localizations_links` (
  `id` int(10) unsigned NOT NULL AUTO_INCREMENT,
  `air_transport_id` int(10) unsigned DEFAULT NULL,
  `inv_air_transport_id` int(10) unsigned DEFAULT NULL,
  `air_transport_order` double unsigned DEFAULT NULL,
  PRIMARY KEY (`id`),
  UNIQUE KEY `air_transports_localizations_links_unique` (`air_transport_id`,`inv_air_transport_id`),
  KEY `air_transports_localizations_links_fk` (`air_transport_id`),
  KEY `air_transports_localizations_links_inv_fk` (`inv_air_transport_id`),
  KEY `air_transports_localizations_links_order_fk` (`air_transport_order`),
  CONSTRAINT `air_transports_localizations_links_fk` FOREIGN KEY (`air_transport_id`) REFERENCES `air_transports` (`id`) ON DELETE CASCADE,
  CONSTRAINT `air_transports_localizations_links_inv_fk` FOREIGN KEY (`inv_air_transport_id`) REFERENCES `air_transports` (`id`) ON DELETE CASCADE
) ENGINE=InnoDB AUTO_INCREMENT=3 DEFAULT CHARSET=utf8mb4 COLLATE=utf8mb4_general_ci;
/*!40101 SET character_set_client = @saved_cs_client */;

--
-- Dumping data for table `air_transports_localizations_links`
--

LOCK TABLES `air_transports_localizations_links` WRITE;
/*!40000 ALTER TABLE `air_transports_localizations_links` DISABLE KEYS */;
INSERT INTO `air_transports_localizations_links` VALUES (1,2,1,1),(2,1,2,1);
/*!40000 ALTER TABLE `air_transports_localizations_links` ENABLE KEYS */;
UNLOCK TABLES;

--
-- Table structure for table `components_about_abouts`
--

DROP TABLE IF EXISTS `components_about_abouts`;
/*!40101 SET @saved_cs_client     = @@character_set_client */;
/*!40101 SET character_set_client = utf8 */;
CREATE TABLE `components_about_abouts` (
  `id` int(10) unsigned NOT NULL AUTO_INCREMENT,
  `is_plus` tinyint(1) DEFAULT NULL,
  `heading` int(11) DEFAULT NULL,
  `subject` varchar(255) DEFAULT NULL,
  `detail` varchar(255) DEFAULT NULL,
  PRIMARY KEY (`id`)
) ENGINE=InnoDB AUTO_INCREMENT=57 DEFAULT CHARSET=utf8mb4 COLLATE=utf8mb4_general_ci;
/*!40101 SET character_set_client = @saved_cs_client */;

--
-- Dumping data for table `components_about_abouts`
--

LOCK TABLES `components_about_abouts` WRITE;
/*!40000 ALTER TABLE `components_about_abouts` DISABLE KEYS */;
INSERT INTO `components_about_abouts` VALUES (17,0,2500,'Bu cc','Mng li rng khp'),(18,1,20000,'CBNV & CTV','Hn 26 nm kinh nghim trong lnh vc Logistics'),(19,0,200,'Quc gia','i tc chin lc ca nhiu cng ty vi thng hiu hng u'),(20,0,5000,'im giao nhn','Giao tn tay khch hng vi thi gian nhanh nht'),(53,0,2500,'Post offices','Wide network'),(54,1,20000,'Staffs','More than 26 years of experience in the field of logistics'),(55,0,200,'Countries','Strategic partner of many companies with top brands'),(56,0,5000,'Delivery points','Delivery to customers in the fastest time');
/*!40000 ALTER TABLE `components_about_abouts` ENABLE KEYS */;
UNLOCK TABLES;

--
-- Table structure for table `components_air_features`
--

DROP TABLE IF EXISTS `components_air_features`;
/*!40101 SET @saved_cs_client     = @@character_set_client */;
/*!40101 SET character_set_client = utf8 */;
CREATE TABLE `components_air_features` (
  `id` int(10) unsigned NOT NULL AUTO_INCREMENT,
  `title` varchar(255) DEFAULT NULL,
  PRIMARY KEY (`id`)
) ENGINE=InnoDB AUTO_INCREMENT=13 DEFAULT CHARSET=utf8mb4 COLLATE=utf8mb4_general_ci;
/*!40101 SET character_set_client = @saved_cs_client */;

--
-- Dumping data for table `components_air_features`
--

LOCK TABLES `components_air_features` WRITE;
/*!40000 ALTER TABLE `components_air_features` DISABLE KEYS */;
INSERT INTO `components_air_features` VALUES (7,'Fast'),(8,'Saving'),(9,'Convenient'),(10,'Nhanh chng'),(11,'Tit kim'),(12,'Tin li');
/*!40000 ALTER TABLE `components_air_features` ENABLE KEYS */;
UNLOCK TABLES;

--
-- Table structure for table `components_common_group_image_contents`
--

DROP TABLE IF EXISTS `components_common_group_image_contents`;
/*!40101 SET @saved_cs_client     = @@character_set_client */;
/*!40101 SET character_set_client = utf8 */;
CREATE TABLE `components_common_group_image_contents` (
  `id` int(10) unsigned NOT NULL AUTO_INCREMENT,
  `title` varchar(255) DEFAULT NULL,
  `content` longtext DEFAULT NULL,
  `link` varchar(255) DEFAULT NULL,
  PRIMARY KEY (`id`)
) ENGINE=InnoDB AUTO_INCREMENT=13 DEFAULT CHARSET=utf8mb4 COLLATE=utf8mb4_general_ci;
/*!40101 SET character_set_client = @saved_cs_client */;

--
-- Dumping data for table `components_common_group_image_contents`
--

LOCK TABLES `components_common_group_image_contents` WRITE;
/*!40000 ALTER TABLE `components_common_group_image_contents` DISABLE KEYS */;
INSERT INTO `components_common_group_image_contents` VALUES (1,'Thng tin lin h','Cng ty TNHH MTV Logistics Viettel (Viettel Logistics) l cng ty thnh vin trc thuc Tng Cng ty C phn Bu chnh Viettel, tin thn l mt doanh nghip trong qun i, c thnh lp v hot ng hp php theo quy nh ca php lut Vit Nam.','/contact'),(2,'Du mc pht trin','Cng ty TNHH MTV Logistics Viettel (Viettel Logistics) l cng ty thnh vin trc thuc Tng Cng ty C phn Bu chnh Viettel, tin thn l mt doanh nghip trong qun i, c thnh lp v hot ng hp php theo quy nh ca php lut Vit Nam.','/introduce/milestones'),(11,'Contact information','Viettel Logistics Company Limited (Viettel Logistics) is a member company of Viettel Post Corporation, formerly an enterprise in the army, established and operating legally in accordance with the Vietnamese law.','/contact'),(12,'Development milestones','Viettel Logistics Company Limited (Viettel Logistics) is a member company of Viettel Post Corporation, formerly an enterprise in the army, established and operating legally in accordance with the Vietnamese law.','/introduce/milestones');
/*!40000 ALTER TABLE `components_common_group_image_contents` ENABLE KEYS */;
UNLOCK TABLES;

--
-- Table structure for table `components_common_price_tables`
--

DROP TABLE IF EXISTS `components_common_price_tables`;
/*!40101 SET @saved_cs_client     = @@character_set_client */;
/*!40101 SET character_set_client = utf8 */;
CREATE TABLE `components_common_price_tables` (
  `id` int(10) unsigned NOT NULL AUTO_INCREMENT,
  `title` varchar(255) DEFAULT NULL,
  PRIMARY KEY (`id`)
) ENGINE=InnoDB AUTO_INCREMENT=63 DEFAULT CHARSET=utf8mb4 COLLATE=utf8mb4_general_ci;
/*!40101 SET character_set_client = @saved_cs_client */;

--
-- Dumping data for table `components_common_price_tables`
--

LOCK TABLES `components_common_price_tables` WRITE;
/*!40000 ALTER TABLE `components_common_price_tables` DISABLE KEYS */;
INSERT INTO `components_common_price_tables` VALUES (8,'Price list'),(9,'Bng gi dch v'),(11,'Bng gi dch v'),(13,'Bng gi dch v'),(15,'Bng gi dch v'),(16,'Price list'),(17,'Price list'),(18,'Price list'),(23,'Bng gi vn chuyn ni a'),(24,'Bng gi vn chuyn quc t'),(25,'Domestic shipping price list'),(26,'International shipping price list'),(29,NULL),(30,NULL),(31,NULL),(32,NULL),(33,NULL),(35,NULL),(36,NULL),(37,NULL),(38,NULL),(42,NULL),(51,NULL),(52,NULL),(53,NULL),(54,NULL),(59,NULL),(60,NULL),(61,NULL),(62,NULL);
/*!40000 ALTER TABLE `components_common_price_tables` ENABLE KEYS */;
UNLOCK TABLES;

--
-- Table structure for table `components_contact_contacts`
--

DROP TABLE IF EXISTS `components_contact_contacts`;
/*!40101 SET @saved_cs_client     = @@character_set_client */;
/*!40101 SET character_set_client = utf8 */;
CREATE TABLE `components_contact_contacts` (
  `id` int(10) unsigned NOT NULL AUTO_INCREMENT,
  `title` varchar(255) DEFAULT NULL,
  `description` longtext DEFAULT NULL,
  `role` varchar(255) DEFAULT NULL,
  `hotline` varchar(255) DEFAULT NULL,
  `email` varchar(255) DEFAULT NULL,
  `formatted_hotline` varchar(255) DEFAULT NULL,
  PRIMARY KEY (`id`)
) ENGINE=InnoDB AUTO_INCREMENT=13 DEFAULT CHARSET=utf8mb4 COLLATE=utf8mb4_general_ci;
/*!40101 SET character_set_client = @saved_cs_client */;

--
-- Dumping data for table `components_contact_contacts`
--

LOCK TABLES `components_contact_contacts` WRITE;
/*!40000 ALTER TABLE `components_contact_contacts` DISABLE KEYS */;
INSERT INTO `components_contact_contacts` VALUES (1,'Hp tc kinh doanh','Gii p thc mc v hp tc kinh doanh cng Viettel Logistic','Phng Kinh Doanh','0989278888','Thanhnn22@viettelpost.com.vn','0989.27.8888'),(2,'Chm sc khch hng','Gii p thc mc v chm sc khch hng s dng dch v Viettel Logistic','Phng CSKH','18008095','cskh@viettellogistics.com.vn','1800.8095'),(3,'Tuyn dng','Gii p cc thc mc lin quan n thng tin tuyn dng','Phng Nhn S','0973161786','tuyendung.viettellogistics@gmail.com','0973.161.786'),(10,'Business cooperation','Answering questions and doing business with Viettel Logistics','Sales Department','0989278888','Thanhnn22@viettelpost.com.vn','0989.27.8888'),(11,'Customer support','Answer questions and take care of customers using Viettel Logistics services','Customer service Department','18008095','cskh@viettellogistics.com.vn','1800.8095'),(12,'Recruitment','Answer questions related to recruitment information','Human resouces Department','0973161786','tuyendung.viettellogistics@gmail.com','0973.161.786');
/*!40000 ALTER TABLE `components_contact_contacts` ENABLE KEYS */;
UNLOCK TABLES;

--
-- Table structure for table `components_custom_procedures`
--

DROP TABLE IF EXISTS `components_custom_procedures`;
/*!40101 SET @saved_cs_client     = @@character_set_client */;
/*!40101 SET character_set_client = utf8 */;
CREATE TABLE `components_custom_procedures` (
  `id` int(10) unsigned NOT NULL AUTO_INCREMENT,
  `text` varchar(255) DEFAULT NULL,
  `is_active` tinyint(1) DEFAULT NULL,
  PRIMARY KEY (`id`)
) ENGINE=InnoDB AUTO_INCREMENT=25 DEFAULT CHARSET=utf8mb4 COLLATE=utf8mb4_general_ci;
/*!40101 SET character_set_client = @saved_cs_client */;

--
-- Dumping data for table `components_custom_procedures`
--

LOCK TABLES `components_custom_procedures` WRITE;
/*!40000 ALTER TABLE `components_custom_procedures` DISABLE KEYS */;
INSERT INTO `components_custom_procedures` VALUES (13,'Determine the tariff rate of cargoes',1),(14,'Electronic customs declarations',0),(15,'Handling special imports that require permits',0),(16,'Calculate tax, determine HS code for cargoes, prepare C/O...',0),(17,'Loading/unloading at the port',0),(18,'Import and export goods delivery',1),(19,'Xc nh biu thu sut hng ha',1),(20,'Khai bo hi quan in t',0),(21,'X l hng nhp khu c bit c yu cu giy php',0),(22,'Tnh thu, tra cu m s hng ha (HS code), lm C/O...',0),(23,'ng hng/rt hng ti cng',0),(24,'Giao nhn hng ha xut nhp khu',1);
/*!40000 ALTER TABLE `components_custom_procedures` ENABLE KEYS */;
UNLOCK TABLES;

--
-- Table structure for table `components_features_features`
--

DROP TABLE IF EXISTS `components_features_features`;
/*!40101 SET @saved_cs_client     = @@character_set_client */;
/*!40101 SET character_set_client = utf8 */;
CREATE TABLE `components_features_features` (
  `id` int(10) unsigned NOT NULL AUTO_INCREMENT,
  `title` longtext DEFAULT NULL,
  PRIMARY KEY (`id`)
) ENGINE=InnoDB AUTO_INCREMENT=65 DEFAULT CHARSET=utf8mb4 COLLATE=utf8mb4_general_ci;
/*!40101 SET character_set_client = @saved_cs_client */;

--
-- Dumping data for table `components_features_features`
--

LOCK TABLES `components_features_features` WRITE;
/*!40000 ALTER TABLE `components_features_features` DISABLE KEYS */;
INSERT INTO `components_features_features` VALUES (13,'63/63 tnh thnh\nMng li rng khp'),(14,'Dch v\na dng'),(15,'Chi ph\nti u'),(16,'+26 nm\nThng hiu quc gia'),(21,'nm kinh nghim'),(22,'phng tin vn ti'),(23,' CBNV & CTV'),(24,'im giao nhn'),(37,'nm kinh nghim'),(38,'phng tin vn ti'),(39,' CBNV & CTV'),(40,'im giao nhn'),(61,'Cover 63/63 Provinces in Viet Nam\nWide network'),(62,'Diversified \nServices'),(63,'Optimal \nCost'),(64,'+26 years\nNational brand');
/*!40000 ALTER TABLE `components_features_features` ENABLE KEYS */;
UNLOCK TABLES;

--
-- Table structure for table `components_footer_column_footer_columns`
--

DROP TABLE IF EXISTS `components_footer_column_footer_columns`;
/*!40101 SET @saved_cs_client     = @@character_set_client */;
/*!40101 SET character_set_client = utf8 */;
CREATE TABLE `components_footer_column_footer_columns` (
  `id` int(10) unsigned NOT NULL AUTO_INCREMENT,
  `title` varchar(255) DEFAULT NULL,
  PRIMARY KEY (`id`)
) ENGINE=InnoDB AUTO_INCREMENT=36 DEFAULT CHARSET=utf8mb4 COLLATE=utf8mb4_general_ci;
/*!40101 SET character_set_client = @saved_cs_client */;

--
-- Dumping data for table `components_footer_column_footer_columns`
--

LOCK TABLES `components_footer_column_footer_columns` WRITE;
/*!40000 ALTER TABLE `components_footer_column_footer_columns` DISABLE KEYS */;
INSERT INTO `components_footer_column_footer_columns` VALUES (1,'Thng tin lin h'),(2,'Hp tc kinh doanh'),(3,'V chng ti'),(4,'Tin tc'),(5,'H tr khch hng'),(31,'Contact information'),(32,'Business cooperation'),(33,'About Viettel Logistics'),(34,'News'),(35,'Customer support');
/*!40000 ALTER TABLE `components_footer_column_footer_columns` ENABLE KEYS */;
UNLOCK TABLES;

--
-- Table structure for table `components_footer_column_footer_columns_components`
--

DROP TABLE IF EXISTS `components_footer_column_footer_columns_components`;
/*!40101 SET @saved_cs_client     = @@character_set_client */;
/*!40101 SET character_set_client = utf8 */;
CREATE TABLE `components_footer_column_footer_columns_components` (
  `id` int(10) unsigned NOT NULL AUTO_INCREMENT,
  `entity_id` int(10) unsigned DEFAULT NULL,
  `component_id` int(10) unsigned DEFAULT NULL,
  `component_type` varchar(255) DEFAULT NULL,
  `field` varchar(255) DEFAULT NULL,
  `order` double unsigned DEFAULT NULL,
  PRIMARY KEY (`id`),
  UNIQUE KEY `components_footer_column_footer_columns_unique` (`entity_id`,`component_id`,`field`,`component_type`),
  KEY `components_footer_column_footer_columns_field_index` (`field`),
  KEY `components_footer_column_footer_columns_component_type_index` (`component_type`),
  KEY `components_footer_column_footer_columns_entity_fk` (`entity_id`),
  CONSTRAINT `components_footer_column_footer_columns_entity_fk` FOREIGN KEY (`entity_id`) REFERENCES `components_footer_column_footer_columns` (`id`) ON DELETE CASCADE
) ENGINE=InnoDB AUTO_INCREMENT=429 DEFAULT CHARSET=utf8mb4 COLLATE=utf8mb4_general_ci;
/*!40101 SET character_set_client = @saved_cs_client */;

--
-- Dumping data for table `components_footer_column_footer_columns_components`
--

LOCK TABLES `components_footer_column_footer_columns_components` WRITE;
/*!40000 ALTER TABLE `components_footer_column_footer_columns_components` DISABLE KEYS */;
INSERT INTO `components_footer_column_footer_columns_components` VALUES (1,1,1,'footer.footer-link','links',1),(2,1,2,'footer.footer-link','links',2),(3,1,3,'footer.footer-link','links',3),(7,2,4,'footer.footer-link','links',1),(8,2,5,'footer.footer-link','links',2),(15,3,7,'footer.footer-link','links',1),(17,3,9,'footer.footer-link','links',2),(27,4,10,'footer.footer-link','links',1),(28,4,11,'footer.footer-link','links',2),(30,4,13,'footer.footer-link','links',3),(45,5,15,'footer.footer-link','links',1),(46,5,16,'footer.footer-link','links',2),(47,5,17,'footer.footer-link','links',3),(272,31,100,'footer.footer-link','links',1),(273,31,101,'footer.footer-link','links',2),(274,31,102,'footer.footer-link','links',3),(275,32,103,'footer.footer-link','links',1),(276,32,104,'footer.footer-link','links',2),(277,33,105,'footer.footer-link','links',1),(278,33,106,'footer.footer-link','links',2),(279,34,107,'footer.footer-link','links',1),(280,34,108,'footer.footer-link','links',2),(281,34,109,'footer.footer-link','links',3),(283,35,111,'footer.footer-link','links',1),(284,35,112,'footer.footer-link','links',2),(285,35,113,'footer.footer-link','links',3);
/*!40000 ALTER TABLE `components_footer_column_footer_columns_components` ENABLE KEYS */;
UNLOCK TABLES;

--
-- Table structure for table `components_footer_info_footer_infos`
--

DROP TABLE IF EXISTS `components_footer_info_footer_infos`;
/*!40101 SET @saved_cs_client     = @@character_set_client */;
/*!40101 SET character_set_client = utf8 */;
CREATE TABLE `components_footer_info_footer_infos` (
  `id` int(10) unsigned NOT NULL AUTO_INCREMENT,
  `title` varchar(255) DEFAULT NULL,
  `url` varchar(255) DEFAULT NULL,
  PRIMARY KEY (`id`)
) ENGINE=InnoDB AUTO_INCREMENT=15 DEFAULT CHARSET=utf8mb4 COLLATE=utf8mb4_general_ci;
/*!40101 SET character_set_client = @saved_cs_client */;

--
-- Dumping data for table `components_footer_info_footer_infos`
--

LOCK TABLES `components_footer_info_footer_infos` WRITE;
/*!40000 ALTER TABLE `components_footer_info_footer_infos` DISABLE KEYS */;
INSERT INTO `components_footer_info_footer_infos` VALUES (1,'Gii thiu chung v cng ty Viettel Logistics','/'),(2,'Thng tin giy chng nhn ng k kinh doanh','/'),(13,'General introduction of Viettel Logistics','/'),(14,'Information about business registration certificate','/');
/*!40000 ALTER TABLE `components_footer_info_footer_infos` ENABLE KEYS */;
UNLOCK TABLES;

--
-- Table structure for table `components_footer_link_footer_links`
--

DROP TABLE IF EXISTS `components_footer_link_footer_links`;
/*!40101 SET @saved_cs_client     = @@character_set_client */;
/*!40101 SET character_set_client = utf8 */;
CREATE TABLE `components_footer_link_footer_links` (
  `id` int(10) unsigned NOT NULL AUTO_INCREMENT,
  `title` varchar(255) DEFAULT NULL,
  `url` varchar(255) DEFAULT NULL,
  `is_external_link` tinyint(1) DEFAULT NULL,
  PRIMARY KEY (`id`)
) ENGINE=InnoDB AUTO_INCREMENT=114 DEFAULT CHARSET=utf8mb4 COLLATE=utf8mb4_general_ci;
/*!40101 SET character_set_client = @saved_cs_client */;

--
-- Dumping data for table `components_footer_link_footer_links`
--

LOCK TABLES `components_footer_link_footer_links` WRITE;
/*!40000 ALTER TABLE `components_footer_link_footer_links` DISABLE KEYS */;
INSERT INTO `components_footer_link_footer_links` VALUES (1,'cskh@viettellogistics.com.vn','mailto:cskh@viettellogistics.com.vn',NULL),(2,'1900 8095','tel:19008095',NULL),(3,'Km 12, QL32, phng Minh  Khai, Qun Bc T Lim, H Ni',NULL,NULL),(4,'098 927 8888','tel:0989278888',NULL),(5,'Thanhnn22@viettelpost.com.vn','mailto:Thanhnn22@viettelpost.com.vn',NULL),(7,'Tng quan cng ty','/introduce',0),(9,'Du mc pht trin','/introduce/milestones',NULL),(10,'Doanh nghip','/news/internal-news',NULL),(11,'Chuyn ngnh','/news/specialized-news',NULL),(13,'Tuyn dng','/recruitment',NULL),(15,'Cu hi thng gp','https://dev-log-portal-cms.viettelpost.vn/news/internal-news/C%C3%82U%20H%E1%BB%8EI%20H%E1%BB%96%20TR%E1%BB%A2%20KH%C3%81CH%20H%C3%80NG',NULL),(16,'iu khon s dng & Chnh sch','https://dev-log-portal-cms.viettelpost.vn/news/internal-news/%C4%90i%E1%BB%81u%20kho%E1%BA%A3n%20s%E1%BB%AD%20d%E1%BB%A5ng%20d%E1%BB%8Bch%20v%E1%BB%A5%20&%20Ch%C3%ADnh%20s%C3%A1ch%20Viettel%20Logistic',NULL),(17,'ng gp dch v','https://dev-log-portal-cms.viettelpost.vn/contact',NULL),(100,'cskh@viettellogistics.com.vn','mailto:cskh@viettellogistics.com.vn',NULL),(101,'1900 8095','tel:19008095',NULL),(102,'Km12, Highway 32, Minh Khai Ward, Bac Tu Liem District, Ha Noi',NULL,NULL),(103,'098 927 8888','tel:0989278888',NULL),(104,'Thanhnn22@viettelpost.com.vn','mailto:Thanhnn22@viettelpost.com.vn',NULL),(105,'Introduction','/introduce',0),(106,'Development milestones','/introduce/milestones',NULL),(107,'Internal News','/news/internal-news',NULL),(108,'Specialized knowledge','/news/specialized-news',NULL),(109,'Recruitment','/recruitment',NULL),(111,'Frequently asked questions','https://dev-log-portal-cms.viettelpost.vn/en/news/internal-news/SHIPPING%20POLICY',NULL),(112,'Terms of use & policies','https://dev-log-portal-cms.viettelpost.vn/en/news/internal-news/PAYMENT%20POLICIES',NULL),(113,'Service Contribution','https://dev-log-portal-cms.viettelpost.vn/contact',NULL);
/*!40000 ALTER TABLE `components_footer_link_footer_links` ENABLE KEYS */;
UNLOCK TABLES;

--
-- Table structure for table `components_footer_social_links`
--

DROP TABLE IF EXISTS `components_footer_social_links`;
/*!40101 SET @saved_cs_client     = @@character_set_client */;
/*!40101 SET character_set_client = utf8 */;
CREATE TABLE `components_footer_social_links` (
  `id` int(10) unsigned NOT NULL AUTO_INCREMENT,
  `url` varchar(255) DEFAULT NULL,
  PRIMARY KEY (`id`)
) ENGINE=InnoDB AUTO_INCREMENT=23 DEFAULT CHARSET=utf8mb4 COLLATE=utf8mb4_general_ci;
/*!40101 SET character_set_client = @saved_cs_client */;

--
-- Dumping data for table `components_footer_social_links`
--

LOCK TABLES `components_footer_social_links` WRITE;
/*!40000 ALTER TABLE `components_footer_social_links` DISABLE KEYS */;
INSERT INTO `components_footer_social_links` VALUES (1,'https://www.facebook.com/LogisticsViettel'),(2,'https://zalo.me/428184826361302827'),(3,'https://www.tiktok.com/@viettelpost.official'),(20,'https://www.facebook.com/LogisticsViettel'),(21,'https://zalo.me/428184826361302827'),(22,'https://www.tiktok.com/@viettelpost.official');
/*!40000 ALTER TABLE `components_footer_social_links` ENABLE KEYS */;
UNLOCK TABLES;

--
-- Table structure for table `components_home_banners`
--

DROP TABLE IF EXISTS `components_home_banners`;
/*!40101 SET @saved_cs_client     = @@character_set_client */;
/*!40101 SET character_set_client = utf8 */;
CREATE TABLE `components_home_banners` (
  `id` int(10) unsigned NOT NULL AUTO_INCREMENT,
  `url` varchar(255) DEFAULT NULL,
  PRIMARY KEY (`id`)
) ENGINE=InnoDB AUTO_INCREMENT=7 DEFAULT CHARSET=utf8mb4 COLLATE=utf8mb4_general_ci;
/*!40101 SET character_set_client = @saved_cs_client */;

--
-- Dumping data for table `components_home_banners`
--

LOCK TABLES `components_home_banners` WRITE;
/*!40000 ALTER TABLE `components_home_banners` DISABLE KEYS */;
INSERT INTO `components_home_banners` VALUES (1,'https://dev-log-portal-cms.viettelpost.vn/en/news/internal-news/viettel-post-giao-hang-djong-gia-30k-tai-2-djia-djiem-du-lich-tam-linh-noi-tieng-en'),(2,'https://dev-log-portal-cms.viettelpost.vn/en/news/internal-news/viettel-post-giao-hang-djong-gia-30k-tai-2-djia-djiem-du-lich-tam-linh-noi-tieng-en'),(3,'https://dev-log-portal-cms.viettelpost.vn/en/news/internal-news/viettel-post-giao-hang-djong-gia-30k-tai-2-djia-djiem-du-lich-tam-linh-noi-tieng-en'),(4,'https://dev-log-portal-cms.viettelpost.vn/en/news/internal-news/viettel-post-giao-hang-djong-gia-30k-tai-2-djia-djiem-du-lich-tam-linh-noi-tieng-en'),(5,'https://dev-log-portal-cms.viettelpost.vn/en/news/internal-news/viettel-post-giao-hang-djong-gia-30k-tai-2-djia-djiem-du-lich-tam-linh-noi-tieng-en'),(6,'https://dev-log-portal-cms.viettelpost.vn/en/news/internal-news/viettel-post-giao-hang-djong-gia-30k-tai-2-djia-djiem-du-lich-tam-linh-noi-tieng-en');
/*!40000 ALTER TABLE `components_home_banners` ENABLE KEYS */;
UNLOCK TABLES;

--
-- Table structure for table `components_home_lookup_home_lookups`
--

DROP TABLE IF EXISTS `components_home_lookup_home_lookups`;
/*!40101 SET @saved_cs_client     = @@character_set_client */;
/*!40101 SET character_set_client = utf8 */;
CREATE TABLE `components_home_lookup_home_lookups` (
  `id` int(10) unsigned NOT NULL AUTO_INCREMENT,
  `title` varchar(255) DEFAULT NULL,
  PRIMARY KEY (`id`)
) ENGINE=InnoDB AUTO_INCREMENT=34 DEFAULT CHARSET=utf8mb4 COLLATE=utf8mb4_general_ci;
/*!40101 SET character_set_client = @saved_cs_client */;

--
-- Dumping data for table `components_home_lookup_home_lookups`
--

LOCK TABLES `components_home_lookup_home_lookups` WRITE;
/*!40000 ALTER TABLE `components_home_lookup_home_lookups` DISABLE KEYS */;
INSERT INTO `components_home_lookup_home_lookups` VALUES (4,'Express'),(5,'Forwarding'),(6,'Vn ti'),(31,'Express'),(32,'Forwarding'),(33,'Trucking');
/*!40000 ALTER TABLE `components_home_lookup_home_lookups` ENABLE KEYS */;
UNLOCK TABLES;

--
-- Table structure for table `components_home_lookup_home_lookups_components`
--

DROP TABLE IF EXISTS `components_home_lookup_home_lookups_components`;
/*!40101 SET @saved_cs_client     = @@character_set_client */;
/*!40101 SET character_set_client = utf8 */;
CREATE TABLE `components_home_lookup_home_lookups_components` (
  `id` int(10) unsigned NOT NULL AUTO_INCREMENT,
  `entity_id` int(10) unsigned DEFAULT NULL,
  `component_id` int(10) unsigned DEFAULT NULL,
  `component_type` varchar(255) DEFAULT NULL,
  `field` varchar(255) DEFAULT NULL,
  `order` double unsigned DEFAULT NULL,
  PRIMARY KEY (`id`),
  UNIQUE KEY `components_home_lookup_home_lookups_unique` (`entity_id`,`component_id`,`field`,`component_type`),
  KEY `components_home_lookup_home_lookups_field_index` (`field`),
  KEY `components_home_lookup_home_lookups_component_type_index` (`component_type`),
  KEY `components_home_lookup_home_lookups_entity_fk` (`entity_id`),
  CONSTRAINT `components_home_lookup_home_lookups_entity_fk` FOREIGN KEY (`entity_id`) REFERENCES `components_home_lookup_home_lookups` (`id`) ON DELETE CASCADE
) ENGINE=InnoDB AUTO_INCREMENT=210 DEFAULT CHARSET=utf8mb4 COLLATE=utf8mb4_general_ci;
/*!40101 SET character_set_client = @saved_cs_client */;

--
-- Dumping data for table `components_home_lookup_home_lookups_components`
--

LOCK TABLES `components_home_lookup_home_lookups_components` WRITE;
/*!40000 ALTER TABLE `components_home_lookup_home_lookups_components` DISABLE KEYS */;
INSERT INTO `components_home_lookup_home_lookups_components` VALUES (1,4,19,'home.service-contact','contacts',1),(2,4,20,'home.service-contact','contacts',2),(5,5,21,'home.service-contact','contacts',1),(6,5,22,'home.service-contact','contacts',2),(11,6,23,'home.service-contact','contacts',1),(12,6,24,'home.service-contact','contacts',2),(25,31,33,'home.service-contact','contacts',1),(26,31,34,'home.service-contact','contacts',2),(27,32,35,'home.service-contact','contacts',1),(28,32,36,'home.service-contact','contacts',2),(29,33,37,'home.service-contact','contacts',1),(30,33,38,'home.service-contact','contacts',2);
/*!40000 ALTER TABLE `components_home_lookup_home_lookups_components` ENABLE KEYS */;
UNLOCK TABLES;

--
-- Table structure for table `components_home_partner_home_partners`
--

DROP TABLE IF EXISTS `components_home_partner_home_partners`;
/*!40101 SET @saved_cs_client     = @@character_set_client */;
/*!40101 SET character_set_client = utf8 */;
CREATE TABLE `components_home_partner_home_partners` (
  `id` int(10) unsigned NOT NULL AUTO_INCREMENT,
  `url` varchar(255) DEFAULT NULL,
  PRIMARY KEY (`id`)
) ENGINE=InnoDB AUTO_INCREMENT=111 DEFAULT CHARSET=utf8mb4 COLLATE=utf8mb4_general_ci;
/*!40101 SET character_set_client = @saved_cs_client */;

--
-- Dumping data for table `components_home_partner_home_partners`
--

LOCK TABLES `components_home_partner_home_partners` WRITE;
/*!40000 ALTER TABLE `components_home_partner_home_partners` DISABLE KEYS */;
INSERT INTO `components_home_partner_home_partners` VALUES (11,NULL),(12,NULL),(13,NULL),(14,NULL),(15,NULL),(16,NULL),(17,NULL),(18,NULL),(19,NULL),(20,NULL),(101,NULL),(102,NULL),(103,NULL),(104,NULL),(105,NULL),(106,NULL),(107,NULL),(108,NULL),(109,NULL),(110,NULL);
/*!40000 ALTER TABLE `components_home_partner_home_partners` ENABLE KEYS */;
UNLOCK TABLES;

--
-- Table structure for table `components_home_service_home_services`
--

DROP TABLE IF EXISTS `components_home_service_home_services`;
/*!40101 SET @saved_cs_client     = @@character_set_client */;
/*!40101 SET character_set_client = utf8 */;
CREATE TABLE `components_home_service_home_services` (
  `id` int(10) unsigned NOT NULL AUTO_INCREMENT,
  `title` varchar(255) DEFAULT NULL,
  `url` varchar(255) DEFAULT NULL,
  PRIMARY KEY (`id`)
) ENGINE=InnoDB AUTO_INCREMENT=56 DEFAULT CHARSET=utf8mb4 COLLATE=utf8mb4_general_ci;
/*!40101 SET character_set_client = @saved_cs_client */;

--
-- Dumping data for table `components_home_service_home_services`
--

LOCK TABLES `components_home_service_home_services` WRITE;
/*!40000 ALTER TABLE `components_home_service_home_services` DISABLE KEYS */;
INSERT INTO `components_home_service_home_services` VALUES (6,'Dch v Vn ti','/service/transportation/trucking'),(7,'Dch v Hi quan','/service/customs'),(8,'Dch v Kho bi','/service/warehouse'),(9,'ng gi & Chia chn','/service/packing'),(10,'Giao hng im cui','/service/endpoint-delivery'),(51,'Transportation','/service/transportation/trucking'),(52,'Customs services','/service/customs'),(53,'Warehousing & Storing','/service/warehouse'),(54,'Packing & Sorting','/service/packing'),(55,'Last mile delivery','/service/endpoint-delivery');
/*!40000 ALTER TABLE `components_home_service_home_services` ENABLE KEYS */;
UNLOCK TABLES;

--
-- Table structure for table `components_home_service_home_services_components`
--

DROP TABLE IF EXISTS `components_home_service_home_services_components`;
/*!40101 SET @saved_cs_client     = @@character_set_client */;
/*!40101 SET character_set_client = utf8 */;
CREATE TABLE `components_home_service_home_services_components` (
  `id` int(10) unsigned NOT NULL AUTO_INCREMENT,
  `entity_id` int(10) unsigned DEFAULT NULL,
  `component_id` int(10) unsigned DEFAULT NULL,
  `component_type` varchar(255) DEFAULT NULL,
  `field` varchar(255) DEFAULT NULL,
  `order` double unsigned DEFAULT NULL,
  PRIMARY KEY (`id`),
  UNIQUE KEY `components_home_service_home_services_unique` (`entity_id`,`component_id`,`field`,`component_type`),
  KEY `components_home_service_home_services_field_index` (`field`),
  KEY `components_home_service_home_services_component_type_index` (`component_type`),
  KEY `components_home_service_home_services_entity_fk` (`entity_id`),
  CONSTRAINT `components_home_service_home_services_entity_fk` FOREIGN KEY (`entity_id`) REFERENCES `components_home_service_home_services` (`id`) ON DELETE CASCADE
) ENGINE=InnoDB AUTO_INCREMENT=832 DEFAULT CHARSET=utf8mb4 COLLATE=utf8mb4_general_ci;
/*!40101 SET character_set_client = @saved_cs_client */;

--
-- Dumping data for table `components_home_service_home_services_components`
--

LOCK TABLES `components_home_service_home_services_components` WRITE;
/*!40000 ALTER TABLE `components_home_service_home_services_components` DISABLE KEYS */;
INSERT INTO `components_home_service_home_services_components` VALUES (133,6,5,'home.home-sub-service','subs',1),(134,6,6,'home.home-sub-service','subs',2),(135,6,7,'home.home-sub-service','subs',3),(136,6,8,'home.home-sub-service','subs',4),(201,7,13,'home.home-sub-service','subs',1),(202,7,14,'home.home-sub-service','subs',2),(227,8,21,'home.home-sub-service','subs',1),(228,8,22,'home.home-sub-service','subs',2),(229,9,23,'home.home-sub-service','subs',1),(230,9,24,'home.home-sub-service','subs',2),(231,10,25,'home.home-sub-service','subs',1),(232,10,26,'home.home-sub-service','subs',2),(461,51,99,'home.home-sub-service','subs',1),(462,51,100,'home.home-sub-service','subs',2),(463,51,101,'home.home-sub-service','subs',3),(464,51,102,'home.home-sub-service','subs',4),(465,52,103,'home.home-sub-service','subs',1),(466,52,104,'home.home-sub-service','subs',2),(467,53,105,'home.home-sub-service','subs',1),(468,53,106,'home.home-sub-service','subs',2),(469,54,107,'home.home-sub-service','subs',1),(470,54,108,'home.home-sub-service','subs',2),(471,55,109,'home.home-sub-service','subs',1),(472,55,110,'home.home-sub-service','subs',2);
/*!40000 ALTER TABLE `components_home_service_home_services_components` ENABLE KEYS */;
UNLOCK TABLES;

--
-- Table structure for table `components_home_sub_service_home_sub_services`
--

DROP TABLE IF EXISTS `components_home_sub_service_home_sub_services`;
/*!40101 SET @saved_cs_client     = @@character_set_client */;
/*!40101 SET character_set_client = utf8 */;
CREATE TABLE `components_home_sub_service_home_sub_services` (
  `id` int(10) unsigned NOT NULL AUTO_INCREMENT,
  `title` varchar(255) DEFAULT NULL,
  `url` varchar(255) DEFAULT NULL,
  PRIMARY KEY (`id`)
) ENGINE=InnoDB AUTO_INCREMENT=111 DEFAULT CHARSET=utf8mb4 COLLATE=utf8mb4_general_ci;
/*!40101 SET character_set_client = @saved_cs_client */;

--
-- Dumping data for table `components_home_sub_service_home_sub_services`
--

LOCK TABLES `components_home_sub_service_home_sub_services` WRITE;
/*!40000 ALTER TABLE `components_home_sub_service_home_sub_services` DISABLE KEYS */;
INSERT INTO `components_home_sub_service_home_sub_services` VALUES (5,'Vn ti ng b','/service/transportation/trucking'),(6,'Vn ti ng st','/service/transportation/rail-transportation'),(7,'Vn ti ng bin','/service/transportation/sea-transport'),(8,'Vn ti ng hng khng & AOG','/service/transportation/air-transport'),(13,'Tng quan dch v','/service/customs'),(14,'Bng gi','/service/customs#pricing'),(21,'Tng quan dch v','/service/warehouse'),(22,'Bng gi','/service/warehouse#pricing'),(23,'Tng quan dch v ','/service/packing'),(24,'Bng gi','/service/packing#pricing'),(25,'Tng quan dch v','/service/endpoint-delivery'),(26,'Bng gi','/service/endpoint-delivery#pricing'),(99,'Trucking','/service/transportation/trucking'),(100,'Railway transport','/service/transportation/rail-transportation'),(101,'Sea freight','/service/transportation/sea-transport'),(102,'Air freight & AOG','/service/transportation/air-transport'),(103,'Service overview','/service/customs'),(104,'Price list','/service/customs#pricing'),(105,'Service overview','/service/warehouse'),(106,'Price list','/service/warehouse#pricing'),(107,'Service overview','/service/packing'),(108,'Price list','/service/packing#pricing'),(109,'Service overview','/service/endpoint-delivery'),(110,'Price list','/service/endpoint-delivery#pricing');
/*!40000 ALTER TABLE `components_home_sub_service_home_sub_services` ENABLE KEYS */;
UNLOCK TABLES;

--
-- Table structure for table `components_home_tab_home_tabs`
--

DROP TABLE IF EXISTS `components_home_tab_home_tabs`;
/*!40101 SET @saved_cs_client     = @@character_set_client */;
/*!40101 SET character_set_client = utf8 */;
CREATE TABLE `components_home_tab_home_tabs` (
  `id` int(10) unsigned NOT NULL AUTO_INCREMENT,
  `title` longtext DEFAULT NULL,
  PRIMARY KEY (`id`)
) ENGINE=InnoDB AUTO_INCREMENT=23 DEFAULT CHARSET=utf8mb4 COLLATE=utf8mb4_general_ci;
/*!40101 SET character_set_client = @saved_cs_client */;

--
-- Dumping data for table `components_home_tab_home_tabs`
--

LOCK TABLES `components_home_tab_home_tabs` WRITE;
/*!40000 ALTER TABLE `components_home_tab_home_tabs` DISABLE KEYS */;
INSERT INTO `components_home_tab_home_tabs` VALUES (3,'Tra cu mng\nli vn chuyn'),(4,'Dch v ca\nchng ti'),(21,'Look up the \nShipping network'),(22,'Our\nServices');
/*!40000 ALTER TABLE `components_home_tab_home_tabs` ENABLE KEYS */;
UNLOCK TABLES;

--
-- Table structure for table `components_introduce_core_values`
--

DROP TABLE IF EXISTS `components_introduce_core_values`;
/*!40101 SET @saved_cs_client     = @@character_set_client */;
/*!40101 SET character_set_client = utf8 */;
CREATE TABLE `components_introduce_core_values` (
  `id` int(10) unsigned NOT NULL AUTO_INCREMENT,
  `center_customer_title` varchar(255) DEFAULT NULL,
  `center_customer_content` longtext DEFAULT NULL,
  `kindness_title` varchar(255) DEFAULT NULL,
  PRIMARY KEY (`id`)
) ENGINE=InnoDB AUTO_INCREMENT=7 DEFAULT CHARSET=utf8mb4 COLLATE=utf8mb4_general_ci;
/*!40101 SET character_set_client = @saved_cs_client */;

--
-- Dumping data for table `components_introduce_core_values`
--

LOCK TABLES `components_introduce_core_values` WRITE;
/*!40000 ALTER TABLE `components_introduce_core_values` DISABLE KEYS */;
INSERT INTO `components_introduce_core_values` VALUES (1,'Ly khch hng lm trung tm','Mi khch hng l mt c th ring bit cn c tn trng, quan tm v lng nghe, thu hiu v phc v mt cch ring bit. Lin tc i mi, cng vi khch hng sng to ra cc sn phm dch v ngy cng hon ho.','Kinh doanh bng s t t'),(6,'Customer centric','Each customer is a separate individual that needs to be respected, cared for and listened to, understood and served separately. Continuous innovation, together with customers to create more and more perfect products and services.','Business with kindness');
/*!40000 ALTER TABLE `components_introduce_core_values` ENABLE KEYS */;
UNLOCK TABLES;

--
-- Table structure for table `components_introduce_core_values_components`
--

DROP TABLE IF EXISTS `components_introduce_core_values_components`;
/*!40101 SET @saved_cs_client     = @@character_set_client */;
/*!40101 SET character_set_client = utf8 */;
CREATE TABLE `components_introduce_core_values_components` (
  `id` int(10) unsigned NOT NULL AUTO_INCREMENT,
  `entity_id` int(10) unsigned DEFAULT NULL,
  `component_id` int(10) unsigned DEFAULT NULL,
  `component_type` varchar(255) DEFAULT NULL,
  `field` varchar(255) DEFAULT NULL,
  `order` double unsigned DEFAULT NULL,
  PRIMARY KEY (`id`),
  UNIQUE KEY `components_introduce_core_values_unique` (`entity_id`,`component_id`,`field`,`component_type`),
  KEY `components_introduce_core_values_field_index` (`field`),
  KEY `components_introduce_core_values_component_type_index` (`component_type`),
  KEY `components_introduce_core_values_entity_fk` (`entity_id`),
  CONSTRAINT `components_introduce_core_values_entity_fk` FOREIGN KEY (`entity_id`) REFERENCES `components_introduce_core_values` (`id`) ON DELETE CASCADE
) ENGINE=InnoDB AUTO_INCREMENT=80 DEFAULT CHARSET=utf8mb4 COLLATE=utf8mb4_general_ci;
/*!40101 SET character_set_client = @saved_cs_client */;

--
-- Dumping data for table `components_introduce_core_values_components`
--

LOCK TABLES `components_introduce_core_values_components` WRITE;
/*!40000 ALTER TABLE `components_introduce_core_values_components` DISABLE KEYS */;
INSERT INTO `components_introduce_core_values_components` VALUES (1,1,21,'common.advantage','kindness_content',1),(2,1,22,'common.advantage','kindness_content',2),(3,1,23,'common.advantage','kindness_content',3),(40,6,130,'common.advantage','kindness_content',1),(41,6,131,'common.advantage','kindness_content',2),(42,6,132,'common.advantage','kindness_content',3);
/*!40000 ALTER TABLE `components_introduce_core_values_components` ENABLE KEYS */;
UNLOCK TABLES;

--
-- Table structure for table `components_introduce_features`
--

DROP TABLE IF EXISTS `components_introduce_features`;
/*!40101 SET @saved_cs_client     = @@character_set_client */;
/*!40101 SET character_set_client = utf8 */;
CREATE TABLE `components_introduce_features` (
  `id` int(10) unsigned NOT NULL AUTO_INCREMENT,
  `title` varchar(255) DEFAULT NULL,
  `number` int(11) DEFAULT NULL,
  PRIMARY KEY (`id`)
) ENGINE=InnoDB AUTO_INCREMENT=17 DEFAULT CHARSET=utf8mb4 COLLATE=utf8mb4_general_ci;
/*!40101 SET character_set_client = @saved_cs_client */;

--
-- Dumping data for table `components_introduce_features`
--

LOCK TABLES `components_introduce_features` WRITE;
/*!40000 ALTER TABLE `components_introduce_features` DISABLE KEYS */;
INSERT INTO `components_introduce_features` VALUES (1,'nm kinh nghim',26),(2,'xe ti cc loi',3000),(3,'CBNV & CTV',20000),(4,'im giao nhn',5000),(13,'years of experience',26),(14,'trucks ',3000),(15,'staffs',20000),(16,'delivery points',5000);
/*!40000 ALTER TABLE `components_introduce_features` ENABLE KEYS */;
UNLOCK TABLES;

--
-- Table structure for table `components_introduce_generals`
--

DROP TABLE IF EXISTS `components_introduce_generals`;
/*!40101 SET @saved_cs_client     = @@character_set_client */;
/*!40101 SET character_set_client = utf8 */;
CREATE TABLE `components_introduce_generals` (
  `id` int(10) unsigned NOT NULL AUTO_INCREMENT,
  `title` varchar(255) DEFAULT NULL,
  `content` longtext DEFAULT NULL,
  PRIMARY KEY (`id`)
) ENGINE=InnoDB AUTO_INCREMENT=7 DEFAULT CHARSET=utf8mb4 COLLATE=utf8mb4_general_ci;
/*!40101 SET character_set_client = @saved_cs_client */;

--
-- Dumping data for table `components_introduce_generals`
--

LOCK TABLES `components_introduce_generals` WRITE;
/*!40000 ALTER TABLE `components_introduce_generals` DISABLE KEYS */;
INSERT INTO `components_introduce_generals` VALUES (1,'Cng ty TNHH MTV Logistics Viettel','Cng ty TNHH MTV Logistics Viettel (Viettel Logistics) l cng ty thnh vin trc thuc Tng Cng ty C phn Bu chnh Viettel, tin thn l mt doanh nghip trong qun i, c thnh lp v hot ng hp php theo quy nh ca php lut Vit Nam.\n\nL mt cng ty cung cp dch v uy tn hng u Vit Nam, c mng li rng khp Trong nc v Quc t cng i ng nhn s hn 20.000 CBNV & CTV, Viettel Logistics mang n dch v vn chuyn trn gi ton din cho tt c cc loi hng ha vn ti ni a v xut nhp khu.'),(6,'Viettel Logistics Company Limited','Viettel Logistics Company Limited (Viettel Logistics) is a member company of Viettel Post Corporation, formerly an enterprise in the army, established and operating legally in accordance with the Vietnamese law. \n\nAs a leading reputable service provider in Vietnam, with a wide domestic and international network and more than 20,000 employees, Viettel Logistics provides a comprehensive package transportation service for all types of domestic transport and import & export goods.');
/*!40000 ALTER TABLE `components_introduce_generals` ENABLE KEYS */;
UNLOCK TABLES;

--
-- Table structure for table `components_introduce_milestones`
--

DROP TABLE IF EXISTS `components_introduce_milestones`;
/*!40101 SET @saved_cs_client     = @@character_set_client */;
/*!40101 SET character_set_client = utf8 */;
CREATE TABLE `components_introduce_milestones` (
  `id` int(10) unsigned NOT NULL AUTO_INCREMENT,
  `timeline` bigint(20) DEFAULT NULL,
  `datetime` varchar(255) DEFAULT NULL,
  `content` longtext DEFAULT NULL,
  PRIMARY KEY (`id`)
) ENGINE=InnoDB AUTO_INCREMENT=13 DEFAULT CHARSET=utf8mb4 COLLATE=utf8mb4_general_ci;
/*!40101 SET character_set_client = @saved_cs_client */;

--
-- Dumping data for table `components_introduce_milestones`
--

LOCK TABLES `components_introduce_milestones` WRITE;
/*!40000 ALTER TABLE `components_introduce_milestones` DISABLE KEYS */;
INSERT INTO `components_introduce_milestones` VALUES (1,1997,'1997','Thnh lp tng cng ty c phn bu chnh Viettel (VTPost)'),(2,2012,'4/2012','Thnh lp Ban kinh doanh Quc t'),(3,2016,'05/2016','Thnh lp trung tm Logistics'),(4,2017,'03/2017','Thnh lp Cng ty Logistics Viettel'),(5,2020,'2020','Tr thnh 1 trong 3 doanh nghip logistics ln nht Vit Nam'),(6,2023,'2023','Cng ty logistics uy tn hng u Vit Nam'),(7,1997,'1997','Establishment of Viettel Post Joint Stock Company '),(8,2012,'4/2012','Establishment of International Business Department'),(9,2016,'05/2016','Establishment of a logistics center'),(10,2017,'03/2017','Establishment of Viettel Logistics Company'),(11,2020,'2020','Become one of the 3 largest logistics enterprises in Viet Nam'),(12,2023,'2023','The leading prestigious logistics company in Viet Nam');
/*!40000 ALTER TABLE `components_introduce_milestones` ENABLE KEYS */;
UNLOCK TABLES;

--
-- Table structure for table `components_introduce_missions`
--

DROP TABLE IF EXISTS `components_introduce_missions`;
/*!40101 SET @saved_cs_client     = @@character_set_client */;
/*!40101 SET character_set_client = utf8 */;
CREATE TABLE `components_introduce_missions` (
  `id` int(10) unsigned NOT NULL AUTO_INCREMENT,
  `description` longtext DEFAULT NULL,
  PRIMARY KEY (`id`)
) ENGINE=InnoDB AUTO_INCREMENT=7 DEFAULT CHARSET=utf8mb4 COLLATE=utf8mb4_general_ci;
/*!40101 SET character_set_client = @saved_cs_client */;

--
-- Dumping data for table `components_introduce_missions`
--

LOCK TABLES `components_introduce_missions` WRITE;
/*!40000 ALTER TABLE `components_introduce_missions` DISABLE KEYS */;
INSERT INTO `components_introduce_missions` VALUES (1,'Mang trong mnh s mnh cung cp h tng dch v vn ti, kho bi phc v cho thng mi v thng mi in t, Viettel Logistics nh hng tr thnh cng ty Logistics thng minh, c h tng mng li dng chung ln nht Vit Nam vo nm 2025. Vi kinh nghim hn 26 nm trong ngnh cng tc  tng trng 25-35%/nm, Viettel Logistics t tin mang n cho Qu khch hng cc dch v.'),(6,'Carrying the mission of providing transport and warehousing service infrastructure for commerce and e-commerce, Viettel Logistics aims to become a smart logistics company with the largest shared network infrastructure in Viet Nam in 2025. With more than 26 years of experience in the industry with a growth rate of 25-35%/year, Viettel Logistics is confident to bring customers optimal transportation services.');
/*!40000 ALTER TABLE `components_introduce_missions` ENABLE KEYS */;
UNLOCK TABLES;

--
-- Table structure for table `components_introduce_missions_components`
--

DROP TABLE IF EXISTS `components_introduce_missions_components`;
/*!40101 SET @saved_cs_client     = @@character_set_client */;
/*!40101 SET character_set_client = utf8 */;
CREATE TABLE `components_introduce_missions_components` (
  `id` int(10) unsigned NOT NULL AUTO_INCREMENT,
  `entity_id` int(10) unsigned DEFAULT NULL,
  `component_id` int(10) unsigned DEFAULT NULL,
  `component_type` varchar(255) DEFAULT NULL,
  `field` varchar(255) DEFAULT NULL,
  `order` double unsigned DEFAULT NULL,
  PRIMARY KEY (`id`),
  UNIQUE KEY `components_introduce_missions_unique` (`entity_id`,`component_id`,`field`,`component_type`),
  KEY `components_introduce_missions_field_index` (`field`),
  KEY `components_introduce_missions_component_type_index` (`component_type`),
  KEY `components_introduce_missions_entity_fk` (`entity_id`),
  CONSTRAINT `components_introduce_missions_entity_fk` FOREIGN KEY (`entity_id`) REFERENCES `components_introduce_missions` (`id`) ON DELETE CASCADE
) ENGINE=InnoDB AUTO_INCREMENT=187 DEFAULT CHARSET=utf8mb4 COLLATE=utf8mb4_general_ci;
/*!40101 SET character_set_client = @saved_cs_client */;

--
-- Dumping data for table `components_introduce_missions_components`
--

LOCK TABLES `components_introduce_missions_components` WRITE;
/*!40000 ALTER TABLE `components_introduce_missions_components` DISABLE KEYS */;
INSERT INTO `components_introduce_missions_components` VALUES (1,1,18,'common.advantage','properties',1),(2,1,19,'common.advantage','properties',3),(3,1,20,'common.advantage','properties',4),(67,1,1,'introduce.feature','introduce',1),(68,1,2,'introduce.feature','introduce',2),(69,1,3,'introduce.feature','introduce',3),(70,1,4,'introduce.feature','introduce',4),(92,6,127,'common.advantage','properties',1),(93,6,128,'common.advantage','properties',4),(94,6,129,'common.advantage','properties',5),(95,6,13,'introduce.feature','introduce',1),(96,6,14,'introduce.feature','introduce',2),(97,6,15,'introduce.feature','introduce',3),(98,6,16,'introduce.feature','introduce',4);
/*!40000 ALTER TABLE `components_introduce_missions_components` ENABLE KEYS */;
UNLOCK TABLES;

--
-- Table structure for table `components_introduce_reasons_choose_wes`
--

DROP TABLE IF EXISTS `components_introduce_reasons_choose_wes`;
/*!40101 SET @saved_cs_client     = @@character_set_client */;
/*!40101 SET character_set_client = utf8 */;
CREATE TABLE `components_introduce_reasons_choose_wes` (
  `id` int(10) unsigned NOT NULL AUTO_INCREMENT,
  `description` longtext DEFAULT NULL,
  PRIMARY KEY (`id`)
) ENGINE=InnoDB AUTO_INCREMENT=7 DEFAULT CHARSET=utf8mb4 COLLATE=utf8mb4_general_ci;
/*!40101 SET character_set_client = @saved_cs_client */;

--
-- Dumping data for table `components_introduce_reasons_choose_wes`
--

LOCK TABLES `components_introduce_reasons_choose_wes` WRITE;
/*!40000 ALTER TABLE `components_introduce_reasons_choose_wes` DISABLE KEYS */;
INSERT INTO `components_introduce_reasons_choose_wes` VALUES (1,'L do  chn chng ti lm i tc vn chuyn hng ha ca bn'),(6,'Reasons to choose us as your freight partner');
/*!40000 ALTER TABLE `components_introduce_reasons_choose_wes` ENABLE KEYS */;
UNLOCK TABLES;

--
-- Table structure for table `components_introduce_reasons_choose_wes_components`
--

DROP TABLE IF EXISTS `components_introduce_reasons_choose_wes_components`;
/*!40101 SET @saved_cs_client     = @@character_set_client */;
/*!40101 SET character_set_client = utf8 */;
CREATE TABLE `components_introduce_reasons_choose_wes_components` (
  `id` int(10) unsigned NOT NULL AUTO_INCREMENT,
  `entity_id` int(10) unsigned DEFAULT NULL,
  `component_id` int(10) unsigned DEFAULT NULL,
  `component_type` varchar(255) DEFAULT NULL,
  `field` varchar(255) DEFAULT NULL,
  `order` double unsigned DEFAULT NULL,
  PRIMARY KEY (`id`),
  UNIQUE KEY `components_introduce_reasons_choose_wes_unique` (`entity_id`,`component_id`,`field`,`component_type`),
  KEY `components_introduce_reasons_choose_wes_field_index` (`field`),
  KEY `components_introduce_reasons_choose_wes_component_type_index` (`component_type`),
  KEY `components_introduce_reasons_choose_wes_entity_fk` (`entity_id`),
  CONSTRAINT `components_introduce_reasons_choose_wes_entity_fk` FOREIGN KEY (`entity_id`) REFERENCES `components_introduce_reasons_choose_wes` (`id`) ON DELETE CASCADE
) ENGINE=InnoDB AUTO_INCREMENT=104 DEFAULT CHARSET=utf8mb4 COLLATE=utf8mb4_general_ci;
/*!40101 SET character_set_client = @saved_cs_client */;

--
-- Dumping data for table `components_introduce_reasons_choose_wes_components`
--

LOCK TABLES `components_introduce_reasons_choose_wes_components` WRITE;
/*!40000 ALTER TABLE `components_introduce_reasons_choose_wes_components` DISABLE KEYS */;
INSERT INTO `components_introduce_reasons_choose_wes_components` VALUES (1,1,4,'trucking.introduce-features','reasons',1),(2,1,5,'trucking.introduce-features','reasons',2),(3,1,6,'trucking.introduce-features','reasons',3),(4,1,7,'trucking.introduce-features','reasons',4),(51,6,45,'trucking.introduce-features','reasons',1),(52,6,46,'trucking.introduce-features','reasons',2),(53,6,47,'trucking.introduce-features','reasons',3),(54,6,48,'trucking.introduce-features','reasons',4);
/*!40000 ALTER TABLE `components_introduce_reasons_choose_wes_components` ENABLE KEYS */;
UNLOCK TABLES;

--
-- Table structure for table `components_rail_services`
--

DROP TABLE IF EXISTS `components_rail_services`;
/*!40101 SET @saved_cs_client     = @@character_set_client */;
/*!40101 SET character_set_client = utf8 */;
CREATE TABLE `components_rail_services` (
  `id` int(10) unsigned NOT NULL AUTO_INCREMENT,
  `title` varchar(255) DEFAULT NULL,
  PRIMARY KEY (`id`)
) ENGINE=InnoDB AUTO_INCREMENT=152 DEFAULT CHARSET=utf8mb4 COLLATE=utf8mb4_general_ci;
/*!40101 SET character_set_client = @saved_cs_client */;

--
-- Dumping data for table `components_rail_services`
--

LOCK TABLES `components_rail_services` WRITE;
/*!40000 ALTER TABLE `components_rail_services` DISABLE KEYS */;
INSERT INTO `components_rail_services` VALUES (41,'Vn chuyn hng kt ni t Ga n Kho'),(42,'Vn chuyn hng nguyn l, nguyn toa, nguyn Container'),(43,'Vn chuyn hng l'),(44,'Tc  vn chuyn nhanh, hn ch ti a ri ro'),(45,'Chi ph vn chuyn thp'),(46,'Thn thin vi mi trng'),(47,'Vn chuyn a dng mi loi hng ha'),(55,'Transporting goods connecting from Station to Warehouse'),(56,'Transporting full batches, full wagons, full containers'),(57,'LCL shipping'),(58,'Fast shipping speed, minimize risk'),(59,'Low shipping cost'),(60,'Environmental friendliness'),(61,'Transportation of all kinds of goods'),(62,'Uy tn v c mi quan h rng ri vi cc hng tu ln: Gemadept, Vinafco, GLS, Vsico, Hi An, Vin ng...'),(63,'Mng li phc v bao gm cc cng v cc cng nc su trn c nc.'),(64,'Thit k cc gi dch v vn chuyn ph hp vi tng loi hng ha...'),(66,'Lch trnh ng hng k c nh'),(67,'i ng nhn vin nhiu kinh nghim & am hiu nghip v'),(68,'Tit kim chi ph v thi gian cho ch hng'),(69,'Thi gian vn chuyn nhanh'),(70,'Chi ph vn chuyn r nh tn dng ti a khng gian ca container'),(71,'Hng ha c qun l nghim ngt'),(72,'Hnh thc vn chuyn nguyn mt con tu  ch hng c trng lng c tnh theo n v nghn tn'),(73,'Ph hp vi nhm hng ha nh: st, nhm, ng, than, g, xi mng, ct si,...'),(107,'Prestige and extensive relationship with major shipping lines: Gemadept, Vinafco, GLS, Vsico, Hai An, Vien Dong...'),(108,'The service network includes ports and deep-water ports across the country.'),(109,'Design shipping service packages suitable for each type of goods...'),(110,'Fixed line closing schedule'),(111,'Experienced & knowledgeable staff'),(112,'Save cost and time for shippers'),(113,'Fast shipping time'),(114,'Low shipping costs by making the most of the container\'s space.'),(115,'Goods are strictly controlled'),(116,'The form of transportation of a whole ship to carry goods with a weight calculated in units of thousands of tons'),(117,'Suitable for commodity groups such as iron, aluminum, copper, coal, wood, cement, sand and gravel,...'),(136,'Continuous operation at 22 airports'),(137,'Fixed flight schedule'),(138,'Meet 200 tons of goods/day'),(139,'Specialized route Hanoi - Da Nang - Ho Chi Minh - Can Tho'),(140,'Specializing in US, Malaysia, Singapore, Japan, Taiwan, China routes.'),(141,'Strategic partner of Eva Air, China Airline, Singapore Airline,...'),(142,'Receive shipping all type of goods (not on the prohibited list)'),(143,' Fast & safe AOG service '),(144,'Hot ng lin tc ti 22 sn bay'),(145,'Lch trnh bay c nh'),(146,'p ng 200 tn hng ha/ ngy'),(147,'Chuyn tuyn H Ni -  Nng - H Ch Minh - Cn Th'),(148,'Chuyn tuyn M, Malaysia, Singapore, Nht Bn, i Loan, Trung Quc.'),(149,'i tc chin lc ca Eva Air, China Airline, Singapore Airline,...'),(150,'Nhn vn chuyn mi hng ha (khng nm trong danh mc cm)'),(151,'Dch v AOG nhanh chng, an ton tuyt i');
/*!40000 ALTER TABLE `components_rail_services` ENABLE KEYS */;
UNLOCK TABLES;

--
-- Table structure for table `components_sea_features`
--

DROP TABLE IF EXISTS `components_sea_features`;
/*!40101 SET @saved_cs_client     = @@character_set_client */;
/*!40101 SET character_set_client = utf8 */;
CREATE TABLE `components_sea_features` (
  `id` int(10) unsigned NOT NULL AUTO_INCREMENT,
  `from` int(11) DEFAULT NULL,
  `to` int(11) DEFAULT NULL,
  `unit` varchar(255) DEFAULT NULL,
  `title` varchar(255) DEFAULT NULL,
  PRIMARY KEY (`id`)
) ENGINE=InnoDB AUTO_INCREMENT=11 DEFAULT CHARSET=utf8mb4 COLLATE=utf8mb4_general_ci;
/*!40101 SET character_set_client = @saved_cs_client */;

--
-- Dumping data for table `components_sea_features`
--

LOCK TABLES `components_sea_features` WRITE;
/*!40000 ALTER TABLE `components_sea_features` DISABLE KEYS */;
INSERT INTO `components_sea_features` VALUES (1,10000,60000,'tn','Ti trng hng ho mi ngy'),(2,100000,150000,'tn','Cng sut mi thng'),(9,10000,60000,'tons','Cargo load per day'),(10,100000,150000,'tons','Capacity per month');
/*!40000 ALTER TABLE `components_sea_features` ENABLE KEYS */;
UNLOCK TABLES;

--
-- Table structure for table `components_sea_services`
--

DROP TABLE IF EXISTS `components_sea_services`;
/*!40101 SET @saved_cs_client     = @@character_set_client */;
/*!40101 SET character_set_client = utf8 */;
CREATE TABLE `components_sea_services` (
  `id` int(10) unsigned NOT NULL AUTO_INCREMENT,
  `title` varchar(255) DEFAULT NULL,
  `name` varchar(255) DEFAULT NULL,
  PRIMARY KEY (`id`)
) ENGINE=InnoDB AUTO_INCREMENT=16 DEFAULT CHARSET=utf8mb4 COLLATE=utf8mb4_general_ci;
/*!40101 SET character_set_client = @saved_cs_client */;

--
-- Dumping data for table `components_sea_services`
--

LOCK TABLES `components_sea_services` WRITE;
/*!40000 ALTER TABLE `components_sea_services` DISABLE KEYS */;
INSERT INTO `components_sea_services` VALUES (1,'Gom hng l (LCL) ti kho CFS:','lcl_sea_transport'),(2,'Vn chuyn nguyn container (FCL)','fcl_sea_transport'),(3,'Vn chuyn nguyn tu (Bulk)','bulk_sea_transport'),(13,'LCL collection at CFS warehouse:','lcl_sea_transport'),(14,'Full container shipping (FCL)','fcl_sea_transport'),(15,'Full ship transportation (Bulk)','bulk_sea_transport');
/*!40000 ALTER TABLE `components_sea_services` ENABLE KEYS */;
UNLOCK TABLES;

--
-- Table structure for table `components_sea_services_components`
--

DROP TABLE IF EXISTS `components_sea_services_components`;
/*!40101 SET @saved_cs_client     = @@character_set_client */;
/*!40101 SET character_set_client = utf8 */;
CREATE TABLE `components_sea_services_components` (
  `id` int(10) unsigned NOT NULL AUTO_INCREMENT,
  `entity_id` int(10) unsigned DEFAULT NULL,
  `component_id` int(10) unsigned DEFAULT NULL,
  `component_type` varchar(255) DEFAULT NULL,
  `field` varchar(255) DEFAULT NULL,
  `order` double unsigned DEFAULT NULL,
  PRIMARY KEY (`id`),
  UNIQUE KEY `components_sea_services_unique` (`entity_id`,`component_id`,`field`,`component_type`),
  KEY `components_sea_services_field_index` (`field`),
  KEY `components_sea_services_component_type_index` (`component_type`),
  KEY `components_sea_services_entity_fk` (`entity_id`),
  CONSTRAINT `components_sea_services_entity_fk` FOREIGN KEY (`entity_id`) REFERENCES `components_sea_services` (`id`) ON DELETE CASCADE
) ENGINE=InnoDB AUTO_INCREMENT=166 DEFAULT CHARSET=utf8mb4 COLLATE=utf8mb4_general_ci;
/*!40101 SET character_set_client = @saved_cs_client */;

--
-- Dumping data for table `components_sea_services_components`
--

LOCK TABLES `components_sea_services_components` WRITE;
/*!40000 ALTER TABLE `components_sea_services_components` DISABLE KEYS */;
INSERT INTO `components_sea_services_components` VALUES (1,1,36,'common.price-table','price_table',1),(2,1,66,'rail.service','properties',1),(3,1,67,'rail.service','properties',2),(4,1,68,'rail.service','properties',3),(9,2,37,'common.price-table','price_table',1),(10,2,69,'rail.service','properties',1),(11,2,70,'rail.service','properties',2),(12,2,71,'rail.service','properties',3),(21,3,38,'common.price-table','price_table',1),(22,3,72,'rail.service','properties',1),(23,3,73,'rail.service','properties',2),(112,13,51,'common.price-table','price_table',2),(113,13,110,'rail.service','properties',1),(114,13,111,'rail.service','properties',2),(115,13,112,'rail.service','properties',3),(116,14,52,'common.price-table','price_table',2),(117,14,113,'rail.service','properties',1),(118,14,114,'rail.service','properties',2),(119,14,115,'rail.service','properties',3),(120,15,53,'common.price-table','price_table',2),(121,15,116,'rail.service','properties',1),(122,15,117,'rail.service','properties',2);
/*!40000 ALTER TABLE `components_sea_services_components` ENABLE KEYS */;
UNLOCK TABLES;

--
-- Table structure for table `components_service_advantages`
--

DROP TABLE IF EXISTS `components_service_advantages`;
/*!40101 SET @saved_cs_client     = @@character_set_client */;
/*!40101 SET character_set_client = utf8 */;
CREATE TABLE `components_service_advantages` (
  `id` int(10) unsigned NOT NULL AUTO_INCREMENT,
  `title` varchar(255) DEFAULT NULL,
  PRIMARY KEY (`id`)
) ENGINE=InnoDB AUTO_INCREMENT=133 DEFAULT CHARSET=utf8mb4 COLLATE=utf8mb4_general_ci;
/*!40101 SET character_set_client = @saved_cs_client */;

--
-- Dumping data for table `components_service_advantages`
--

LOCK TABLES `components_service_advantages` WRITE;
/*!40000 ALTER TABLE `components_service_advantages` DISABLE KEYS */;
INSERT INTO `components_service_advantages` VALUES (18,'Chnh xc'),(19,'Ti u'),(20,'Tin cy'),(21,'T duy qun tr t t'),(22,'Sn phm v dch v t t'),(23,'Nhn vin t t'),(53,'High precision'),(54,'Consulting and carrying out all customs procedures'),(55,'Fast time'),(57,'Optimal cost'),(85,' chnh xc cao'),(86,'T vn v thc hin mi th tc hi quan'),(87,'Thi gian nhanh chng'),(88,'Chi ph ti u'),(95,'TI U hnh trnh giao nhn n vng su, vng xa'),(96,'CHNH XC trong tng n hng'),(97,'AN TON khi giao nhn, hn ch ti a ri ro'),(98,'HIN I trong ng dng cng ngh v ti u hnh trnh'),(99,'OPTIMIZE the delivery journey to remote areas'),(100,'EXACTLY in every order'),(101,'SAFETY when delivering, minimizing risks'),(102,'MODERN in technology application and journey optimization'),(103,'Chia chn hng nng n 50kg'),(104,'Tit kim nhn lc n 91%'),(105,'Cng sut bu phm/ gi: 42.000'),(106,'T l sai st: 0.001%'),(107,'Weight sorting capacity of heavy package up to 50 kg'),(108,'Up to 91% labor saving'),(109,'Capacity parcels/hour: 42.000'),(110,'Error rate: 0.001%'),(111,'Tng din tch tch kho: 400.000 m2'),(112,'Ph sng khp cc tnh thnh: 63/63'),(113,'V tr c a'),(114,'Cng ngh qun l kho hin i (WMS)'),(115,'PCCC t chun, gi k chu c p lc ln,  bn cao'),(116,'Total warehouse area: 400,000 m2'),(117,'Coverage throughout the provinces: 63/63'),(118,'Prime location'),(119,'Modern warehouse management technology (WMS)'),(120,'Standard fire protection, shelves withstand great pressure, high durability'),(127,'Accurate'),(128,'Optimal'),(129,'Reliable'),(130,'Kind management mindset'),(131,'Kind products and services'),(132,'Kind staffs');
/*!40000 ALTER TABLE `components_service_advantages` ENABLE KEYS */;
UNLOCK TABLES;

--
-- Table structure for table `components_service_contact_service_contacts`
--

DROP TABLE IF EXISTS `components_service_contact_service_contacts`;
/*!40101 SET @saved_cs_client     = @@character_set_client */;
/*!40101 SET character_set_client = utf8 */;
CREATE TABLE `components_service_contact_service_contacts` (
  `id` int(10) unsigned NOT NULL AUTO_INCREMENT,
  `name` varchar(255) DEFAULT NULL,
  `phone` varchar(255) DEFAULT NULL,
  `phone_displayed` varchar(255) DEFAULT NULL,
  PRIMARY KEY (`id`)
) ENGINE=InnoDB AUTO_INCREMENT=39 DEFAULT CHARSET=utf8mb4 COLLATE=utf8mb4_general_ci;
/*!40101 SET character_set_client = @saved_cs_client */;

--
-- Dumping data for table `components_service_contact_service_contacts`
--

LOCK TABLES `components_service_contact_service_contacts` WRITE;
/*!40000 ALTER TABLE `components_service_contact_service_contacts` DISABLE KEYS */;
INSERT INTO `components_service_contact_service_contacts` VALUES (3,'Mr. Thng','0355206666','0355.20.6666'),(4,'Mr. Hi','0933169998','0933.16.9998'),(19,'Mr. Thng','0355206666','0355.20.6666'),(20,'Mr. Hi','0933169998','0933.16.9998'),(21,'Mr. Bnh','0975226161','0975.226.161'),(22,'Mr. Thanh','0989278888','0989.278.888'),(23,'Mr. Bnh','0975226161','0975.226.161'),(24,'Mr. Thanh','0989278888','0989.278.888'),(31,'Mr. Thng','0355206666','0355.20.6666'),(32,'Mr. Hi','0933169998','0933.16.9998'),(33,'Mr. Thng','0355206666','0355.20.6666'),(34,'Mr. Hi','0933169998','0933.16.9998'),(35,'Mr. Bnh','0975226161','0975.226.161'),(36,'Mr. Thanh','0989278888','0989.278.888'),(37,'Mr. Bnh','0975226161','0975.226.161'),(38,'Mr. Thanh','0989278888','0989.278.888');
/*!40000 ALTER TABLE `components_service_contact_service_contacts` ENABLE KEYS */;
UNLOCK TABLES;

--
-- Table structure for table `components_service_features`
--

DROP TABLE IF EXISTS `components_service_features`;
/*!40101 SET @saved_cs_client     = @@character_set_client */;
/*!40101 SET character_set_client = utf8 */;
CREATE TABLE `components_service_features` (
  `id` int(10) unsigned NOT NULL AUTO_INCREMENT,
  `number` bigint(20) DEFAULT NULL,
  `object` varchar(255) DEFAULT NULL,
  `title` varchar(255) DEFAULT NULL,
  PRIMARY KEY (`id`)
) ENGINE=InnoDB AUTO_INCREMENT=41 DEFAULT CHARSET=utf8mb4 COLLATE=utf8mb4_general_ci;
/*!40101 SET character_set_client = @saved_cs_client */;

--
-- Dumping data for table `components_service_features`
--

LOCK TABLES `components_service_features` WRITE;
/*!40000 ALTER TABLE `components_service_features` DISABLE KEYS */;
INSERT INTO `components_service_features` VALUES (1,3000,'Xe ti ','H thng xe a dng ti trng'),(2,26,'Nm','Thng hiu quc gia'),(3,740000,'m2','H tng kho, bi'),(4,20000,NULL,'CBNV & CTV'),(13,3000,'vehicles','Diverse vehicle system'),(14,26,'years','National brand'),(15,740000,'m2','Warehouse'),(16,20000,NULL,'CBNV & CTV'),(32,10,'Chuyn tu','Chuyn tuyn Bc Nam'),(33,50,'Toa tu','Chuyn dng ch hng'),(34,650,'tn hng','Phc v mi ngy'),(38,10,'Trains','Specializing in North-South route'),(39,50,'Train carriages','Specialized in transporting goods'),(40,650,'tons of goods','Served every day');
/*!40000 ALTER TABLE `components_service_features` ENABLE KEYS */;
UNLOCK TABLES;

--
-- Table structure for table `components_service_information_services`
--

DROP TABLE IF EXISTS `components_service_information_services`;
/*!40101 SET @saved_cs_client     = @@character_set_client */;
/*!40101 SET character_set_client = utf8 */;
CREATE TABLE `components_service_information_services` (
  `id` int(10) unsigned NOT NULL AUTO_INCREMENT,
  `description` longtext DEFAULT NULL,
  PRIMARY KEY (`id`)
) ENGINE=InnoDB AUTO_INCREMENT=17 DEFAULT CHARSET=utf8mb4 COLLATE=utf8mb4_general_ci;
/*!40101 SET character_set_client = @saved_cs_client */;

--
-- Dumping data for table `components_service_information_services`
--

LOCK TABLES `components_service_information_services` WRITE;
/*!40000 ALTER TABLE `components_service_information_services` DISABLE KEYS */;
INSERT INTO `components_service_information_services` VALUES (2,'H thng hin i gip doanh nghip tit kim thi gian lu kho, bo qun hng ha v thc y hot ng kinh doanh ngy cng pht trin nhanh chng'),(3,'Khng ch dng li  kho bi, hng ha c Viettel Logistics giao n tn tay tng khch hng. Do , ch vi mt ln ly hng chng ti c th giao n mi im m qu khch hng yu cu.'),(4,'Viettel Logistics ang l H THNG DUY NHT ti Vit Nam c kh nng chia chn hng nng vi  chnh xc cao. H thng ny gip chia chn hng ha n u ra tng qun/huyn v rt ngn ti a thi gian kt ni bu phm.'),(9,'With the advantage of being a military enterprise with high reputation, the customs procedures are handled quickly and accurately by Viettel Logistics, helping to minimize the cost and time of declaration for businesses.'),(13,'Vi li th l doanh nghip qun i, c s uy tn cao, cc th tc hi quan c Viettel Logistics x l nhanh chng, chnh xc, gip gim thiu ti a chi ph v thi gian k khai cho doanh nghip'),(14,'Services do not stop at the warehouse, goods are delivered to each customer by Viettel Logistics. Therefore, with just one pick up, we can deliver to every point that customers require.'),(15,'Viettel Logistics is the ONLY SYSTEM in Vietnam that has the ability to divide and select heavy goods with high accuracy. This system helps to divide and select goods to each district\'s output and minimize the time to connect parcels.'),(16,'The modern system helps businesses save storage time, preserve goods and promote business activities to grow rapidly.');
/*!40000 ALTER TABLE `components_service_information_services` ENABLE KEYS */;
UNLOCK TABLES;

--
-- Table structure for table `components_service_information_services_components`
--

DROP TABLE IF EXISTS `components_service_information_services_components`;
/*!40101 SET @saved_cs_client     = @@character_set_client */;
/*!40101 SET character_set_client = utf8 */;
CREATE TABLE `components_service_information_services_components` (
  `id` int(10) unsigned NOT NULL AUTO_INCREMENT,
  `entity_id` int(10) unsigned DEFAULT NULL,
  `component_id` int(10) unsigned DEFAULT NULL,
  `component_type` varchar(255) DEFAULT NULL,
  `field` varchar(255) DEFAULT NULL,
  `order` double unsigned DEFAULT NULL,
  PRIMARY KEY (`id`),
  UNIQUE KEY `components_service_information_services_unique` (`entity_id`,`component_id`,`field`,`component_type`),
  KEY `components_service_information_services_field_index` (`field`),
  KEY `components_service_information_services_component_type_index` (`component_type`),
  KEY `components_service_information_services_entity_fk` (`entity_id`),
  CONSTRAINT `components_service_information_services_entity_fk` FOREIGN KEY (`entity_id`) REFERENCES `components_service_information_services` (`id`) ON DELETE CASCADE
) ENGINE=InnoDB AUTO_INCREMENT=201 DEFAULT CHARSET=utf8mb4 COLLATE=utf8mb4_general_ci;
/*!40101 SET character_set_client = @saved_cs_client */;

--
-- Dumping data for table `components_service_information_services_components`
--

LOCK TABLES `components_service_information_services_components` WRITE;
/*!40000 ALTER TABLE `components_service_information_services_components` DISABLE KEYS */;
INSERT INTO `components_service_information_services_components` VALUES (60,9,53,'common.advantage','advantage',1),(61,9,54,'common.advantage','advantage',2),(62,9,55,'common.advantage','advantage',3),(64,9,57,'common.advantage','advantage',4),(125,13,85,'common.advantage','advantage',1),(126,13,86,'common.advantage','advantage',2),(127,13,87,'common.advantage','advantage',3),(128,13,88,'common.advantage','advantage',4),(133,3,95,'common.advantage','advantage',1),(134,3,96,'common.advantage','advantage',2),(135,3,97,'common.advantage','advantage',3),(136,3,98,'common.advantage','advantage',4),(138,14,99,'common.advantage','advantage',1),(139,14,100,'common.advantage','advantage',2),(140,14,101,'common.advantage','advantage',3),(141,14,102,'common.advantage','advantage',4),(142,4,103,'common.advantage','advantage',1),(143,4,104,'common.advantage','advantage',2),(144,4,105,'common.advantage','advantage',3),(145,4,106,'common.advantage','advantage',4),(147,15,107,'common.advantage','advantage',1),(148,15,108,'common.advantage','advantage',2),(149,15,109,'common.advantage','advantage',3),(150,15,110,'common.advantage','advantage',4),(151,2,111,'common.advantage','advantage',1),(152,2,112,'common.advantage','advantage',2),(153,2,113,'common.advantage','advantage',3),(154,2,114,'common.advantage','advantage',4),(155,2,115,'common.advantage','advantage',5),(156,16,116,'common.advantage','advantage',1),(157,16,117,'common.advantage','advantage',2),(158,16,118,'common.advantage','advantage',3),(159,16,119,'common.advantage','advantage',4),(160,16,120,'common.advantage','advantage',5);
/*!40000 ALTER TABLE `components_service_information_services_components` ENABLE KEYS */;
UNLOCK TABLES;

--
-- Table structure for table `components_service_transportation`
--

DROP TABLE IF EXISTS `components_service_transportation`;
/*!40101 SET @saved_cs_client     = @@character_set_client */;
/*!40101 SET character_set_client = utf8 */;
CREATE TABLE `components_service_transportation` (
  `id` int(10) unsigned NOT NULL AUTO_INCREMENT,
  `title` varchar(255) DEFAULT NULL,
  `link` varchar(255) DEFAULT NULL,
  PRIMARY KEY (`id`)
) ENGINE=InnoDB AUTO_INCREMENT=16 DEFAULT CHARSET=utf8mb4 COLLATE=utf8mb4_general_ci;
/*!40101 SET character_set_client = @saved_cs_client */;

--
-- Dumping data for table `components_service_transportation`
--

LOCK TABLES `components_service_transportation` WRITE;
/*!40000 ALTER TABLE `components_service_transportation` DISABLE KEYS */;
INSERT INTO `components_service_transportation` VALUES (1,'NG B','/service/transportation/trucking'),(2,'NG BIN','/service/transportation/sea-transport'),(3,'NG ST','/service/transportation/rail-transportation'),(7,'NG HNG KHNG','/service/transportation/air-transport'),(12,'Trucking','/service/transportation/trucking'),(13,'Sea freight','/service/transportation/sea-transport'),(14,'Railway transport','/service/transportation/rail-transportation'),(15,'Air freight','/service/transportation/air-transport');
/*!40000 ALTER TABLE `components_service_transportation` ENABLE KEYS */;
UNLOCK TABLES;

--
-- Table structure for table `components_shared_meta_socials`
--

DROP TABLE IF EXISTS `components_shared_meta_socials`;
/*!40101 SET @saved_cs_client     = @@character_set_client */;
/*!40101 SET character_set_client = utf8 */;
CREATE TABLE `components_shared_meta_socials` (
  `id` int(10) unsigned NOT NULL AUTO_INCREMENT,
  `social_network` varchar(255) DEFAULT NULL,
  `title` varchar(255) DEFAULT NULL,
  `description` varchar(255) DEFAULT NULL,
  PRIMARY KEY (`id`)
) ENGINE=InnoDB DEFAULT CHARSET=utf8mb4 COLLATE=utf8mb4_general_ci;
/*!40101 SET character_set_client = @saved_cs_client */;

--
-- Dumping data for table `components_shared_meta_socials`
--

LOCK TABLES `components_shared_meta_socials` WRITE;
/*!40000 ALTER TABLE `components_shared_meta_socials` DISABLE KEYS */;
/*!40000 ALTER TABLE `components_shared_meta_socials` ENABLE KEYS */;
UNLOCK TABLES;

--
-- Table structure for table `components_shared_seos`
--

DROP TABLE IF EXISTS `components_shared_seos`;
/*!40101 SET @saved_cs_client     = @@character_set_client */;
/*!40101 SET character_set_client = utf8 */;
CREATE TABLE `components_shared_seos` (
  `id` int(10) unsigned NOT NULL AUTO_INCREMENT,
  `meta_title` varchar(255) DEFAULT NULL,
  `meta_description` varchar(255) DEFAULT NULL,
  `keywords` longtext DEFAULT NULL,
  `meta_robots` varchar(255) DEFAULT NULL,
  `structured_data` longtext CHARACTER SET utf8mb4 COLLATE utf8mb4_bin DEFAULT NULL CHECK (json_valid(`structured_data`)),
  `meta_viewport` varchar(255) DEFAULT NULL,
  `canonical_url` varchar(255) DEFAULT NULL,
  PRIMARY KEY (`id`)
) ENGINE=InnoDB AUTO_INCREMENT=117 DEFAULT CHARSET=utf8mb4 COLLATE=utf8mb4_general_ci;
/*!40101 SET character_set_client = @saved_cs_client */;

--
-- Dumping data for table `components_shared_seos`
--

LOCK TABLES `components_shared_seos` WRITE;
/*!40000 ALTER TABLE `components_shared_seos` DISABLE KEYS */;
INSERT INTO `components_shared_seos` VALUES (1,'Viettel Logistics','Cng ty TNHH MTV Logistics Viettel (Viettel Logistics) l cng ty thnh vin trc thuc Tng Cng ty C phn Bu chnh Viettel',NULL,NULL,NULL,NULL,NULL),(2,'Viettel Logistics','Cng ty TNHH MTV Logistics Viettel (Viettel Logistics) l cng ty thnh vin trc thuc Tng Cng ty C phn Bu chnh Viettel',NULL,NULL,NULL,NULL,NULL),(4,'Viettel Logistics','Cng ty TNHH MTV Logistics Viettel (Viettel Logistics) l cng ty thnh vin trc thuc Tng Cng ty C phn Bu chnh Viettel',NULL,NULL,NULL,NULL,NULL),(5,'Viettel Logistics','Cng ty TNHH MTV Logistics Viettel (Viettel Logistics) l cng ty thnh vin trc thuc Tng Cng ty C phn Bu chnh Viettel',NULL,NULL,NULL,NULL,NULL),(6,'Viettel Logistics','Cng ty TNHH MTV Logistics Viettel (Viettel Logistics) l cng ty thnh vin trc thuc Tng Cng ty C phn Bu chnh Viettel',NULL,NULL,NULL,NULL,NULL),(7,'Viettel Logistics','Cng ty TNHH MTV Logistics Viettel (Viettel Logistics) l cng ty thnh vin trc thuc Tng Cng ty C phn Bu chnh Viettel',NULL,NULL,NULL,NULL,NULL),(8,'Viettel Logistics','Cng ty TNHH MTV Logistics Viettel (Viettel Logistics) l cng ty thnh vin trc thuc Tng Cng ty C phn Bu chnh Viettel',NULL,NULL,NULL,NULL,NULL),(9,'Viettel Logistics','Viettel Logistics Company Limited (Viettel Logistics) is a member company of Viettel Post Joint Stock Corporation',NULL,NULL,NULL,NULL,NULL),(10,'Viettel Logistics','Cng ty TNHH MTV Logistics Viettel (Viettel Logistics) l cng ty thnh vin trc thuc Tng Cng ty C phn Bu chnh Viettel',NULL,NULL,NULL,NULL,NULL),(11,'Viettel Logistics','Cng ty TNHH MTV Logistics Viettel (Viettel Logistics) l cng ty thnh vin trc thuc Tng Cng ty C phn Bu chnh Viettel',NULL,NULL,NULL,NULL,NULL),(13,'Viettel Logistics','Cng ty TNHH MTV Logistics Viettel (Viettel Logistics) l cng ty thnh vin trc thuc Tng Cng ty C phn Bu chnh Viettel',NULL,NULL,NULL,NULL,NULL),(17,'Viettel Logistics','Viettel Logistics Company Limited (Viettel Logistics) is a member company of Viettel Post Joint Stock Corporation',NULL,NULL,NULL,NULL,NULL),(26,'Viettel Logistics','Viettel Logistics Company Limited (Viettel Logistics) is a member company of Viettel Post Joint Stock Corporation',NULL,NULL,NULL,NULL,NULL),(34,'Viettel Logistics','Viettel Logistics Company Limited (Viettel Logistics) is a member company of Viettel Post Joint Stock Corporation',NULL,NULL,NULL,NULL,NULL),(35,'Viettel Logistics','Cng ty TNHH MTV Logistics Viettel (Viettel Logistics) l cng ty thnh vin trc thuc Tng Cng ty C phn Bu chnh Viettel',NULL,NULL,NULL,NULL,NULL),(41,'B gnh nng vi th tc hi quan','B gnh nng vi th tc hi quan B gnh nng vi th tc hi quan',NULL,NULL,NULL,NULL,NULL),(45,'Ln u tin t chc Trin lm Quc t  Logistics','Ln u tin t chc Trin lm Quc t chuyn ngnh Logistics',NULL,NULL,NULL,NULL,NULL),(49,'Logistics ha hn nhiu c hi tip tc tng trng ','Logistics ha hn nhiu c hi tip tc tng trng nhanh trong nm 2023',NULL,NULL,NULL,NULL,NULL),(54,'Logistics trong thi i chuyn i s','Logistics trong thi i chuyn i s Logistics trong thi i chuyn i s',NULL,NULL,NULL,NULL,NULL),(57,'CNG TY LOGISTICS KHAI TRNG GARAGE SA CHA XE ','TRUNG TM KHU VC 3 - CNG TY LOGISTICS KHAI TRNG GARAGE SA CHA XE - BC TIN MI CHO S PHT TRIN BN VNG',NULL,NULL,NULL,NULL,NULL),(60,'Nhn Vin Lm Gi (Pricing - Logistics)','Nhn Vin Lm Gi (Pricing - Logistics) Mc Lng Ln n 14Tr/Thng',NULL,NULL,NULL,NULL,NULL),(82,'Viettel Logistics','Viettel Logistics Company Limited (Viettel Logistics) is a member company of Viettel Post Joint Stock Corporation',NULL,NULL,NULL,NULL,NULL),(83,'Viettel Logistics','Viettel Logistics Company Limited (Viettel Logistics) is a member company of Viettel Post Joint Stock Corporation',NULL,NULL,NULL,NULL,NULL),(84,'Viettel Logistics','Viettel Logistics Company Limited (Viettel Logistics) is a member company of Viettel Post Joint Stock Corporation',NULL,NULL,NULL,NULL,NULL),(85,'Eliminate the burden with customs clearance','Eliminate the burden with customs clearance Eliminate the burden with customs clearance',NULL,NULL,NULL,NULL,NULL),(86,'The first time organize Logistics Exhibition ','The first time to organize the International Exhibition specialized in Logistics',NULL,NULL,NULL,NULL,NULL),(87,'Logistics promises many opportunities in 2023','Logistics promises many opportunities for rapid growth in 2023',NULL,NULL,NULL,NULL,NULL),(88,'Logistics in the age of digital transformation','Logistics in the age of digital transformation Logistics in the age of digital transformation',NULL,NULL,NULL,NULL,NULL),(89,'VIETTEL LOGISTICS COMPANY OPENING VEHICLE REPAIR GARAGE','CENTER AREA 3 - LOGISTICS COMPANY OPENING VEHICLE REPAIR GARAGE',NULL,NULL,NULL,NULL,NULL),(90,'Pricing Staff -  Salary Up to 14 Million','Pricing Staff (Pricing - Logistics) Salary Up to 14 Million',NULL,NULL,NULL,NULL,NULL),(91,'Viettel Logistics','Viettel Logistics Company Limited (Viettel Logistics) is a member company of Viettel Post Joint Stock Corporation',NULL,NULL,NULL,NULL,NULL),(93,'Viettel Logistics','Viettel Logistics Company Limited (Viettel Logistics) is a member company of Viettel Post Joint Stock Corporation',NULL,NULL,NULL,NULL,NULL),(94,'Viettel Logistics','Viettel Logistics Company Limited (Viettel Logistics) is a member company of Viettel Post Joint Stock Corporation',NULL,NULL,NULL,NULL,NULL),(95,'Viettel Logistics','Viettel Logistics Company Limited (Viettel Logistics) is a member company of Viettel Post Joint Stock Corporation',NULL,NULL,NULL,NULL,NULL),(97,'Viettel Logistics','Viettel Logistics Company Limited (Viettel Logistics) is a member company of Viettel Post Joint Stock Corporation',NULL,NULL,NULL,NULL,NULL),(100,'Viettel Logistics','Cng ty TNHH MTV Logistics Viettel (Viettel Logistics) l cng ty thnh vin trc thuc Tng Cng ty C phn Bu chnh Viettel',NULL,NULL,NULL,NULL,NULL),(101,'Viettel Logistics','Viettel Logistics Company Limited (Viettel Logistics) is a member company of Viettel Post Joint Stock Corporation',NULL,NULL,NULL,NULL,NULL),(103,'Dch v vn ti ng st','Dch v vn ti ng st Dch v vn ti ng st',NULL,NULL,NULL,NULL,NULL),(105,'Railway transport service','Railway transport service Railway transport service',NULL,NULL,NULL,NULL,NULL),(106,'Viettel logistic','Ln u tin t chc Trin lm Quc t chuyn ngnh Logistics',NULL,NULL,NULL,NULL,NULL),(110,'Viettel logistic','The first time to organize the International Exhibition specialized in Logistics',NULL,NULL,NULL,NULL,NULL),(111,'Viettel logistic','The first time to organize the International Exhibition specialized in Logistics',NULL,NULL,NULL,NULL,NULL),(112,'Viettel logistic','Ln u tin t chc Trin lm Quc t chuyn ngnh Logistics',NULL,NULL,NULL,NULL,NULL),(113,'Viettel Post won the IT Awards gold award','VIETTEL POST IS THE ONLY LOGISTICS UNIT IN THE WORLD WIN IT WORLD AWARDS 2023 GOLD AWARD',NULL,NULL,NULL,NULL,NULL),(114,'Viettel Post nhn gii thng hiu Quc gia VN','VIETTEL POST XUT SC NHN GII THNG DOANH NGHIP C SN PHM T THNG HIU QUC GIA VIT NAM LN TH 5',NULL,NULL,NULL,NULL,NULL),(115,'Viettel Post t gii vng IT Awards','VIETTEL POST L N V LOGISTICS DUY NHT TRN TH GII T GII VNG IT WORLD AWARDS 2023',NULL,NULL,NULL,NULL,NULL),(116,'Viettel Post received the Vietnam National Brand Award','VIETTEL POST EXCELLENTLY RECEIVES THE \"ENTERPRISE WITH PRODUCTS HAVING VIETNAM\'S NATIONAL BRANDS\" FOR THE 5TH TIME',NULL,NULL,NULL,NULL,NULL);
/*!40000 ALTER TABLE `components_shared_seos` ENABLE KEYS */;
UNLOCK TABLES;

--
-- Table structure for table `components_shared_seos_components`
--

DROP TABLE IF EXISTS `components_shared_seos_components`;
/*!40101 SET @saved_cs_client     = @@character_set_client */;
/*!40101 SET character_set_client = utf8 */;
CREATE TABLE `components_shared_seos_components` (
  `id` int(10) unsigned NOT NULL AUTO_INCREMENT,
  `entity_id` int(10) unsigned DEFAULT NULL,
  `component_id` int(10) unsigned DEFAULT NULL,
  `component_type` varchar(255) DEFAULT NULL,
  `field` varchar(255) DEFAULT NULL,
  `order` double unsigned DEFAULT NULL,
  PRIMARY KEY (`id`),
  UNIQUE KEY `components_shared_seos_unique` (`entity_id`,`component_id`,`field`,`component_type`),
  KEY `components_shared_seos_field_index` (`field`),
  KEY `components_shared_seos_component_type_index` (`component_type`),
  KEY `components_shared_seos_entity_fk` (`entity_id`),
  CONSTRAINT `components_shared_seos_entity_fk` FOREIGN KEY (`entity_id`) REFERENCES `components_shared_seos` (`id`) ON DELETE CASCADE
) ENGINE=InnoDB DEFAULT CHARSET=utf8mb4 COLLATE=utf8mb4_general_ci;
/*!40101 SET character_set_client = @saved_cs_client */;

--
-- Dumping data for table `components_shared_seos_components`
--

LOCK TABLES `components_shared_seos_components` WRITE;
/*!40000 ALTER TABLE `components_shared_seos_components` DISABLE KEYS */;
/*!40000 ALTER TABLE `components_shared_seos_components` ENABLE KEYS */;
UNLOCK TABLES;

--
-- Table structure for table `components_trucking_features`
--

DROP TABLE IF EXISTS `components_trucking_features`;
/*!40101 SET @saved_cs_client     = @@character_set_client */;
/*!40101 SET character_set_client = utf8 */;
CREATE TABLE `components_trucking_features` (
  `id` int(10) unsigned NOT NULL AUTO_INCREMENT,
  `title` varchar(255) DEFAULT NULL,
  `description` longtext DEFAULT NULL,
  PRIMARY KEY (`id`)
) ENGINE=InnoDB AUTO_INCREMENT=98 DEFAULT CHARSET=utf8mb4 COLLATE=utf8mb4_general_ci;
/*!40101 SET character_set_client = @saved_cs_client */;

--
-- Dumping data for table `components_trucking_features`
--

LOCK TABLES `components_trucking_features` WRITE;
/*!40000 ALTER TABLE `components_trucking_features` DISABLE KEYS */;
INSERT INTO `components_trucking_features` VALUES (82,'5.000 im giao nhn ph khp c nc',NULL),(83,'3.000 xe  t phc v 30.000 tn hng mi ngy',NULL),(84,'H thng vn ti linh hot',NULL),(85,'Chuyn tuyn: Vit Nam - Trung Quc, Lo, Campuchia, Thi Lan, Myanmar...',NULL),(86,'Vn chuyn hng qu kh, siu trng, siu trng...',NULL),(87,'Gim ti a thi gian hng trung chuyn v hng tn kho.',NULL),(88,'Thi gian vn chuyn nhanh',NULL),(89,'Tit kim chi ph',NULL),(90,'5.000 delivery points all over the country',NULL),(91,'3.000 trucks & containers serving 30,000 tons of goods per day',NULL),(92,'Flexible transportation system',NULL),(93,'Specialized routes: Vietnam - China, Laos, Cambodia, Thailand, Myanmar...',NULL),(94,'Transporting oversized, super weight goods',NULL),(95,'Minimize transit time and inventory.',NULL),(96,'Fast shipping time',NULL),(97,'Cost savings',NULL);
/*!40000 ALTER TABLE `components_trucking_features` ENABLE KEYS */;
UNLOCK TABLES;

--
-- Table structure for table `components_trucking_introduce_features`
--

DROP TABLE IF EXISTS `components_trucking_introduce_features`;
/*!40101 SET @saved_cs_client     = @@character_set_client */;
/*!40101 SET character_set_client = utf8 */;
CREATE TABLE `components_trucking_introduce_features` (
  `id` int(10) unsigned NOT NULL AUTO_INCREMENT,
  `title` varchar(255) DEFAULT NULL,
  `description` longtext DEFAULT NULL,
  PRIMARY KEY (`id`)
) ENGINE=InnoDB AUTO_INCREMENT=61 DEFAULT CHARSET=utf8mb4 COLLATE=utf8mb4_general_ci;
/*!40101 SET character_set_client = @saved_cs_client */;

--
-- Dumping data for table `components_trucking_introduce_features`
--

LOCK TABLES `components_trucking_introduce_features` WRITE;
/*!40000 ALTER TABLE `components_trucking_introduce_features` DISABLE KEYS */;
INSERT INTO `components_trucking_introduce_features` VALUES (4,'Dch v a dng','Cung cp dch v vn ti hng l, hng nguyn chuyn, cc dch v gia tng c trong v ngoi nc, linh hot p ng mi nhu cu ca khch hng'),(5,'Chui cung ng khp kn','Cung cp cc gi vn chuyn hng ha theo yu cu gip rt ngn quy trnh, hn ch ri ro, tit kim cng sc v thi gian.'),(6,'Mng li rng khp','Mt trong s t cng ty c mng li vn chuyn bao ph 63/63 tnh thnh. Kt ni hn 220 sn bay quc t, cung cp cc ng bay chuyn tuyn li th Vit Nam - Trung Quc, Nht bn, M'),(7,'Chi ph ti u','Kt hp linh hot cc phng thc vn chuyn nhm mang n dch v vn chuyn tt nht vi chi ph r nht'),(45,'Diversified services','Providing transportation services for LCL, FTL, value-added services both at home and abroad, flexibly meeting all needs of customers.'),(46,'Closed supply chain','Providing freight packages on demand to help shorten the process, limit risks, save effort and time.'),(47,'Wide network','One of the few companies with a transportation network covering 63/63 provinces in Viet Nam. Connecting more than 220 international airports, providing special routes with advantages of Vietnam - China, Japan, the US'),(48,'Optimal cost','Flexible combination of shipping methods to bring the best shipping service with the cheapest cost.'),(55,'Gi kin','ng gi cn thn, ng quy trnh'),(56,'Gi hng nguyn chuyn','Chi ph ti u'),(57,'Gi l','Thi gian nhanh chng\n'),(58,'Package shipping','Packed carefully, in accordance with the process'),(59,'Full truck shipping','Optimal cost'),(60,'Lot shipping','Fast time');
/*!40000 ALTER TABLE `components_trucking_introduce_features` ENABLE KEYS */;
UNLOCK TABLES;

--
-- Table structure for table `components_trucking_other_services`
--

DROP TABLE IF EXISTS `components_trucking_other_services`;
/*!40101 SET @saved_cs_client     = @@character_set_client */;
/*!40101 SET character_set_client = utf8 */;
CREATE TABLE `components_trucking_other_services` (
  `id` int(10) unsigned NOT NULL AUTO_INCREMENT,
  `title` varchar(255) DEFAULT NULL,
  `link` varchar(255) DEFAULT NULL,
  PRIMARY KEY (`id`)
) ENGINE=InnoDB AUTO_INCREMENT=119 DEFAULT CHARSET=utf8mb4 COLLATE=utf8mb4_general_ci;
/*!40101 SET character_set_client = @saved_cs_client */;

--
-- Dumping data for table `components_trucking_other_services`
--

LOCK TABLES `components_trucking_other_services` WRITE;
/*!40000 ALTER TABLE `components_trucking_other_services` DISABLE KEYS */;
INSERT INTO `components_trucking_other_services` VALUES (47,'Vn ti','/service/transportation/trucking'),(48,'Hi quan','/service/customs'),(49,'Kho bi','/service/warehouse'),(50,'ng gi & chia chn hng ha','/service/packing'),(51,'Giao hng im cui','/service/endpoint_delivery'),(52,'Trucking','/service/transportation/trucking'),(53,'Customs services','/service/customs'),(54,'Warehousing & Storing','/service/warehouse'),(55,'Packing & Sorting','/service/packing'),(56,'Last mile delivery','/service/endpoint_delivery'),(72,'Vn ti ng b','/service/transportation/trucking'),(73,'Hi quan','/service/customs'),(74,'Kho bi','/service/warehouse'),(78,'ng gi & chia chn hng ha','/service/packing'),(79,'Trucking','/service/transportation/trucking'),(80,'Customs services','/service/customs'),(81,'Warehousing & Storing','/service/warehouse'),(82,'Packing & Sorting','/service/packing'),(83,'Vn ti ng b','/service/transportation/trucking'),(84,'Hi quan','/service/customs'),(85,'Kho bi','/service/warehouse'),(86,'ng gi & chia chn hng ha','/service/packing'),(99,'Trucking','/service/transportation/trucking'),(100,'Customs services','/service/customs'),(101,'Warehousing & Storing','/service/warehouse'),(102,'Packing & Sorting','/service/packing'),(111,'Trucking','/service/transportation/trucking'),(112,'Customs services','/service/customs'),(113,'Warehousing & Storing','/service/warehouse'),(114,'Packing & Sorting','/service/packing'),(115,'Vn ti ng b','/service/transportation/trucking'),(116,'Hi quan','/service/customs'),(117,'Kho bi','/service/warehouse'),(118,'ng gi & chia chn hng ha','/service/packing');
/*!40000 ALTER TABLE `components_trucking_other_services` ENABLE KEYS */;
UNLOCK TABLES;

--
-- Table structure for table `contacts`
--

DROP TABLE IF EXISTS `contacts`;
/*!40101 SET @saved_cs_client     = @@character_set_client */;
/*!40101 SET character_set_client = utf8 */;
CREATE TABLE `contacts` (
  `id` int(10) unsigned NOT NULL AUTO_INCREMENT,
  `created_at` datetime(6) DEFAULT NULL,
  `updated_at` datetime(6) DEFAULT NULL,
  `created_by_id` int(10) unsigned DEFAULT NULL,
  `updated_by_id` int(10) unsigned DEFAULT NULL,
  `locale` varchar(255) DEFAULT NULL,
  PRIMARY KEY (`id`),
  KEY `contacts_created_by_id_fk` (`created_by_id`),
  KEY `contacts_updated_by_id_fk` (`updated_by_id`),
  CONSTRAINT `contacts_created_by_id_fk` FOREIGN KEY (`created_by_id`) REFERENCES `admin_users` (`id`) ON DELETE SET NULL,
  CONSTRAINT `contacts_updated_by_id_fk` FOREIGN KEY (`updated_by_id`) REFERENCES `admin_users` (`id`) ON DELETE SET NULL
) ENGINE=InnoDB AUTO_INCREMENT=3 DEFAULT CHARSET=utf8mb4 COLLATE=utf8mb4_general_ci;
/*!40101 SET character_set_client = @saved_cs_client */;

--
-- Dumping data for table `contacts`
--

LOCK TABLES `contacts` WRITE;
/*!40000 ALTER TABLE `contacts` DISABLE KEYS */;
INSERT INTO `contacts` VALUES (1,'2023-05-25 08:41:01.113000','2023-06-01 18:55:23.356000',1,1,'vi-VN'),(2,'2023-05-30 10:10:40.766000','2023-06-27 08:48:59.282000',1,1,'en');
/*!40000 ALTER TABLE `contacts` ENABLE KEYS */;
UNLOCK TABLES;

--
-- Table structure for table `contacts_components`
--

DROP TABLE IF EXISTS `contacts_components`;
/*!40101 SET @saved_cs_client     = @@character_set_client */;
/*!40101 SET character_set_client = utf8 */;
CREATE TABLE `contacts_components` (
  `id` int(10) unsigned NOT NULL AUTO_INCREMENT,
  `entity_id` int(10) unsigned DEFAULT NULL,
  `component_id` int(10) unsigned DEFAULT NULL,
  `component_type` varchar(255) DEFAULT NULL,
  `field` varchar(255) DEFAULT NULL,
  `order` double unsigned DEFAULT NULL,
  PRIMARY KEY (`id`),
  UNIQUE KEY `contacts_unique` (`entity_id`,`component_id`,`field`,`component_type`),
  KEY `contacts_field_index` (`field`),
  KEY `contacts_component_type_index` (`component_type`),
  KEY `contacts_entity_fk` (`entity_id`),
  CONSTRAINT `contacts_entity_fk` FOREIGN KEY (`entity_id`) REFERENCES `contacts` (`id`) ON DELETE CASCADE
) ENGINE=InnoDB AUTO_INCREMENT=57 DEFAULT CHARSET=utf8mb4 COLLATE=utf8mb4_general_ci;
/*!40101 SET character_set_client = @saved_cs_client */;

--
-- Dumping data for table `contacts_components`
--

LOCK TABLES `contacts_components` WRITE;
/*!40000 ALTER TABLE `contacts_components` DISABLE KEYS */;
INSERT INTO `contacts_components` VALUES (1,1,1,'contact.contact','contacts',1),(2,1,2,'contact.contact','contacts',2),(3,1,3,'contact.contact','contacts',3),(28,1,2,'shared.seo','SEO',1),(41,2,10,'contact.contact','contacts',1),(42,2,11,'contact.contact','contacts',2),(43,2,12,'contact.contact','contacts',3),(44,2,34,'shared.seo','SEO',3);
/*!40000 ALTER TABLE `contacts_components` ENABLE KEYS */;
UNLOCK TABLES;

--
-- Table structure for table `contacts_localizations_links`
--

DROP TABLE IF EXISTS `contacts_localizations_links`;
/*!40101 SET @saved_cs_client     = @@character_set_client */;
/*!40101 SET character_set_client = utf8 */;
CREATE TABLE `contacts_localizations_links` (
  `id` int(10) unsigned NOT NULL AUTO_INCREMENT,
  `contact_id` int(10) unsigned DEFAULT NULL,
  `inv_contact_id` int(10) unsigned DEFAULT NULL,
  `contact_order` double unsigned DEFAULT NULL,
  PRIMARY KEY (`id`),
  UNIQUE KEY `contacts_localizations_links_unique` (`contact_id`,`inv_contact_id`),
  KEY `contacts_localizations_links_fk` (`contact_id`),
  KEY `contacts_localizations_links_inv_fk` (`inv_contact_id`),
  KEY `contacts_localizations_links_order_fk` (`contact_order`),
  CONSTRAINT `contacts_localizations_links_fk` FOREIGN KEY (`contact_id`) REFERENCES `contacts` (`id`) ON DELETE CASCADE,
  CONSTRAINT `contacts_localizations_links_inv_fk` FOREIGN KEY (`inv_contact_id`) REFERENCES `contacts` (`id`) ON DELETE CASCADE
) ENGINE=InnoDB AUTO_INCREMENT=3 DEFAULT CHARSET=utf8mb4 COLLATE=utf8mb4_general_ci;
/*!40101 SET character_set_client = @saved_cs_client */;

--
-- Dumping data for table `contacts_localizations_links`
--

LOCK TABLES `contacts_localizations_links` WRITE;
/*!40000 ALTER TABLE `contacts_localizations_links` DISABLE KEYS */;
INSERT INTO `contacts_localizations_links` VALUES (1,2,1,1),(2,1,2,1);
/*!40000 ALTER TABLE `contacts_localizations_links` ENABLE KEYS */;
UNLOCK TABLES;

--
-- Table structure for table `countries`
--

DROP TABLE IF EXISTS `countries`;
/*!40101 SET @saved_cs_client     = @@character_set_client */;
/*!40101 SET character_set_client = utf8 */;
CREATE TABLE `countries` (
  `id` int(10) unsigned NOT NULL AUTO_INCREMENT,
  `name` varchar(255) DEFAULT NULL,
  `fullname` varchar(255) DEFAULT NULL,
  `created_at` datetime(6) DEFAULT NULL,
  `updated_at` datetime(6) DEFAULT NULL,
  `created_by_id` int(10) unsigned DEFAULT NULL,
  `updated_by_id` int(10) unsigned DEFAULT NULL,
  `locale` varchar(255) DEFAULT NULL,
  PRIMARY KEY (`id`),
  KEY `countries_created_by_id_fk` (`created_by_id`),
  KEY `countries_updated_by_id_fk` (`updated_by_id`),
  CONSTRAINT `countries_created_by_id_fk` FOREIGN KEY (`created_by_id`) REFERENCES `admin_users` (`id`) ON DELETE SET NULL,
  CONSTRAINT `countries_updated_by_id_fk` FOREIGN KEY (`updated_by_id`) REFERENCES `admin_users` (`id`) ON DELETE SET NULL
) ENGINE=InnoDB AUTO_INCREMENT=984 DEFAULT CHARSET=utf8mb4 COLLATE=utf8mb4_general_ci;
/*!40101 SET character_set_client = @saved_cs_client */;

--
-- Dumping data for table `countries`
--

LOCK TABLES `countries` WRITE;
/*!40000 ALTER TABLE `countries` DISABLE KEYS */;
INSERT INTO `countries` VALUES (594,'afghanistan','Afghanistan','2023-06-05 03:13:51.977000','2023-06-05 03:13:51.977000',NULL,NULL,'vi-VN'),(595,'albania','Albania','2023-06-05 03:13:51.987000','2023-06-05 03:13:51.987000',NULL,NULL,'vi-VN'),(596,'algeria','Algeria','2023-06-05 03:13:51.990000','2023-06-05 03:13:51.990000',NULL,NULL,'vi-VN'),(597,'andorra','Andorra','2023-06-05 03:13:51.994000','2023-06-05 03:13:51.994000',NULL,NULL,'vi-VN'),(598,'angola','Angola','2023-06-05 03:13:51.997000','2023-06-05 03:13:51.997000',NULL,NULL,'vi-VN'),(599,'antigua_and_barbuda','Antigua and Barbuda','2023-06-05 03:13:52.003000','2023-06-05 03:13:52.003000',NULL,NULL,'vi-VN'),(600,'argentina','Argentina','2023-06-05 03:13:52.008000','2023-06-05 03:13:52.008000',NULL,NULL,'vi-VN'),(601,'armenia','Armenia','2023-06-05 03:13:52.011000','2023-06-05 03:13:52.011000',NULL,NULL,'vi-VN'),(602,'australia','Australia','2023-06-05 03:13:52.015000','2023-06-05 03:13:52.015000',NULL,NULL,'vi-VN'),(603,'austria','Austria','2023-06-05 03:13:52.018000','2023-06-05 03:13:52.018000',NULL,NULL,'vi-VN'),(604,'azerbaijan','Azerbaijan','2023-06-05 03:13:52.021000','2023-06-05 03:13:52.021000',NULL,NULL,'vi-VN'),(605,'bahamas','Bahamas','2023-06-05 03:13:52.025000','2023-06-05 03:13:52.025000',NULL,NULL,'vi-VN'),(606,'bahrain','Bahrain','2023-06-05 03:13:52.028000','2023-06-05 03:13:52.028000',NULL,NULL,'vi-VN'),(607,'bangladesh','Bangladesh','2023-06-05 03:13:52.031000','2023-06-05 03:13:52.031000',NULL,NULL,'vi-VN'),(608,'barbados','Barbados','2023-06-05 03:13:52.035000','2023-06-05 03:13:52.035000',NULL,NULL,'vi-VN'),(609,'belarus','Belarus','2023-06-05 03:13:52.038000','2023-06-05 03:13:52.038000',NULL,NULL,'vi-VN'),(610,'belgium','Belgium','2023-06-05 03:13:52.042000','2023-06-05 03:13:52.042000',NULL,NULL,'vi-VN'),(611,'belize','Belize','2023-06-05 03:13:52.045000','2023-06-05 03:13:52.045000',NULL,NULL,'vi-VN'),(612,'benin','Benin','2023-06-05 03:13:52.048000','2023-06-05 03:13:52.048000',NULL,NULL,'vi-VN'),(613,'bhutan','Bhutan','2023-06-05 03:13:52.057000','2023-06-05 03:13:52.057000',NULL,NULL,'vi-VN'),(614,'bolivia','Bolivia','2023-06-05 03:13:52.062000','2023-06-05 03:13:52.062000',NULL,NULL,'vi-VN'),(615,'bosnia_and_herzegovina','Bosnia and Herzegovina','2023-06-05 03:13:52.066000','2023-06-05 03:13:52.066000',NULL,NULL,'vi-VN'),(616,'botswana','Botswana','2023-06-05 03:13:52.069000','2023-06-05 03:13:52.069000',NULL,NULL,'vi-VN'),(617,'brazil','Brazil','2023-06-05 03:13:52.073000','2023-06-05 03:13:52.073000',NULL,NULL,'vi-VN'),(618,'brunei','Brunei','2023-06-05 03:13:52.077000','2023-06-05 03:13:52.077000',NULL,NULL,'vi-VN'),(619,'bulgaria','Bulgaria','2023-06-05 03:13:52.081000','2023-06-05 03:13:52.081000',NULL,NULL,'vi-VN'),(620,'burkina_faso','Burkina Faso','2023-06-05 03:13:52.085000','2023-06-05 03:13:52.085000',NULL,NULL,'vi-VN'),(621,'burundi','Burundi','2023-06-05 03:13:52.092000','2023-06-05 03:13:52.092000',NULL,NULL,'vi-VN'),(622,'cabo_verde','Cabo Verde','2023-06-05 03:13:52.096000','2023-06-05 03:13:52.096000',NULL,NULL,'vi-VN'),(623,'cambodia','Cambodia','2023-06-05 03:13:52.104000','2023-06-05 03:13:52.104000',NULL,NULL,'vi-VN'),(624,'cameroon','Cameroon','2023-06-05 03:13:52.108000','2023-06-05 03:13:52.108000',NULL,NULL,'vi-VN'),(625,'canada','Canada','2023-06-05 03:13:52.112000','2023-06-05 03:13:52.112000',NULL,NULL,'vi-VN'),(626,'central_african_republic','Central African Republic','2023-06-05 03:13:52.117000','2023-06-05 03:13:52.117000',NULL,NULL,'vi-VN'),(627,'chad','Chad','2023-06-05 03:13:52.121000','2023-06-05 03:13:52.121000',NULL,NULL,'vi-VN'),(628,'chile','Chile','2023-06-05 03:13:52.124000','2023-06-05 03:13:52.124000',NULL,NULL,'vi-VN'),(629,'china','China','2023-06-05 03:13:52.133000','2023-06-05 03:13:52.133000',NULL,NULL,'vi-VN'),(630,'colombia','Colombia','2023-06-05 03:13:52.137000','2023-06-05 03:13:52.137000',NULL,NULL,'vi-VN'),(631,'comoros','Comoros','2023-06-05 03:13:52.141000','2023-06-05 03:13:52.141000',NULL,NULL,'vi-VN'),(632,'congo','Congo','2023-06-05 03:13:52.146000','2023-06-05 03:13:52.146000',NULL,NULL,'vi-VN'),(633,'costa_rica','Costa Rica','2023-06-05 03:13:52.150000','2023-06-05 03:13:52.150000',NULL,NULL,'vi-VN'),(634,'cte_divoire','Cte dIvoire','2023-06-05 03:13:52.153000','2023-06-05 03:13:52.153000',NULL,NULL,'vi-VN'),(635,'croatia','Croatia','2023-06-05 03:13:52.156000','2023-06-05 03:13:52.156000',NULL,NULL,'vi-VN'),(636,'cuba','Cuba','2023-06-05 03:13:52.159000','2023-06-05 03:13:52.159000',NULL,NULL,'vi-VN'),(637,'cyprus','Cyprus','2023-06-05 03:13:52.164000','2023-06-05 03:13:52.164000',NULL,NULL,'vi-VN'),(638,'czechia','Czechia','2023-06-05 03:13:52.169000','2023-06-05 03:13:52.169000',NULL,NULL,'vi-VN'),(639,'denmark','Denmark','2023-06-05 03:13:52.172000','2023-06-05 03:13:52.172000',NULL,NULL,'vi-VN'),(640,'djibouti','Djibouti','2023-06-05 03:13:52.179000','2023-06-05 03:13:52.179000',NULL,NULL,'vi-VN'),(641,'dominica','Dominica','2023-06-05 03:13:52.182000','2023-06-05 03:13:52.182000',NULL,NULL,'vi-VN'),(642,'dominican_republic','Dominican Republic','2023-06-05 03:13:52.186000','2023-06-05 03:13:52.186000',NULL,NULL,'vi-VN'),(643,'dr_congo','DR Congo','2023-06-05 03:13:52.190000','2023-06-05 03:13:52.190000',NULL,NULL,'vi-VN'),(644,'ecuador','Ecuador','2023-06-05 03:13:52.194000','2023-06-05 03:13:52.194000',NULL,NULL,'vi-VN'),(645,'egypt','Egypt','2023-06-05 03:13:52.198000','2023-06-05 03:13:52.198000',NULL,NULL,'vi-VN'),(646,'el_salvador','El Salvador','2023-06-05 03:13:52.201000','2023-06-05 03:13:52.201000',NULL,NULL,'vi-VN'),(647,'equatorial_guinea','Equatorial Guinea','2023-06-05 03:13:52.204000','2023-06-05 03:13:52.204000',NULL,NULL,'vi-VN'),(648,'eritrea','Eritrea','2023-06-05 03:13:52.208000','2023-06-05 03:13:52.208000',NULL,NULL,'vi-VN'),(649,'estonia','Estonia','2023-06-05 03:13:52.211000','2023-06-05 03:13:52.211000',NULL,NULL,'vi-VN'),(650,'eswatini','Eswatini','2023-06-05 03:13:52.215000','2023-06-05 03:13:52.215000',NULL,NULL,'vi-VN'),(651,'ethiopia','Ethiopia','2023-06-05 03:13:52.218000','2023-06-05 03:13:52.218000',NULL,NULL,'vi-VN'),(652,'fiji','Fiji','2023-06-05 03:13:52.221000','2023-06-05 03:13:52.221000',NULL,NULL,'vi-VN'),(653,'finland','Finland','2023-06-05 03:13:52.224000','2023-06-05 03:13:52.224000',NULL,NULL,'vi-VN'),(654,'france','France','2023-06-05 03:13:52.229000','2023-06-05 03:13:52.229000',NULL,NULL,'vi-VN'),(655,'gabon','Gabon','2023-06-05 03:13:52.232000','2023-06-05 03:13:52.232000',NULL,NULL,'vi-VN'),(656,'gambia','Gambia','2023-06-05 03:13:52.235000','2023-06-05 03:13:52.235000',NULL,NULL,'vi-VN'),(657,'georgia','Georgia','2023-06-05 03:13:52.239000','2023-06-05 03:13:52.239000',NULL,NULL,'vi-VN'),(658,'germany','Germany','2023-06-05 03:13:52.243000','2023-06-05 03:13:52.243000',NULL,NULL,'vi-VN'),(659,'ghana','Ghana','2023-06-05 03:13:52.248000','2023-06-05 03:13:52.248000',NULL,NULL,'vi-VN'),(660,'greece','Greece','2023-06-05 03:13:52.251000','2023-06-05 03:13:52.251000',NULL,NULL,'vi-VN'),(661,'grenada','Grenada','2023-06-05 03:13:52.254000','2023-06-05 03:13:52.254000',NULL,NULL,'vi-VN'),(662,'guatemala','Guatemala','2023-06-05 03:13:52.259000','2023-06-05 03:13:52.259000',NULL,NULL,'vi-VN'),(663,'guinea','Guinea','2023-06-05 03:13:52.262000','2023-06-05 03:13:52.262000',NULL,NULL,'vi-VN'),(664,'guinea_bissau','Guinea-Bissau','2023-06-05 03:13:52.265000','2023-06-05 03:13:52.265000',NULL,NULL,'vi-VN'),(665,'guyana','Guyana','2023-06-05 03:13:52.268000','2023-06-05 03:13:52.268000',NULL,NULL,'vi-VN'),(666,'haiti','Haiti','2023-06-05 03:13:52.271000','2023-06-05 03:13:52.271000',NULL,NULL,'vi-VN'),(667,'holy_see','Holy See','2023-06-05 03:13:52.277000','2023-06-05 03:13:52.277000',NULL,NULL,'vi-VN'),(668,'honduras','Honduras','2023-06-05 03:13:52.280000','2023-06-05 03:13:52.280000',NULL,NULL,'vi-VN'),(669,'hungary','Hungary','2023-06-05 03:13:52.283000','2023-06-05 03:13:52.283000',NULL,NULL,'vi-VN'),(670,'iceland','Iceland','2023-06-05 03:13:52.286000','2023-06-05 03:13:52.286000',NULL,NULL,'vi-VN'),(671,'india','India','2023-06-05 03:13:52.289000','2023-06-05 03:13:52.289000',NULL,NULL,'vi-VN'),(672,'indonesia','Indonesia','2023-06-05 03:13:52.292000','2023-06-05 03:13:52.292000',NULL,NULL,'vi-VN'),(673,'iran','Iran','2023-06-05 03:13:52.295000','2023-06-05 03:13:52.295000',NULL,NULL,'vi-VN'),(674,'iraq','Iraq','2023-06-05 03:13:52.298000','2023-06-05 03:13:52.298000',NULL,NULL,'vi-VN'),(675,'ireland','Ireland','2023-06-05 03:13:52.301000','2023-06-05 03:13:52.301000',NULL,NULL,'vi-VN'),(676,'israel','Israel','2023-06-05 03:13:52.304000','2023-06-05 03:13:52.304000',NULL,NULL,'vi-VN'),(677,'italy','Italy','2023-06-05 03:13:52.308000','2023-06-05 03:13:52.308000',NULL,NULL,'vi-VN'),(678,'jamaica','Jamaica','2023-06-05 03:13:52.312000','2023-06-05 03:13:52.312000',NULL,NULL,'vi-VN'),(679,'japan','Japan','2023-06-05 03:13:52.319000','2023-06-05 03:13:52.319000',NULL,NULL,'vi-VN'),(680,'jordan','Jordan','2023-06-05 03:13:52.323000','2023-06-05 03:13:52.323000',NULL,NULL,'vi-VN'),(681,'kazakhstan','Kazakhstan','2023-06-05 03:13:52.328000','2023-06-05 03:13:52.328000',NULL,NULL,'vi-VN'),(682,'kenya','Kenya','2023-06-05 03:13:52.331000','2023-06-05 03:13:52.331000',NULL,NULL,'vi-VN'),(683,'kiribati','Kiribati','2023-06-05 03:13:52.334000','2023-06-05 03:13:52.334000',NULL,NULL,'vi-VN'),(684,'kuwait','Kuwait','2023-06-05 03:13:52.338000','2023-06-05 03:13:52.338000',NULL,NULL,'vi-VN'),(685,'kyrgyzstan','Kyrgyzstan','2023-06-05 03:13:52.344000','2023-06-05 03:13:52.344000',NULL,NULL,'vi-VN'),(686,'laos','Laos','2023-06-05 03:13:52.348000','2023-06-05 03:13:52.348000',NULL,NULL,'vi-VN'),(687,'latvia','Latvia','2023-06-05 03:13:52.352000','2023-06-05 03:13:52.352000',NULL,NULL,'vi-VN'),(688,'lebanon','Lebanon','2023-06-05 03:13:52.356000','2023-06-05 03:13:52.356000',NULL,NULL,'vi-VN'),(689,'lesotho','Lesotho','2023-06-05 03:13:52.360000','2023-06-05 03:13:52.360000',NULL,NULL,'vi-VN'),(690,'liberia','Liberia','2023-06-05 03:13:52.363000','2023-06-05 03:13:52.363000',NULL,NULL,'vi-VN'),(691,'libya','Libya','2023-06-05 03:13:52.366000','2023-06-05 03:13:52.366000',NULL,NULL,'vi-VN'),(692,'liechtenstein','Liechtenstein','2023-06-05 03:13:52.369000','2023-06-05 03:13:52.369000',NULL,NULL,'vi-VN'),(693,'lithuania','Lithuania','2023-06-05 03:13:52.372000','2023-06-05 03:13:52.372000',NULL,NULL,'vi-VN'),(694,'luxembourg','Luxembourg','2023-06-05 03:13:52.375000','2023-06-05 03:13:52.375000',NULL,NULL,'vi-VN'),(695,'madagascar','Madagascar','2023-06-05 03:13:52.378000','2023-06-05 03:13:52.378000',NULL,NULL,'vi-VN'),(696,'malawi','Malawi','2023-06-05 03:13:52.381000','2023-06-05 03:13:52.381000',NULL,NULL,'vi-VN'),(697,'malaysia','Malaysia','2023-06-05 03:13:52.384000','2023-06-05 03:13:52.384000',NULL,NULL,'vi-VN'),(698,'maldives','Maldives','2023-06-05 03:13:52.389000','2023-06-05 03:13:52.389000',NULL,NULL,'vi-VN'),(699,'mali','Mali','2023-06-05 03:13:52.393000','2023-06-05 03:13:52.393000',NULL,NULL,'vi-VN'),(700,'malta','Malta','2023-06-05 03:13:52.396000','2023-06-05 03:13:52.396000',NULL,NULL,'vi-VN'),(701,'marshall_islands','Marshall Islands','2023-06-05 03:13:52.399000','2023-06-05 03:13:52.399000',NULL,NULL,'vi-VN'),(702,'mauritania','Mauritania','2023-06-05 03:13:52.402000','2023-06-05 03:13:52.402000',NULL,NULL,'vi-VN'),(703,'mauritius','Mauritius','2023-06-05 03:13:52.405000','2023-06-05 03:13:52.405000',NULL,NULL,'vi-VN'),(704,'mexico','Mexico','2023-06-05 03:13:52.408000','2023-06-05 03:13:52.408000',NULL,NULL,'vi-VN'),(705,'micronesia','Micronesia','2023-06-05 03:13:52.411000','2023-06-05 03:13:52.411000',NULL,NULL,'vi-VN'),(706,'moldova','Moldova','2023-06-05 03:13:52.414000','2023-06-05 03:13:52.414000',NULL,NULL,'vi-VN'),(707,'monaco','Monaco','2023-06-05 03:13:52.417000','2023-06-05 03:13:52.417000',NULL,NULL,'vi-VN'),(708,'mongolia','Mongolia','2023-06-05 03:13:52.420000','2023-06-05 03:13:52.420000',NULL,NULL,'vi-VN'),(709,'montenegro','Montenegro','2023-06-05 03:13:52.423000','2023-06-05 03:13:52.423000',NULL,NULL,'vi-VN'),(710,'morocco','Morocco','2023-06-05 03:13:52.426000','2023-06-05 03:13:52.426000',NULL,NULL,'vi-VN'),(711,'mozambique','Mozambique','2023-06-05 03:13:52.436000','2023-06-05 03:13:52.436000',NULL,NULL,'vi-VN'),(712,'myanmar','Myanmar','2023-06-05 03:13:52.444000','2023-06-05 03:13:52.444000',NULL,NULL,'vi-VN'),(713,'namibia','Namibia','2023-06-05 03:13:52.451000','2023-06-05 03:13:52.451000',NULL,NULL,'vi-VN'),(714,'nauru','Nauru','2023-06-05 03:13:52.457000','2023-06-05 03:13:52.457000',NULL,NULL,'vi-VN'),(715,'nepal','Nepal','2023-06-05 03:13:52.460000','2023-06-05 03:13:52.460000',NULL,NULL,'vi-VN'),(716,'netherlands','Netherlands','2023-06-05 03:13:52.465000','2023-06-05 03:13:52.465000',NULL,NULL,'vi-VN'),(717,'new_zealand','New Zealand','2023-06-05 03:13:52.469000','2023-06-05 03:13:52.469000',NULL,NULL,'vi-VN'),(718,'nicaragua','Nicaragua','2023-06-05 03:13:52.472000','2023-06-05 03:13:52.472000',NULL,NULL,'vi-VN'),(719,'niger','Niger','2023-06-05 03:13:52.475000','2023-06-05 03:13:52.475000',NULL,NULL,'vi-VN'),(720,'nigeria','Nigeria','2023-06-05 03:13:52.478000','2023-06-05 03:13:52.478000',NULL,NULL,'vi-VN'),(721,'north_korea','North Korea','2023-06-05 03:13:52.482000','2023-06-05 03:13:52.482000',NULL,NULL,'vi-VN'),(722,'north_macedonia','North Macedonia','2023-06-05 03:13:52.485000','2023-06-05 03:13:52.485000',NULL,NULL,'vi-VN'),(723,'norway','Norway','2023-06-05 03:13:52.488000','2023-06-05 03:13:52.488000',NULL,NULL,'vi-VN'),(724,'oman','Oman','2023-06-05 03:13:52.491000','2023-06-05 03:13:52.491000',NULL,NULL,'vi-VN'),(725,'pakistan','Pakistan','2023-06-05 03:13:52.495000','2023-06-05 03:13:52.495000',NULL,NULL,'vi-VN'),(726,'palau','Palau','2023-06-05 03:13:52.500000','2023-06-05 03:13:52.500000',NULL,NULL,'vi-VN'),(727,'panama','Panama','2023-06-05 03:13:52.504000','2023-06-05 03:13:52.504000',NULL,NULL,'vi-VN'),(728,'papua_new_guinea','Papua New Guinea','2023-06-05 03:13:52.514000','2023-06-05 03:13:52.514000',NULL,NULL,'vi-VN'),(729,'paraguay','Paraguay','2023-06-05 03:13:52.553000','2023-06-05 03:13:52.553000',NULL,NULL,'vi-VN'),(730,'peru','Peru','2023-06-05 03:13:52.574000','2023-06-05 03:13:52.574000',NULL,NULL,'vi-VN'),(731,'philippines','Philippines','2023-06-05 03:13:52.584000','2023-06-05 03:13:52.584000',NULL,NULL,'vi-VN'),(732,'poland','Poland','2023-06-05 03:13:52.587000','2023-06-05 03:13:52.587000',NULL,NULL,'vi-VN'),(733,'portugal','Portugal','2023-06-05 03:13:52.591000','2023-06-05 03:13:52.591000',NULL,NULL,'vi-VN'),(734,'qatar','Qatar','2023-06-05 03:13:52.594000','2023-06-05 03:13:52.594000',NULL,NULL,'vi-VN'),(735,'romania','Romania','2023-06-05 03:13:52.600000','2023-06-05 03:13:52.600000',NULL,NULL,'vi-VN'),(736,'russia','Russia','2023-06-05 03:13:52.603000','2023-06-05 03:13:52.603000',NULL,NULL,'vi-VN'),(737,'rwanda','Rwanda','2023-06-05 03:13:52.607000','2023-06-05 03:13:52.607000',NULL,NULL,'vi-VN'),(738,'saint_kitts_nevis','Saint Kitts & Nevis','2023-06-05 03:13:52.611000','2023-06-05 03:13:52.611000',NULL,NULL,'vi-VN'),(739,'saint_lucia','Saint Lucia','2023-06-05 03:13:52.614000','2023-06-05 03:13:52.614000',NULL,NULL,'vi-VN'),(740,'samoa','Samoa','2023-06-05 03:13:52.619000','2023-06-05 03:13:52.619000',NULL,NULL,'vi-VN'),(741,'san_marino','San Marino','2023-06-05 03:13:52.624000','2023-06-05 03:13:52.624000',NULL,NULL,'vi-VN'),(742,'sao_tome_principe','Sao Tome & Principe','2023-06-05 03:13:52.628000','2023-06-05 03:13:52.628000',NULL,NULL,'vi-VN'),(743,'saudi_arabia','Saudi Arabia','2023-06-05 03:13:52.632000','2023-06-05 03:13:52.632000',NULL,NULL,'vi-VN'),(744,'senegal','Senegal','2023-06-05 03:13:52.635000','2023-06-05 03:13:52.635000',NULL,NULL,'vi-VN'),(745,'serbia','Serbia','2023-06-05 03:13:52.638000','2023-06-05 03:13:52.638000',NULL,NULL,'vi-VN'),(746,'seychelles','Seychelles','2023-06-05 03:13:52.641000','2023-06-05 03:13:52.641000',NULL,NULL,'vi-VN'),(747,'sierra_leone','Sierra Leone','2023-06-05 03:13:52.645000','2023-06-05 03:13:52.645000',NULL,NULL,'vi-VN'),(748,'singapore','Singapore','2023-06-05 03:13:52.649000','2023-06-05 03:13:52.649000',NULL,NULL,'vi-VN'),(749,'slovakia','Slovakia','2023-06-05 03:13:52.652000','2023-06-05 03:13:52.652000',NULL,NULL,'vi-VN'),(750,'slovenia','Slovenia','2023-06-05 03:13:52.655000','2023-06-05 03:13:52.655000',NULL,NULL,'vi-VN'),(751,'solomon_islands','Solomon Islands','2023-06-05 03:13:52.658000','2023-06-05 03:13:52.658000',NULL,NULL,'vi-VN'),(752,'somalia','Somalia','2023-06-05 03:13:52.663000','2023-06-05 03:13:52.663000',NULL,NULL,'vi-VN'),(753,'south_africa','South Africa','2023-06-05 03:13:52.666000','2023-06-05 03:13:52.666000',NULL,NULL,'vi-VN'),(754,'south_korea','South Korea','2023-06-05 03:13:52.669000','2023-06-05 03:13:52.669000',NULL,NULL,'vi-VN'),(755,'south_sudan','South Sudan','2023-06-05 03:13:52.674000','2023-06-05 03:13:52.674000',NULL,NULL,'vi-VN'),(756,'spain','Spain','2023-06-05 03:13:52.678000','2023-06-05 03:13:52.678000',NULL,NULL,'vi-VN'),(757,'sri_lanka','Sri Lanka','2023-06-05 03:13:52.681000','2023-06-05 03:13:52.681000',NULL,NULL,'vi-VN'),(758,'st_vincent_grenadines','St. Vincent & Grenadines','2023-06-05 03:13:52.685000','2023-06-05 03:13:52.685000',NULL,NULL,'vi-VN'),(759,'state_of_palestine','State of Palestine','2023-06-05 03:13:52.689000','2023-06-05 03:13:52.689000',NULL,NULL,'vi-VN'),(760,'sudan','Sudan','2023-06-05 03:13:52.694000','2023-06-05 03:13:52.694000',NULL,NULL,'vi-VN'),(761,'suriname','Suriname','2023-06-05 03:13:52.697000','2023-06-05 03:13:52.697000',NULL,NULL,'vi-VN'),(762,'sweden','Sweden','2023-06-05 03:13:52.700000','2023-06-05 03:13:52.700000',NULL,NULL,'vi-VN'),(763,'switzerland','Switzerland','2023-06-05 03:13:52.707000','2023-06-05 03:13:52.707000',NULL,NULL,'vi-VN'),(764,'syria','Syria','2023-06-05 03:13:52.711000','2023-06-05 03:13:52.711000',NULL,NULL,'vi-VN'),(765,'tajikistan','Tajikistan','2023-06-05 03:13:52.714000','2023-06-05 03:13:52.714000',NULL,NULL,'vi-VN'),(766,'tanzania','Tanzania','2023-06-05 03:13:52.717000','2023-06-05 03:13:52.717000',NULL,NULL,'vi-VN'),(767,'thailand','Thailand','2023-06-05 03:13:52.721000','2023-06-05 03:13:52.721000',NULL,NULL,'vi-VN'),(768,'timor_leste','Timor-Leste','2023-06-05 03:13:52.725000','2023-06-05 03:13:52.725000',NULL,NULL,'vi-VN'),(769,'togo','Togo','2023-06-05 03:13:52.728000','2023-06-05 03:13:52.728000',NULL,NULL,'vi-VN'),(770,'tonga','Tonga','2023-06-05 03:13:52.731000','2023-06-05 03:13:52.731000',NULL,NULL,'vi-VN'),(771,'trinidad_and_tobago','Trinidad and Tobago','2023-06-05 03:13:52.734000','2023-06-05 03:13:52.734000',NULL,NULL,'vi-VN'),(772,'tunisia','Tunisia','2023-06-05 03:13:52.737000','2023-06-05 03:13:52.737000',NULL,NULL,'vi-VN'),(773,'turkey','Turkey','2023-06-05 03:13:52.741000','2023-06-05 03:13:52.741000',NULL,NULL,'vi-VN'),(774,'turkmenistan','Turkmenistan','2023-06-05 03:13:52.744000','2023-06-05 03:13:52.744000',NULL,NULL,'vi-VN'),(775,'tuvalu','Tuvalu','2023-06-05 03:13:52.750000','2023-06-05 03:13:52.750000',NULL,NULL,'vi-VN'),(776,'uganda','Uganda','2023-06-05 03:13:52.753000','2023-06-05 03:13:52.753000',NULL,NULL,'vi-VN'),(777,'ukraine','Ukraine','2023-06-05 03:13:52.756000','2023-06-05 03:13:52.756000',NULL,NULL,'vi-VN'),(778,'united_arab_emirates','United Arab Emirates','2023-06-05 03:13:52.762000','2023-06-05 03:13:52.762000',NULL,NULL,'vi-VN'),(779,'united_kingdom','United Kingdom','2023-06-05 03:13:52.765000','2023-06-05 03:13:52.765000',NULL,NULL,'vi-VN'),(780,'united_states','United States','2023-06-05 03:13:52.768000','2023-06-05 03:13:52.768000',NULL,NULL,'vi-VN'),(781,'uruguay','Uruguay','2023-06-05 03:13:52.771000','2023-06-05 03:13:52.771000',NULL,NULL,'vi-VN'),(782,'uzbekistan','Uzbekistan','2023-06-05 03:13:52.774000','2023-06-05 03:13:52.774000',NULL,NULL,'vi-VN'),(783,'vanuatu','Vanuatu','2023-06-05 03:13:52.777000','2023-06-05 03:13:52.777000',NULL,NULL,'vi-VN'),(784,'venezuela','Venezuela','2023-06-05 03:13:52.780000','2023-06-05 03:13:52.780000',NULL,NULL,'vi-VN'),(785,'vietnam','Vietnam','2023-06-05 03:13:52.783000','2023-06-05 03:13:52.783000',NULL,NULL,'vi-VN'),(786,'yemen','Yemen','2023-06-05 03:13:52.787000','2023-06-05 03:13:52.787000',NULL,NULL,'vi-VN'),(787,'zambia','Zambia','2023-06-05 03:13:52.790000','2023-06-05 03:13:52.790000',NULL,NULL,'vi-VN'),(788,'zimbabwe','Zimbabwe','2023-06-05 03:13:52.793000','2023-06-05 03:13:52.793000',NULL,NULL,'vi-VN'),(789,'afghanistan','Afghanistan','2023-06-05 03:16:41.120000','2023-06-05 03:16:41.120000',NULL,NULL,'en'),(790,'albania','Albania','2023-06-05 03:16:41.125000','2023-06-05 03:16:41.125000',NULL,NULL,'en'),(791,'algeria','Algeria','2023-06-05 03:16:41.128000','2023-06-05 03:16:41.128000',NULL,NULL,'en'),(792,'andorra','Andorra','2023-06-05 03:16:41.131000','2023-06-05 03:16:41.131000',NULL,NULL,'en'),(793,'angola','Angola','2023-06-05 03:16:41.135000','2023-06-05 03:16:41.135000',NULL,NULL,'en'),(794,'antigua_and_barbuda','Antigua and Barbuda','2023-06-05 03:16:41.138000','2023-06-05 03:16:41.138000',NULL,NULL,'en'),(795,'argentina','Argentina','2023-06-05 03:16:41.142000','2023-06-05 03:16:41.142000',NULL,NULL,'en'),(796,'armenia','Armenia','2023-06-05 03:16:41.145000','2023-06-05 03:16:41.145000',NULL,NULL,'en'),(797,'australia','Australia','2023-06-05 03:16:41.152000','2023-06-05 03:16:41.152000',NULL,NULL,'en'),(798,'austria','Austria','2023-06-05 03:16:41.156000','2023-06-05 03:16:41.156000',NULL,NULL,'en'),(799,'azerbaijan','Azerbaijan','2023-06-05 03:16:41.160000','2023-06-05 03:16:41.160000',NULL,NULL,'en'),(800,'bahamas','Bahamas','2023-06-05 03:16:41.163000','2023-06-05 03:16:41.163000',NULL,NULL,'en'),(801,'bahrain','Bahrain','2023-06-05 03:16:41.166000','2023-06-05 03:16:41.166000',NULL,NULL,'en'),(802,'bangladesh','Bangladesh','2023-06-05 03:16:41.170000','2023-06-05 03:16:41.170000',NULL,NULL,'en'),(803,'barbados','Barbados','2023-06-05 03:16:41.174000','2023-06-05 03:16:41.174000',NULL,NULL,'en'),(804,'belarus','Belarus','2023-06-05 03:16:41.177000','2023-06-05 03:16:41.177000',NULL,NULL,'en'),(805,'belgium','Belgium','2023-06-05 03:16:41.180000','2023-06-05 03:16:41.180000',NULL,NULL,'en'),(806,'belize','Belize','2023-06-05 03:16:41.184000','2023-06-05 03:16:41.184000',NULL,NULL,'en'),(807,'benin','Benin','2023-06-05 03:16:41.188000','2023-06-05 03:16:41.188000',NULL,NULL,'en'),(808,'bhutan','Bhutan','2023-06-05 03:16:41.191000','2023-06-05 03:16:41.191000',NULL,NULL,'en'),(809,'bolivia','Bolivia','2023-06-05 03:16:41.194000','2023-06-05 03:16:41.194000',NULL,NULL,'en'),(810,'bosnia_and_herzegovina','Bosnia and Herzegovina','2023-06-05 03:16:41.198000','2023-06-05 03:16:41.198000',NULL,NULL,'en'),(811,'botswana','Botswana','2023-06-05 03:16:41.201000','2023-06-05 03:16:41.201000',NULL,NULL,'en'),(812,'brazil','Brazil','2023-06-05 03:16:41.204000','2023-06-05 03:16:41.204000',NULL,NULL,'en'),(813,'brunei','Brunei','2023-06-05 03:16:41.208000','2023-06-05 03:16:41.208000',NULL,NULL,'en'),(814,'bulgaria','Bulgaria','2023-06-05 03:16:41.210000','2023-06-05 03:16:41.210000',NULL,NULL,'en'),(815,'burkina_faso','Burkina Faso','2023-06-05 03:16:41.217000','2023-06-05 03:16:41.217000',NULL,NULL,'en'),(816,'burundi','Burundi','2023-06-05 03:16:41.221000','2023-06-05 03:16:41.221000',NULL,NULL,'en'),(817,'cabo_verde','Cabo Verde','2023-06-05 03:16:41.224000','2023-06-05 03:16:41.224000',NULL,NULL,'en'),(818,'cambodia','Cambodia','2023-06-05 03:16:41.227000','2023-06-05 03:16:41.227000',NULL,NULL,'en'),(819,'cameroon','Cameroon','2023-06-05 03:16:41.230000','2023-06-05 03:16:41.230000',NULL,NULL,'en'),(820,'canada','Canada','2023-06-05 03:16:41.233000','2023-06-05 03:16:41.233000',NULL,NULL,'en'),(821,'central_african_republic','Central African Republic','2023-06-05 03:16:41.237000','2023-06-05 03:16:41.237000',NULL,NULL,'en'),(822,'chad','Chad','2023-06-05 03:16:41.246000','2023-06-05 03:16:41.246000',NULL,NULL,'en'),(823,'chile','Chile','2023-06-05 03:16:41.249000','2023-06-05 03:16:41.249000',NULL,NULL,'en'),(824,'china','China','2023-06-05 03:16:41.252000','2023-06-05 03:16:41.252000',NULL,NULL,'en'),(825,'colombia','Colombia','2023-06-05 03:16:41.255000','2023-06-05 03:16:41.255000',NULL,NULL,'en'),(826,'comoros','Comoros','2023-06-05 03:16:41.258000','2023-06-05 03:16:41.258000',NULL,NULL,'en'),(827,'congo','Congo','2023-06-05 03:16:41.261000','2023-06-05 03:16:41.261000',NULL,NULL,'en'),(828,'costa_rica','Costa Rica','2023-06-05 03:16:41.264000','2023-06-05 03:16:41.264000',NULL,NULL,'en'),(829,'cte_divoire','Cte dIvoire','2023-06-05 03:16:41.267000','2023-06-05 03:16:41.267000',NULL,NULL,'en'),(830,'croatia','Croatia','2023-06-05 03:16:41.270000','2023-06-05 03:16:41.270000',NULL,NULL,'en'),(831,'cuba','Cuba','2023-06-05 03:16:41.274000','2023-06-05 03:16:41.274000',NULL,NULL,'en'),(832,'cyprus','Cyprus','2023-06-05 03:16:41.278000','2023-06-05 03:16:41.278000',NULL,NULL,'en'),(833,'czechia','Czechia','2023-06-05 03:16:41.283000','2023-06-05 03:16:41.283000',NULL,NULL,'en'),(834,'denmark','Denmark','2023-06-05 03:16:41.286000','2023-06-05 03:16:41.286000',NULL,NULL,'en'),(835,'djibouti','Djibouti','2023-06-05 03:16:41.288000','2023-06-05 03:16:41.288000',NULL,NULL,'en'),(836,'dominica','Dominica','2023-06-05 03:16:41.291000','2023-06-05 03:16:41.291000',NULL,NULL,'en'),(837,'dominican_republic','Dominican Republic','2023-06-05 03:16:41.293000','2023-06-05 03:16:41.293000',NULL,NULL,'en'),(838,'dr_congo','DR Congo','2023-06-05 03:16:41.296000','2023-06-05 03:16:41.296000',NULL,NULL,'en'),(839,'ecuador','Ecuador','2023-06-05 03:16:41.301000','2023-06-05 03:16:41.301000',NULL,NULL,'en'),(840,'egypt','Egypt','2023-06-05 03:16:41.304000','2023-06-05 03:16:41.304000',NULL,NULL,'en'),(841,'el_salvador','El Salvador','2023-06-05 03:16:41.307000','2023-06-05 03:16:41.307000',NULL,NULL,'en'),(842,'equatorial_guinea','Equatorial Guinea','2023-06-05 03:16:41.310000','2023-06-05 03:16:41.310000',NULL,NULL,'en'),(843,'eritrea','Eritrea','2023-06-05 03:16:41.313000','2023-06-05 03:16:41.313000',NULL,NULL,'en'),(844,'estonia','Estonia','2023-06-05 03:16:41.317000','2023-06-05 03:16:41.317000',NULL,NULL,'en'),(845,'eswatini','Eswatini','2023-06-05 03:16:41.320000','2023-06-05 03:16:41.320000',NULL,NULL,'en'),(846,'ethiopia','Ethiopia','2023-06-05 03:16:41.323000','2023-06-05 03:16:41.323000',NULL,NULL,'en'),(847,'fiji','Fiji','2023-06-05 03:16:41.327000','2023-06-05 03:16:41.327000',NULL,NULL,'en'),(848,'finland','Finland','2023-06-05 03:16:41.329000','2023-06-05 03:16:41.329000',NULL,NULL,'en'),(849,'france','France','2023-06-05 03:16:41.332000','2023-06-05 03:16:41.332000',NULL,NULL,'en'),(850,'gabon','Gabon','2023-06-05 03:16:41.334000','2023-06-05 03:16:41.334000',NULL,NULL,'en'),(851,'gambia','Gambia','2023-06-05 03:16:41.337000','2023-06-05 03:16:41.337000',NULL,NULL,'en'),(852,'georgia','Georgia','2023-06-05 03:16:41.340000','2023-06-05 03:16:41.340000',NULL,NULL,'en'),(853,'germany','Germany','2023-06-05 03:16:41.342000','2023-06-05 03:16:41.342000',NULL,NULL,'en'),(854,'ghana','Ghana','2023-06-05 03:16:41.345000','2023-06-05 03:16:41.345000',NULL,NULL,'en'),(855,'greece','Greece','2023-06-05 03:16:41.348000','2023-06-05 03:16:41.348000',NULL,NULL,'en'),(856,'grenada','Grenada','2023-06-05 03:16:41.351000','2023-06-05 03:16:41.351000',NULL,NULL,'en'),(857,'guatemala','Guatemala','2023-06-05 03:16:41.353000','2023-06-05 03:16:41.353000',NULL,NULL,'en'),(858,'guinea','Guinea','2023-06-05 03:16:41.356000','2023-06-05 03:16:41.356000',NULL,NULL,'en'),(859,'guinea_bissau','Guinea-Bissau','2023-06-05 03:16:41.360000','2023-06-05 03:16:41.360000',NULL,NULL,'en'),(860,'guyana','Guyana','2023-06-05 03:16:41.363000','2023-06-05 03:16:41.363000',NULL,NULL,'en'),(861,'haiti','Haiti','2023-06-05 03:16:41.365000','2023-06-05 03:16:41.365000',NULL,NULL,'en'),(862,'holy_see','Holy See','2023-06-05 03:16:41.368000','2023-06-05 03:16:41.368000',NULL,NULL,'en'),(863,'honduras','Honduras','2023-06-05 03:16:41.374000','2023-06-05 03:16:41.374000',NULL,NULL,'en'),(864,'hungary','Hungary','2023-06-05 03:16:41.376000','2023-06-05 03:16:41.376000',NULL,NULL,'en'),(865,'iceland','Iceland','2023-06-05 03:16:41.379000','2023-06-05 03:16:41.379000',NULL,NULL,'en'),(866,'india','India','2023-06-05 03:16:41.381000','2023-06-05 03:16:41.381000',NULL,NULL,'en'),(867,'indonesia','Indonesia','2023-06-05 03:16:41.384000','2023-06-05 03:16:41.384000',NULL,NULL,'en'),(868,'iran','Iran','2023-06-05 03:16:41.386000','2023-06-05 03:16:41.386000',NULL,NULL,'en'),(869,'iraq','Iraq','2023-06-05 03:16:41.389000','2023-06-05 03:16:41.389000',NULL,NULL,'en'),(870,'ireland','Ireland','2023-06-05 03:16:41.392000','2023-06-05 03:16:41.392000',NULL,NULL,'en'),(871,'israel','Israel','2023-06-05 03:16:41.396000','2023-06-05 03:16:41.396000',NULL,NULL,'en'),(872,'italy','Italy','2023-06-05 03:16:41.398000','2023-06-05 03:16:41.398000',NULL,NULL,'en'),(873,'jamaica','Jamaica','2023-06-05 03:16:41.401000','2023-06-05 03:16:41.401000',NULL,NULL,'en'),(874,'japan','Japan','2023-06-05 03:16:41.404000','2023-06-05 03:16:41.404000',NULL,NULL,'en'),(875,'jordan','Jordan','2023-06-05 03:16:41.407000','2023-06-05 03:16:41.407000',NULL,NULL,'en'),(876,'kazakhstan','Kazakhstan','2023-06-05 03:16:41.410000','2023-06-05 03:16:41.410000',NULL,NULL,'en'),(877,'kenya','Kenya','2023-06-05 03:16:41.412000','2023-06-05 03:16:41.412000',NULL,NULL,'en'),(878,'kiribati','Kiribati','2023-06-05 03:16:41.416000','2023-06-05 03:16:41.416000',NULL,NULL,'en'),(879,'kuwait','Kuwait','2023-06-05 03:16:41.419000','2023-06-05 03:16:41.419000',NULL,NULL,'en'),(880,'kyrgyzstan','Kyrgyzstan','2023-06-05 03:16:41.421000','2023-06-05 03:16:41.421000',NULL,NULL,'en'),(881,'laos','Laos','2023-06-05 03:16:41.424000','2023-06-05 03:16:41.424000',NULL,NULL,'en'),(882,'latvia','Latvia','2023-06-05 03:16:41.427000','2023-06-05 03:16:41.427000',NULL,NULL,'en'),(883,'lebanon','Lebanon','2023-06-05 03:16:41.430000','2023-06-05 03:16:41.430000',NULL,NULL,'en'),(884,'lesotho','Lesotho','2023-06-05 03:16:41.432000','2023-06-05 03:16:41.432000',NULL,NULL,'en'),(885,'liberia','Liberia','2023-06-05 03:16:41.435000','2023-06-05 03:16:41.435000',NULL,NULL,'en'),(886,'libya','Libya','2023-06-05 03:16:41.438000','2023-06-05 03:16:41.438000',NULL,NULL,'en'),(887,'liechtenstein','Liechtenstein','2023-06-05 03:16:41.440000','2023-06-05 03:16:41.440000',NULL,NULL,'en'),(888,'lithuania','Lithuania','2023-06-05 03:16:41.446000','2023-06-05 03:16:41.446000',NULL,NULL,'en'),(889,'luxembourg','Luxembourg','2023-06-05 03:16:41.449000','2023-06-05 03:16:41.449000',NULL,NULL,'en'),(890,'madagascar','Madagascar','2023-06-05 03:16:41.452000','2023-06-05 03:16:41.452000',NULL,NULL,'en'),(891,'malawi','Malawi','2023-06-05 03:16:41.455000','2023-06-05 03:16:41.455000',NULL,NULL,'en'),(892,'malaysia','Malaysia','2023-06-05 03:16:41.457000','2023-06-05 03:16:41.457000',NULL,NULL,'en'),(893,'maldives','Maldives','2023-06-05 03:16:41.461000','2023-06-05 03:16:41.461000',NULL,NULL,'en'),(894,'mali','Mali','2023-06-05 03:16:41.464000','2023-06-05 03:16:41.464000',NULL,NULL,'en'),(895,'malta','Malta','2023-06-05 03:16:41.467000','2023-06-05 03:16:41.467000',NULL,NULL,'en'),(896,'marshall_islands','Marshall Islands','2023-06-05 03:16:41.472000','2023-06-05 03:16:41.472000',NULL,NULL,'en'),(897,'mauritania','Mauritania','2023-06-05 03:16:41.475000','2023-06-05 03:16:41.475000',NULL,NULL,'en'),(898,'mauritius','Mauritius','2023-06-05 03:16:41.479000','2023-06-05 03:16:41.479000',NULL,NULL,'en'),(899,'mexico','Mexico','2023-06-05 03:16:41.482000','2023-06-05 03:16:41.482000',NULL,NULL,'en'),(900,'micronesia','Micronesia','2023-06-05 03:16:41.485000','2023-06-05 03:16:41.485000',NULL,NULL,'en'),(901,'moldova','Moldova','2023-06-05 03:16:41.489000','2023-06-05 03:16:41.489000',NULL,NULL,'en'),(902,'monaco','Monaco','2023-06-05 03:16:41.493000','2023-06-05 03:16:41.493000',NULL,NULL,'en'),(903,'mongolia','Mongolia','2023-06-05 03:16:41.497000','2023-06-05 03:16:41.497000',NULL,NULL,'en'),(904,'montenegro','Montenegro','2023-06-05 03:16:41.500000','2023-06-05 03:16:41.500000',NULL,NULL,'en'),(905,'morocco','Morocco','2023-06-05 03:16:41.504000','2023-06-05 03:16:41.504000',NULL,NULL,'en'),(906,'mozambique','Mozambique','2023-06-05 03:16:41.507000','2023-06-05 03:16:41.507000',NULL,NULL,'en'),(907,'myanmar','Myanmar','2023-06-05 03:16:41.512000','2023-06-05 03:16:41.512000',NULL,NULL,'en'),(908,'namibia','Namibia','2023-06-05 03:16:41.515000','2023-06-05 03:16:41.515000',NULL,NULL,'en'),(909,'nauru','Nauru','2023-06-05 03:16:41.519000','2023-06-05 03:16:41.519000',NULL,NULL,'en'),(910,'nepal','Nepal','2023-06-05 03:16:41.523000','2023-06-05 03:16:41.523000',NULL,NULL,'en'),(911,'netherlands','Netherlands','2023-06-05 03:16:41.527000','2023-06-05 03:16:41.527000',NULL,NULL,'en'),(912,'new_zealand','New Zealand','2023-06-05 03:16:41.530000','2023-06-05 03:16:41.530000',NULL,NULL,'en'),(913,'nicaragua','Nicaragua','2023-06-05 03:16:41.535000','2023-06-05 03:16:41.535000',NULL,NULL,'en'),(914,'niger','Niger','2023-06-05 03:16:41.538000','2023-06-05 03:16:41.538000',NULL,NULL,'en'),(915,'nigeria','Nigeria','2023-06-05 03:16:41.540000','2023-06-05 03:16:41.540000',NULL,NULL,'en'),(916,'north_korea','North Korea','2023-06-05 03:16:41.543000','2023-06-05 03:16:41.543000',NULL,NULL,'en'),(917,'north_macedonia','North Macedonia','2023-06-05 03:16:41.545000','2023-06-05 03:16:41.545000',NULL,NULL,'en'),(918,'norway','Norway','2023-06-05 03:16:41.548000','2023-06-05 03:16:41.548000',NULL,NULL,'en'),(919,'oman','Oman','2023-06-05 03:16:41.550000','2023-06-05 03:16:41.550000',NULL,NULL,'en'),(920,'pakistan','Pakistan','2023-06-05 03:16:41.552000','2023-06-05 03:16:41.552000',NULL,NULL,'en'),(921,'palau','Palau','2023-06-05 03:16:41.555000','2023-06-05 03:16:41.555000',NULL,NULL,'en'),(922,'panama','Panama','2023-06-05 03:16:41.558000','2023-06-05 03:16:41.558000',NULL,NULL,'en'),(923,'papua_new_guinea','Papua New Guinea','2023-06-05 03:16:41.564000','2023-06-05 03:16:41.564000',NULL,NULL,'en'),(924,'paraguay','Paraguay','2023-06-05 03:16:41.568000','2023-06-05 03:16:41.568000',NULL,NULL,'en'),(925,'peru','Peru','2023-06-05 03:16:41.572000','2023-06-05 03:16:41.572000',NULL,NULL,'en'),(926,'philippines','Philippines','2023-06-05 03:16:41.577000','2023-06-05 03:16:41.577000',NULL,NULL,'en'),(927,'poland','Poland','2023-06-05 03:16:41.581000','2023-06-05 03:16:41.581000',NULL,NULL,'en'),(928,'portugal','Portugal','2023-06-05 03:16:41.585000','2023-06-05 03:16:41.585000',NULL,NULL,'en'),(929,'qatar','Qatar','2023-06-05 03:16:41.589000','2023-06-05 03:16:41.589000',NULL,NULL,'en'),(930,'romania','Romania','2023-06-05 03:16:41.609000','2023-06-05 03:16:41.609000',NULL,NULL,'en'),(931,'russia','Russia','2023-06-05 03:16:41.647000','2023-06-05 03:16:41.647000',NULL,NULL,'en'),(932,'rwanda','Rwanda','2023-06-05 03:16:41.651000','2023-06-05 03:16:41.651000',NULL,NULL,'en'),(933,'saint_kitts_nevis','Saint Kitts & Nevis','2023-06-05 03:16:41.654000','2023-06-05 03:16:41.654000',NULL,NULL,'en'),(934,'saint_lucia','Saint Lucia','2023-06-05 03:16:41.657000','2023-06-05 03:16:41.657000',NULL,NULL,'en'),(935,'samoa','Samoa','2023-06-05 03:16:41.660000','2023-06-05 03:16:41.660000',NULL,NULL,'en'),(936,'san_marino','San Marino','2023-06-05 03:16:41.663000','2023-06-05 03:16:41.663000',NULL,NULL,'en'),(937,'sao_tome_principe','Sao Tome & Principe','2023-06-05 03:16:41.668000','2023-06-05 03:16:41.668000',NULL,NULL,'en'),(938,'saudi_arabia','Saudi Arabia','2023-06-05 03:16:41.671000','2023-06-05 03:16:41.671000',NULL,NULL,'en'),(939,'senegal','Senegal','2023-06-05 03:16:41.673000','2023-06-05 03:16:41.673000',NULL,NULL,'en'),(940,'serbia','Serbia','2023-06-05 03:16:41.676000','2023-06-05 03:16:41.676000',NULL,NULL,'en'),(941,'seychelles','Seychelles','2023-06-05 03:16:41.678000','2023-06-05 03:16:41.678000',NULL,NULL,'en'),(942,'sierra_leone','Sierra Leone','2023-06-05 03:16:41.680000','2023-06-05 03:16:41.680000',NULL,NULL,'en'),(943,'singapore','Singapore','2023-06-05 03:16:41.683000','2023-06-05 03:16:41.683000',NULL,NULL,'en'),(944,'slovakia','Slovakia','2023-06-05 03:16:41.686000','2023-06-05 03:16:41.686000',NULL,NULL,'en'),(945,'slovenia','Slovenia','2023-06-05 03:16:41.688000','2023-06-05 03:16:41.688000',NULL,NULL,'en'),(946,'solomon_islands','Solomon Islands','2023-06-05 03:16:41.690000','2023-06-05 03:16:41.690000',NULL,NULL,'en'),(947,'somalia','Somalia','2023-06-05 03:16:41.693000','2023-06-05 03:16:41.693000',NULL,NULL,'en'),(948,'south_africa','South Africa','2023-06-05 03:16:41.695000','2023-06-05 03:16:41.695000',NULL,NULL,'en'),(949,'south_korea','South Korea','2023-06-05 03:16:41.698000','2023-06-05 03:16:41.698000',NULL,NULL,'en'),(950,'south_sudan','South Sudan','2023-06-05 03:16:41.700000','2023-06-05 03:16:41.700000',NULL,NULL,'en'),(951,'spain','Spain','2023-06-05 03:16:41.704000','2023-06-05 03:16:41.704000',NULL,NULL,'en'),(952,'sri_lanka','Sri Lanka','2023-06-05 03:16:41.707000','2023-06-05 03:16:41.707000',NULL,NULL,'en'),(953,'st_vincent_grenadines','St. Vincent & Grenadines','2023-06-05 03:16:41.709000','2023-06-05 03:16:41.709000',NULL,NULL,'en'),(954,'state_of_palestine','State of Palestine','2023-06-05 03:16:41.712000','2023-06-05 03:16:41.712000',NULL,NULL,'en'),(955,'sudan','Sudan','2023-06-05 03:16:41.714000','2023-06-05 03:16:41.714000',NULL,NULL,'en'),(956,'suriname','Suriname','2023-06-05 03:16:41.717000','2023-06-05 03:16:41.717000',NULL,NULL,'en'),(957,'sweden','Sweden','2023-06-05 03:16:41.719000','2023-06-05 03:16:41.719000',NULL,NULL,'en'),(958,'switzerland','Switzerland','2023-06-05 03:16:41.722000','2023-06-05 03:16:41.722000',NULL,NULL,'en'),(959,'syria','Syria','2023-06-05 03:16:41.724000','2023-06-05 03:16:41.724000',NULL,NULL,'en'),(960,'tajikistan','Tajikistan','2023-06-05 03:16:41.727000','2023-06-05 03:16:41.727000',NULL,NULL,'en'),(961,'tanzania','Tanzania','2023-06-05 03:16:41.729000','2023-06-05 03:16:41.729000',NULL,NULL,'en'),(962,'thailand','Thailand','2023-06-05 03:16:41.732000','2023-06-05 03:16:41.732000',NULL,NULL,'en'),(963,'timor_leste','Timor-Leste','2023-06-05 03:16:41.736000','2023-06-05 03:16:41.736000',NULL,NULL,'en'),(964,'togo','Togo','2023-06-05 03:16:41.738000','2023-06-05 03:16:41.738000',NULL,NULL,'en'),(965,'tonga','Tonga','2023-06-05 03:16:41.741000','2023-06-05 03:16:41.741000',NULL,NULL,'en'),(966,'trinidad_and_tobago','Trinidad and Tobago','2023-06-05 03:16:41.743000','2023-06-05 03:16:41.743000',NULL,NULL,'en'),(967,'tunisia','Tunisia','2023-06-05 03:16:41.746000','2023-06-05 03:16:41.746000',NULL,NULL,'en'),(968,'turkey','Turkey','2023-06-05 03:16:41.749000','2023-06-05 03:16:41.749000',NULL,NULL,'en'),(969,'turkmenistan','Turkmenistan','2023-06-05 03:16:41.751000','2023-06-05 03:16:41.751000',NULL,NULL,'en'),(970,'tuvalu','Tuvalu','2023-06-05 03:16:41.754000','2023-06-05 03:16:41.754000',NULL,NULL,'en'),(971,'uganda','Uganda','2023-06-05 03:16:41.756000','2023-06-05 03:16:41.756000',NULL,NULL,'en'),(972,'ukraine','Ukraine','2023-06-05 03:16:41.759000','2023-06-05 03:16:41.759000',NULL,NULL,'en'),(973,'united_arab_emirates','United Arab Emirates','2023-06-05 03:16:41.761000','2023-06-05 03:16:41.761000',NULL,NULL,'en'),(974,'united_kingdom','United Kingdom','2023-06-05 03:16:41.765000','2023-06-05 03:16:41.765000',NULL,NULL,'en'),(975,'united_states','United States','2023-06-05 03:16:41.770000','2023-06-05 03:16:41.770000',NULL,NULL,'en'),(976,'uruguay','Uruguay','2023-06-05 03:16:41.773000','2023-06-05 03:16:41.773000',NULL,NULL,'en'),(977,'uzbekistan','Uzbekistan','2023-06-05 03:16:41.775000','2023-06-05 03:16:41.775000',NULL,NULL,'en'),(978,'vanuatu','Vanuatu','2023-06-05 03:16:41.778000','2023-06-05 03:16:41.778000',NULL,NULL,'en'),(979,'venezuela','Venezuela','2023-06-05 03:16:41.781000','2023-06-05 03:16:41.781000',NULL,NULL,'en'),(980,'vietnam','Vietnam','2023-06-05 03:16:41.783000','2023-06-05 03:16:41.783000',NULL,NULL,'en'),(981,'yemen','Yemen','2023-06-05 03:16:41.786000','2023-06-05 03:16:41.786000',NULL,NULL,'en'),(982,'zambia','Zambia','2023-06-05 03:16:41.788000','2023-06-05 03:16:41.788000',NULL,NULL,'en'),(983,'zimbabwe','Zimbabwe','2023-06-05 03:16:41.791000','2023-06-05 03:16:41.791000',NULL,NULL,'en');
/*!40000 ALTER TABLE `countries` ENABLE KEYS */;
UNLOCK TABLES;

--
-- Table structure for table `countries_localizations_links`
--

DROP TABLE IF EXISTS `countries_localizations_links`;
/*!40101 SET @saved_cs_client     = @@character_set_client */;
/*!40101 SET character_set_client = utf8 */;
CREATE TABLE `countries_localizations_links` (
  `id` int(10) unsigned NOT NULL AUTO_INCREMENT,
  `country_id` int(10) unsigned DEFAULT NULL,
  `inv_country_id` int(10) unsigned DEFAULT NULL,
  `country_order` double unsigned DEFAULT NULL,
  PRIMARY KEY (`id`),
  UNIQUE KEY `countries_localizations_links_unique` (`country_id`,`inv_country_id`),
  KEY `countries_localizations_links_fk` (`country_id`),
  KEY `countries_localizations_links_inv_fk` (`inv_country_id`),
  KEY `countries_localizations_links_order_fk` (`country_order`),
  CONSTRAINT `countries_localizations_links_fk` FOREIGN KEY (`country_id`) REFERENCES `countries` (`id`) ON DELETE CASCADE,
  CONSTRAINT `countries_localizations_links_inv_fk` FOREIGN KEY (`inv_country_id`) REFERENCES `countries` (`id`) ON DELETE CASCADE
) ENGINE=InnoDB AUTO_INCREMENT=7 DEFAULT CHARSET=utf8mb4 COLLATE=utf8mb4_general_ci;
/*!40101 SET character_set_client = @saved_cs_client */;

--
-- Dumping data for table `countries_localizations_links`
--

LOCK TABLES `countries_localizations_links` WRITE;
/*!40000 ALTER TABLE `countries_localizations_links` DISABLE KEYS */;
/*!40000 ALTER TABLE `countries_localizations_links` ENABLE KEYS */;
UNLOCK TABLES;

--
-- Table structure for table `customer_contacts`
--

DROP TABLE IF EXISTS `customer_contacts`;
/*!40101 SET @saved_cs_client     = @@character_set_client */;
/*!40101 SET character_set_client = utf8 */;
CREATE TABLE `customer_contacts` (
  `id` int(10) unsigned NOT NULL AUTO_INCREMENT,
  `title` varchar(255) DEFAULT NULL,
  `fullname` varchar(255) DEFAULT NULL,
  `phone_number` varchar(255) DEFAULT NULL,
  `address` varchar(255) DEFAULT NULL,
  `email` varchar(255) DEFAULT NULL,
  `content` longtext DEFAULT NULL,
  `created_at` datetime(6) DEFAULT NULL,
  `updated_at` datetime(6) DEFAULT NULL,
  `published_at` datetime(6) DEFAULT NULL,
  `created_by_id` int(10) unsigned DEFAULT NULL,
  `updated_by_id` int(10) unsigned DEFAULT NULL,
  `locale` varchar(255) DEFAULT NULL,
  PRIMARY KEY (`id`),
  KEY `customer_contacts_created_by_id_fk` (`created_by_id`),
  KEY `customer_contacts_updated_by_id_fk` (`updated_by_id`),
  CONSTRAINT `customer_contacts_created_by_id_fk` FOREIGN KEY (`created_by_id`) REFERENCES `admin_users` (`id`) ON DELETE SET NULL,
  CONSTRAINT `customer_contacts_updated_by_id_fk` FOREIGN KEY (`updated_by_id`) REFERENCES `admin_users` (`id`) ON DELETE SET NULL
) ENGINE=InnoDB AUTO_INCREMENT=24 DEFAULT CHARSET=utf8mb4 COLLATE=utf8mb4_general_ci;
/*!40101 SET character_set_client = @saved_cs_client */;

--
-- Dumping data for table `customer_contacts`
--

LOCK TABLES `customer_contacts` WRITE;
/*!40000 ALTER TABLE `customer_contacts` DISABLE KEYS */;
INSERT INTO `customer_contacts` VALUES (1,'Tiu ','Nguyen Van A','0369741258','ha noi','email@gmail.com','noi dung','2023-05-30 10:28:05.155000','2023-05-30 10:28:05.155000',NULL,NULL,NULL,'vi-VN'),(2,NULL,NULL,NULL,NULL,'test@gmail.com',NULL,'2023-05-30 15:01:29.884000','2023-05-30 15:01:29.884000',NULL,NULL,NULL,'vi-VN'),(3,NULL,NULL,NULL,NULL,'truongnguyen5x@gmail.com',NULL,'2023-05-30 17:04:12.796000','2023-05-30 17:04:12.796000',NULL,NULL,NULL,'vi-VN'),(4,'jh','r','t','t',NULL,'t','2023-05-31 08:25:47.013000','2023-05-31 08:25:47.013000',NULL,NULL,NULL,'vi-VN'),(5,'jhrthrth','rrh','04534532',NULL,NULL,'trhrtyher','2023-05-31 08:25:56.656000','2023-05-31 08:25:56.656000',NULL,NULL,NULL,'vi-VN'),(6,'hgh','rrhggh','0981099305',NULL,NULL,'Vui','2023-05-31 08:26:21.442000','2023-05-31 08:26:21.442000',NULL,NULL,NULL,'vi-VN'),(7,'gg','rrhgghrr','0981099305',NULL,NULL,'Vui g','2023-05-31 08:31:05.244000','2023-05-31 08:31:05.244000',NULL,NULL,NULL,'vi-VN'),(8,'rn e','tt','tyj',NULL,'minhduclhpnd@gmail.com','r','2023-05-31 08:31:31.672000','2023-05-31 08:31:31.672000',NULL,NULL,NULL,'vi-VN'),(9,'dghrt','kop[ioi','045325327','uhouho','tranthuyha.ftu@gmail.com','jiopuh','2023-05-31 09:24:51.922000','2023-05-31 09:24:51.922000',NULL,NULL,NULL,'vi-VN'),(10,'dghrtipu','kopji','04532532745',NULL,NULL,'jiopuh;','2023-05-31 09:25:03.347000','2023-05-31 09:25:03.347000',NULL,NULL,NULL,'vi-VN'),(11,'dghrtipuse','kopjisg','04532532745se',NULL,'thdhth@gmail.com','jiopuh;e','2023-05-31 09:33:07.185000','2023-05-31 09:33:07.185000',NULL,NULL,NULL,'vi-VN'),(12,'dghrtipuse','kopjisg','04532532745se',NULL,'thdhth@gmail.com','jiopuh;e','2023-05-31 09:33:07.275000','2023-05-31 09:33:07.275000',NULL,NULL,NULL,'vi-VN'),(13,'truong','nguyn','3453453454355',NULL,'kaironsw@gmail.com','sdasd','2023-05-31 09:56:35.236000','2023-05-31 09:56:35.236000',NULL,NULL,NULL,'vi-VN'),(14,'truongg','nguyng','34534534543555434',NULL,NULL,'sdasd435','2023-05-31 09:58:35.532000','2023-05-31 09:58:35.532000',NULL,NULL,NULL,'vi-VN'),(15,'435','5345','534',NULL,'rrwerew@gmail.com','=00-','2023-05-31 09:59:03.951000','2023-05-31 09:59:03.951000',NULL,NULL,NULL,'vi-VN'),(16,'rer','rer','rer','r','kaironsw@gmail.com','erwer','2023-05-31 09:59:59.361000','2023-05-31 09:59:59.361000',NULL,NULL,NULL,'vi-VN'),(17,'r','erwer','erwer','erwer','dsdasfd@gmail.com','erwer','2023-05-31 10:00:45.688000','2023-05-31 10:00:45.688000',NULL,NULL,NULL,'vi-VN'),(18,'fggj','ghmgh','54654435','sdfhdfh','dhsdrh@gmail.com','fyjrtjrt','2023-06-02 03:04:33.197000','2023-06-02 03:04:33.197000',NULL,NULL,NULL,'vi-VN'),(19,NULL,NULL,NULL,NULL,'phamthudong12@gmail.com',NULL,'2023-06-04 17:15:45.227000','2023-06-04 17:15:45.227000',NULL,NULL,NULL,'vi-VN'),(20,NULL,NULL,NULL,NULL,'truongggg@gmail.com',NULL,'2023-06-14 07:32:16.974000','2023-06-14 07:32:16.974000',NULL,NULL,NULL,'en'),(21,'help me','truongg','0397660797','','admin@viettellogistics.com.vn','note','2023-06-14 07:33:15.254000','2023-06-14 07:33:15.254000',NULL,NULL,NULL,'en'),(22,NULL,NULL,NULL,NULL,'lamanhhoang@gmail.com',NULL,'2023-07-03 01:59:57.193000','2023-07-03 01:59:57.193000',NULL,NULL,NULL,'vi-VN'),(23,NULL,NULL,NULL,NULL,'truongnguyen5x@gmail.com',NULL,'2023-07-09 11:34:54.280000','2023-07-09 11:34:54.280000',NULL,NULL,NULL,'vi-VN');
/*!40000 ALTER TABLE `customer_contacts` ENABLE KEYS */;
UNLOCK TABLES;

--
-- Table structure for table `customer_contacts_localizations_links`
--

DROP TABLE IF EXISTS `customer_contacts_localizations_links`;
/*!40101 SET @saved_cs_client     = @@character_set_client */;
/*!40101 SET character_set_client = utf8 */;
CREATE TABLE `customer_contacts_localizations_links` (
  `id` int(10) unsigned NOT NULL AUTO_INCREMENT,
  `customer_contact_id` int(10) unsigned DEFAULT NULL,
  `inv_customer_contact_id` int(10) unsigned DEFAULT NULL,
  `customer_contact_order` double unsigned DEFAULT NULL,
  PRIMARY KEY (`id`),
  UNIQUE KEY `customer_contacts_localizations_links_unique` (`customer_contact_id`,`inv_customer_contact_id`),
  KEY `customer_contacts_localizations_links_fk` (`customer_contact_id`),
  KEY `customer_contacts_localizations_links_inv_fk` (`inv_customer_contact_id`),
  KEY `customer_contacts_localizations_links_order_fk` (`customer_contact_order`),
  CONSTRAINT `customer_contacts_localizations_links_fk` FOREIGN KEY (`customer_contact_id`) REFERENCES `customer_contacts` (`id`) ON DELETE CASCADE,
  CONSTRAINT `customer_contacts_localizations_links_inv_fk` FOREIGN KEY (`inv_customer_contact_id`) REFERENCES `customer_contacts` (`id`) ON DELETE CASCADE
) ENGINE=InnoDB DEFAULT CHARSET=utf8mb4 COLLATE=utf8mb4_general_ci;
/*!40101 SET character_set_client = @saved_cs_client */;

--
-- Dumping data for table `customer_contacts_localizations_links`
--

LOCK TABLES `customer_contacts_localizations_links` WRITE;
/*!40000 ALTER TABLE `customer_contacts_localizations_links` DISABLE KEYS */;
/*!40000 ALTER TABLE `customer_contacts_localizations_links` ENABLE KEYS */;
UNLOCK TABLES;

--
-- Table structure for table `customs`
--

DROP TABLE IF EXISTS `customs`;
/*!40101 SET @saved_cs_client     = @@character_set_client */;
/*!40101 SET character_set_client = utf8 */;
CREATE TABLE `customs` (
  `id` int(10) unsigned NOT NULL AUTO_INCREMENT,
  `created_at` datetime(6) DEFAULT NULL,
  `updated_at` datetime(6) DEFAULT NULL,
  `published_at` datetime(6) DEFAULT NULL,
  `created_by_id` int(10) unsigned DEFAULT NULL,
  `updated_by_id` int(10) unsigned DEFAULT NULL,
  `locale` varchar(255) DEFAULT NULL,
  PRIMARY KEY (`id`),
  KEY `customs_created_by_id_fk` (`created_by_id`),
  KEY `customs_updated_by_id_fk` (`updated_by_id`),
  CONSTRAINT `customs_created_by_id_fk` FOREIGN KEY (`created_by_id`) REFERENCES `admin_users` (`id`) ON DELETE SET NULL,
  CONSTRAINT `customs_updated_by_id_fk` FOREIGN KEY (`updated_by_id`) REFERENCES `admin_users` (`id`) ON DELETE SET NULL
) ENGINE=InnoDB AUTO_INCREMENT=3 DEFAULT CHARSET=utf8mb4 COLLATE=utf8mb4_general_ci;
/*!40101 SET character_set_client = @saved_cs_client */;

--
-- Dumping data for table `customs`
--

LOCK TABLES `customs` WRITE;
/*!40000 ALTER TABLE `customs` DISABLE KEYS */;
INSERT INTO `customs` VALUES (1,'2023-05-25 02:57:03.332000','2023-06-01 19:13:16.406000','2023-05-25 03:00:27.761000',1,1,'vi-VN'),(2,'2023-05-30 10:09:38.663000','2023-06-27 08:49:45.608000','2023-05-30 10:09:39.559000',1,1,'en');
/*!40000 ALTER TABLE `customs` ENABLE KEYS */;
UNLOCK TABLES;

--
-- Table structure for table `customs_components`
--

DROP TABLE IF EXISTS `customs_components`;
/*!40101 SET @saved_cs_client     = @@character_set_client */;
/*!40101 SET character_set_client = utf8 */;
CREATE TABLE `customs_components` (
  `id` int(10) unsigned NOT NULL AUTO_INCREMENT,
  `entity_id` int(10) unsigned DEFAULT NULL,
  `component_id` int(10) unsigned DEFAULT NULL,
  `component_type` varchar(255) DEFAULT NULL,
  `field` varchar(255) DEFAULT NULL,
  `order` double unsigned DEFAULT NULL,
  PRIMARY KEY (`id`),
  UNIQUE KEY `customs_unique` (`entity_id`,`component_id`,`field`,`component_type`),
  KEY `customs_field_index` (`field`),
  KEY `customs_component_type_index` (`component_type`),
  KEY `customs_entity_fk` (`entity_id`),
  CONSTRAINT `customs_entity_fk` FOREIGN KEY (`entity_id`) REFERENCES `customs` (`id`) ON DELETE CASCADE
) ENGINE=InnoDB AUTO_INCREMENT=138 DEFAULT CHARSET=utf8mb4 COLLATE=utf8mb4_general_ci;
/*!40101 SET character_set_client = @saved_cs_client */;

--
-- Dumping data for table `customs_components`
--

LOCK TABLES `customs_components` WRITE;
/*!40000 ALTER TABLE `customs_components` DISABLE KEYS */;
INSERT INTO `customs_components` VALUES (39,2,9,'service.information-service','infomation',9),(40,2,13,'custom.procedure','procedures',1),(41,2,14,'custom.procedure','procedures',2),(42,2,15,'custom.procedure','procedures',3),(43,2,16,'custom.procedure','procedures',4),(44,2,17,'custom.procedure','procedures',5),(45,2,18,'custom.procedure','procedures',6),(46,2,26,'shared.seo','SEO',1),(47,2,8,'common.price-table','price_table',6),(102,1,13,'service.information-service','infomation',1),(103,1,19,'custom.procedure','procedures',1),(104,1,20,'custom.procedure','procedures',2),(105,1,21,'custom.procedure','procedures',3),(106,1,22,'custom.procedure','procedures',4),(107,1,23,'custom.procedure','procedures',5),(108,1,24,'custom.procedure','procedures',6),(109,1,35,'shared.seo','SEO',NULL),(110,1,15,'common.price-table','price_table',NULL);
/*!40000 ALTER TABLE `customs_components` ENABLE KEYS */;
UNLOCK TABLES;

--
-- Table structure for table `customs_localizations_links`
--

DROP TABLE IF EXISTS `customs_localizations_links`;
/*!40101 SET @saved_cs_client     = @@character_set_client */;
/*!40101 SET character_set_client = utf8 */;
CREATE TABLE `customs_localizations_links` (
  `id` int(10) unsigned NOT NULL AUTO_INCREMENT,
  `custom_id` int(10) unsigned DEFAULT NULL,
  `inv_custom_id` int(10) unsigned DEFAULT NULL,
  `custom_order` double unsigned DEFAULT NULL,
  PRIMARY KEY (`id`),
  UNIQUE KEY `customs_localizations_links_unique` (`custom_id`,`inv_custom_id`),
  KEY `customs_localizations_links_fk` (`custom_id`),
  KEY `customs_localizations_links_inv_fk` (`inv_custom_id`),
  KEY `customs_localizations_links_order_fk` (`custom_order`),
  CONSTRAINT `customs_localizations_links_fk` FOREIGN KEY (`custom_id`) REFERENCES `customs` (`id`) ON DELETE CASCADE,
  CONSTRAINT `customs_localizations_links_inv_fk` FOREIGN KEY (`inv_custom_id`) REFERENCES `customs` (`id`) ON DELETE CASCADE
) ENGINE=InnoDB AUTO_INCREMENT=3 DEFAULT CHARSET=utf8mb4 COLLATE=utf8mb4_general_ci;
/*!40101 SET character_set_client = @saved_cs_client */;

--
-- Dumping data for table `customs_localizations_links`
--

LOCK TABLES `customs_localizations_links` WRITE;
/*!40000 ALTER TABLE `customs_localizations_links` DISABLE KEYS */;
INSERT INTO `customs_localizations_links` VALUES (1,2,1,1),(2,1,2,1);
/*!40000 ALTER TABLE `customs_localizations_links` ENABLE KEYS */;
UNLOCK TABLES;

--
-- Table structure for table `endpoint_deliveries`
--

DROP TABLE IF EXISTS `endpoint_deliveries`;
/*!40101 SET @saved_cs_client     = @@character_set_client */;
/*!40101 SET character_set_client = utf8 */;
CREATE TABLE `endpoint_deliveries` (
  `id` int(10) unsigned NOT NULL AUTO_INCREMENT,
  `created_at` datetime(6) DEFAULT NULL,
  `updated_at` datetime(6) DEFAULT NULL,
  `published_at` datetime(6) DEFAULT NULL,
  `created_by_id` int(10) unsigned DEFAULT NULL,
  `updated_by_id` int(10) unsigned DEFAULT NULL,
  `locale` varchar(255) DEFAULT NULL,
  PRIMARY KEY (`id`),
  KEY `endpoint_deliveries_created_by_id_fk` (`created_by_id`),
  KEY `endpoint_deliveries_updated_by_id_fk` (`updated_by_id`),
  CONSTRAINT `endpoint_deliveries_created_by_id_fk` FOREIGN KEY (`created_by_id`) REFERENCES `admin_users` (`id`) ON DELETE SET NULL,
  CONSTRAINT `endpoint_deliveries_updated_by_id_fk` FOREIGN KEY (`updated_by_id`) REFERENCES `admin_users` (`id`) ON DELETE SET NULL
) ENGINE=InnoDB AUTO_INCREMENT=3 DEFAULT CHARSET=utf8mb4 COLLATE=utf8mb4_general_ci;
/*!40101 SET character_set_client = @saved_cs_client */;

--
-- Dumping data for table `endpoint_deliveries`
--

LOCK TABLES `endpoint_deliveries` WRITE;
/*!40000 ALTER TABLE `endpoint_deliveries` DISABLE KEYS */;
INSERT INTO `endpoint_deliveries` VALUES (1,'2023-05-25 03:41:07.679000','2023-06-05 04:06:36.924000','2023-05-25 03:41:09.519000',1,1,'vi-VN'),(2,'2023-05-30 10:09:52.089000','2023-06-27 08:44:13.387000','2023-05-30 10:09:53.508000',1,1,'en');
/*!40000 ALTER TABLE `endpoint_deliveries` ENABLE KEYS */;
UNLOCK TABLES;

--
-- Table structure for table `endpoint_deliveries_components`
--

DROP TABLE IF EXISTS `endpoint_deliveries_components`;
/*!40101 SET @saved_cs_client     = @@character_set_client */;
/*!40101 SET character_set_client = utf8 */;
CREATE TABLE `endpoint_deliveries_components` (
  `id` int(10) unsigned NOT NULL AUTO_INCREMENT,
  `entity_id` int(10) unsigned DEFAULT NULL,
  `component_id` int(10) unsigned DEFAULT NULL,
  `component_type` varchar(255) DEFAULT NULL,
  `field` varchar(255) DEFAULT NULL,
  `order` double unsigned DEFAULT NULL,
  PRIMARY KEY (`id`),
  UNIQUE KEY `endpoint_deliveries_unique` (`entity_id`,`component_id`,`field`,`component_type`),
  KEY `endpoint_deliveries_field_index` (`field`),
  KEY `endpoint_deliveries_component_type_index` (`component_type`),
  KEY `endpoint_deliveries_entity_fk` (`entity_id`),
  CONSTRAINT `endpoint_deliveries_entity_fk` FOREIGN KEY (`entity_id`) REFERENCES `endpoint_deliveries` (`id`) ON DELETE CASCADE
) ENGINE=InnoDB AUTO_INCREMENT=26 DEFAULT CHARSET=utf8mb4 COLLATE=utf8mb4_general_ci;
/*!40101 SET character_set_client = @saved_cs_client */;

--
-- Dumping data for table `endpoint_deliveries_components`
--

LOCK TABLES `endpoint_deliveries_components` WRITE;
/*!40000 ALTER TABLE `endpoint_deliveries_components` DISABLE KEYS */;
INSERT INTO `endpoint_deliveries_components` VALUES (1,1,3,'service.information-service','infomation',NULL),(4,1,4,'shared.seo','SEO',NULL),(7,1,9,'common.price-table','price_table',NULL),(20,2,14,'service.information-service','infomation',NULL),(21,2,93,'shared.seo','SEO',NULL),(22,2,16,'common.price-table','price_table',NULL);
/*!40000 ALTER TABLE `endpoint_deliveries_components` ENABLE KEYS */;
UNLOCK TABLES;

--
-- Table structure for table `endpoint_deliveries_localizations_links`
--

DROP TABLE IF EXISTS `endpoint_deliveries_localizations_links`;
/*!40101 SET @saved_cs_client     = @@character_set_client */;
/*!40101 SET character_set_client = utf8 */;
CREATE TABLE `endpoint_deliveries_localizations_links` (
  `id` int(10) unsigned NOT NULL AUTO_INCREMENT,
  `endpoint_delivery_id` int(10) unsigned DEFAULT NULL,
  `inv_endpoint_delivery_id` int(10) unsigned DEFAULT NULL,
  `endpoint_delivery_order` double unsigned DEFAULT NULL,
  PRIMARY KEY (`id`),
  UNIQUE KEY `endpoint_deliveries_localizations_links_unique` (`endpoint_delivery_id`,`inv_endpoint_delivery_id`),
  KEY `endpoint_deliveries_localizations_links_fk` (`endpoint_delivery_id`),
  KEY `endpoint_deliveries_localizations_links_inv_fk` (`inv_endpoint_delivery_id`),
  KEY `endpoint_deliveries_localizations_links_order_fk` (`endpoint_delivery_order`),
  CONSTRAINT `endpoint_deliveries_localizations_links_fk` FOREIGN KEY (`endpoint_delivery_id`) REFERENCES `endpoint_deliveries` (`id`) ON DELETE CASCADE,
  CONSTRAINT `endpoint_deliveries_localizations_links_inv_fk` FOREIGN KEY (`inv_endpoint_delivery_id`) REFERENCES `endpoint_deliveries` (`id`) ON DELETE CASCADE
) ENGINE=InnoDB AUTO_INCREMENT=3 DEFAULT CHARSET=utf8mb4 COLLATE=utf8mb4_general_ci;
/*!40101 SET character_set_client = @saved_cs_client */;

--
-- Dumping data for table `endpoint_deliveries_localizations_links`
--

LOCK TABLES `endpoint_deliveries_localizations_links` WRITE;
/*!40000 ALTER TABLE `endpoint_deliveries_localizations_links` DISABLE KEYS */;
INSERT INTO `endpoint_deliveries_localizations_links` VALUES (1,2,1,1),(2,1,2,1);
/*!40000 ALTER TABLE `endpoint_deliveries_localizations_links` ENABLE KEYS */;
UNLOCK TABLES;

--
-- Table structure for table `files`
--

DROP TABLE IF EXISTS `files`;
/*!40101 SET @saved_cs_client     = @@character_set_client */;
/*!40101 SET character_set_client = utf8 */;
CREATE TABLE `files` (
  `id` int(10) unsigned NOT NULL AUTO_INCREMENT,
  `name` varchar(255) DEFAULT NULL,
  `alternative_text` varchar(255) DEFAULT NULL,
  `caption` varchar(255) DEFAULT NULL,
  `width` int(11) DEFAULT NULL,
  `height` int(11) DEFAULT NULL,
  `formats` longtext CHARACTER SET utf8mb4 COLLATE utf8mb4_bin DEFAULT NULL CHECK (json_valid(`formats`)),
  `hash` varchar(255) DEFAULT NULL,
  `ext` varchar(255) DEFAULT NULL,
  `mime` varchar(255) DEFAULT NULL,
  `size` decimal(10,2) DEFAULT NULL,
  `url` varchar(255) DEFAULT NULL,
  `preview_url` varchar(255) DEFAULT NULL,
  `provider` varchar(255) DEFAULT NULL,
  `provider_metadata` longtext CHARACTER SET utf8mb4 COLLATE utf8mb4_bin DEFAULT NULL CHECK (json_valid(`provider_metadata`)),
  `folder_path` varchar(255) DEFAULT NULL,
  `created_at` datetime(6) DEFAULT NULL,
  `updated_at` datetime(6) DEFAULT NULL,
  `created_by_id` int(10) unsigned DEFAULT NULL,
  `updated_by_id` int(10) unsigned DEFAULT NULL,
  PRIMARY KEY (`id`),
  KEY `upload_files_folder_path_index` (`folder_path`),
  KEY `upload_files_created_at_index` (`created_at`),
  KEY `upload_files_updated_at_index` (`updated_at`),
  KEY `upload_files_name_index` (`name`),
  KEY `upload_files_size_index` (`size`),
  KEY `upload_files_ext_index` (`ext`),
  KEY `files_created_by_id_fk` (`created_by_id`),
  KEY `files_updated_by_id_fk` (`updated_by_id`),
  CONSTRAINT `files_created_by_id_fk` FOREIGN KEY (`created_by_id`) REFERENCES `admin_users` (`id`) ON DELETE SET NULL,
  CONSTRAINT `files_updated_by_id_fk` FOREIGN KEY (`updated_by_id`) REFERENCES `admin_users` (`id`) ON DELETE SET NULL
) ENGINE=InnoDB AUTO_INCREMENT=177 DEFAULT CHARSET=utf8mb4 COLLATE=utf8mb4_general_ci;
/*!40101 SET character_set_client = @saved_cs_client */;

--
-- Dumping data for table `files`
--

LOCK TABLES `files` WRITE;
/*!40000 ALTER TABLE `files` DISABLE KEYS */;
INSERT INTO `files` VALUES (1,'anh1.webp',NULL,NULL,1920,450,'{\"thumbnail\":{\"name\":\"thumbnail_anh1.webp\",\"hash\":\"thumbnail_anh1_b6ff185f0f\",\"ext\":\".webp\",\"mime\":\"image/webp\",\"path\":null,\"width\":245,\"height\":57,\"size\":4.81,\"url\":\"/uploads/thumbnail_anh1_b6ff185f0f.webp\"},\"large\":{\"name\":\"large_anh1.webp\",\"hash\":\"large_anh1_b6ff185f0f\",\"ext\":\".webp\",\"mime\":\"image/webp\",\"path\":null,\"width\":1000,\"height\":234,\"size\":52.72,\"url\":\"/uploads/large_anh1_b6ff185f0f.webp\"},\"medium\":{\"name\":\"medium_anh1.webp\",\"hash\":\"medium_anh1_b6ff185f0f\",\"ext\":\".webp\",\"mime\":\"image/webp\",\"path\":null,\"width\":750,\"height\":176,\"size\":31.39,\"url\":\"/uploads/medium_anh1_b6ff185f0f.webp\"},\"small\":{\"name\":\"small_anh1.webp\",\"hash\":\"small_anh1_b6ff185f0f\",\"ext\":\".webp\",\"mime\":\"image/webp\",\"path\":null,\"width\":500,\"height\":117,\"size\":15.86,\"url\":\"/uploads/small_anh1_b6ff185f0f.webp\"}}','anh1_b6ff185f0f','.webp','image/webp',181.82,'/uploads/anh1_b6ff185f0f.webp',NULL,'local',NULL,'/','2023-05-22 08:30:14.131000','2023-05-22 08:30:14.131000',1,1),(2,'anh2.webp',NULL,NULL,1920,324,'{\"thumbnail\":{\"name\":\"thumbnail_anh2.webp\",\"hash\":\"thumbnail_anh2_1c2712ce44\",\"ext\":\".webp\",\"mime\":\"image/webp\",\"path\":null,\"width\":245,\"height\":41,\"size\":2.52,\"url\":\"/uploads/thumbnail_anh2_1c2712ce44.webp\"},\"large\":{\"name\":\"large_anh2.webp\",\"hash\":\"large_anh2_1c2712ce44\",\"ext\":\".webp\",\"mime\":\"image/webp\",\"path\":null,\"width\":1000,\"height\":169,\"size\":26.3,\"url\":\"/uploads/large_anh2_1c2712ce44.webp\"},\"medium\":{\"name\":\"medium_anh2.webp\",\"hash\":\"medium_anh2_1c2712ce44\",\"ext\":\".webp\",\"mime\":\"image/webp\",\"path\":null,\"width\":750,\"height\":127,\"size\":15.98,\"url\":\"/uploads/medium_anh2_1c2712ce44.webp\"},\"small\":{\"name\":\"small_anh2.webp\",\"hash\":\"small_anh2_1c2712ce44\",\"ext\":\".webp\",\"mime\":\"image/webp\",\"path\":null,\"width\":500,\"height\":84,\"size\":8.39,\"url\":\"/uploads/small_anh2_1c2712ce44.webp\"}}','anh2_1c2712ce44','.webp','image/webp',85.48,'/uploads/anh2_1c2712ce44.webp',NULL,'local',NULL,'/','2023-05-22 08:30:33.458000','2023-05-22 08:30:33.458000',1,1),(3,'anh3.webp',NULL,NULL,1920,347,'{\"thumbnail\":{\"name\":\"thumbnail_anh3.webp\",\"hash\":\"thumbnail_anh3_b3c1182c45\",\"ext\":\".webp\",\"mime\":\"image/webp\",\"path\":null,\"width\":245,\"height\":44,\"size\":3.49,\"url\":\"/uploads/thumbnail_anh3_b3c1182c45.webp\"},\"large\":{\"name\":\"large_anh3.webp\",\"hash\":\"large_anh3_b3c1182c45\",\"ext\":\".webp\",\"mime\":\"image/webp\",\"path\":null,\"width\":1000,\"height\":181,\"size\":31.75,\"url\":\"/uploads/large_anh3_b3c1182c45.webp\"},\"medium\":{\"name\":\"medium_anh3.webp\",\"hash\":\"medium_anh3_b3c1182c45\",\"ext\":\".webp\",\"mime\":\"image/webp\",\"path\":null,\"width\":750,\"height\":136,\"size\":20,\"url\":\"/uploads/medium_anh3_b3c1182c45.webp\"},\"small\":{\"name\":\"small_anh3.webp\",\"hash\":\"small_anh3_b3c1182c45\",\"ext\":\".webp\",\"mime\":\"image/webp\",\"path\":null,\"width\":500,\"height\":90,\"size\":10.38,\"url\":\"/uploads/small_anh3_b3c1182c45.webp\"}}','anh3_b3c1182c45','.webp','image/webp',111.54,'/uploads/anh3_b3c1182c45.webp',NULL,'local',NULL,'/','2023-05-22 08:30:55.087000','2023-05-22 08:30:55.087000',1,1),(4,'crown.svg',NULL,NULL,43,42,NULL,'crown_9622e8bc16','.svg','image/svg+xml',1.06,'/uploads/crown_9622e8bc16.svg',NULL,'local',NULL,'/','2023-05-22 09:22:03.917000','2023-05-22 09:22:03.917000',1,1),(5,'map.svg',NULL,NULL,44,49,NULL,'map_e0a42d9441','.svg','image/svg+xml',1.50,'/uploads/map_e0a42d9441.svg',NULL,'local',NULL,'/','2023-05-22 09:22:03.999000','2023-05-23 01:26:35.161000',1,1),(6,'ship.svg',NULL,NULL,41,44,NULL,'ship_47d649621c','.svg','image/svg+xml',1.73,'/uploads/ship_47d649621c.svg',NULL,'local',NULL,'/','2023-05-22 09:22:04.068000','2023-05-22 09:22:04.068000',1,1),(7,'truck.svg',NULL,NULL,56,41,NULL,'truck_e4f45fa767','.svg','image/svg+xml',2.16,'/uploads/truck_e4f45fa767.svg',NULL,'local',NULL,'/','2023-05-22 09:22:04.075000','2023-05-23 01:32:15.942000',1,2),(8,'box.svg',NULL,NULL,56,56,NULL,'box_8a137f6439','.svg','image/svg+xml',1.17,'/uploads/box_8a137f6439.svg',NULL,'local',NULL,'/','2023-05-23 01:53:36.202000','2023-05-23 01:53:36.202000',1,1),(9,'search.svg',NULL,NULL,56,56,NULL,'search_d5fbf4829c','.svg','image/svg+xml',2.57,'/uploads/search_d5fbf4829c.svg',NULL,'local',NULL,'/','2023-05-23 01:53:36.207000','2023-05-23 01:53:36.207000',1,1),(10,'warehouse.svg',NULL,NULL,60,60,NULL,'warehouse_ccf5283b77','.svg','image/svg+xml',2.53,'/uploads/warehouse_ccf5283b77.svg',NULL,'local',NULL,'/','2023-05-23 02:28:09.090000','2023-05-23 02:28:09.090000',1,1),(11,'shipping.svg',NULL,NULL,60,60,NULL,'shipping_3a56aa52c2','.svg','image/svg+xml',2.63,'/uploads/shipping_3a56aa52c2.svg',NULL,'local',NULL,'/','2023-05-23 02:28:09.097000','2023-05-23 02:28:09.097000',1,1),(12,'package.svg',NULL,NULL,60,60,NULL,'package_37a5ee07df','.svg','image/svg+xml',2.02,'/uploads/package_37a5ee07df.svg',NULL,'local',NULL,'/','2023-05-23 02:28:09.133000','2023-05-23 02:28:09.133000',1,1),(13,'truck_2.svg',NULL,NULL,60,60,NULL,'truck_2_2ce010d1a5','.svg','image/svg+xml',1.74,'/uploads/truck_2_2ce010d1a5.svg',NULL,'local',NULL,'/','2023-05-23 02:28:09.205000','2023-05-23 02:28:09.205000',1,1),(14,'airplane.webp',NULL,NULL,64,64,NULL,'airplane_c6752831d4','.webp','image/webp',1.57,'/uploads/airplane_c6752831d4.webp',NULL,'local',NULL,'/','2023-05-23 02:28:09.210000','2023-05-23 02:28:09.210000',1,1),(15,'bg_service.webp',NULL,NULL,1530,417,'{\"thumbnail\":{\"name\":\"thumbnail_bg_service.webp\",\"hash\":\"thumbnail_bg_service_0071ffaa3a\",\"ext\":\".webp\",\"mime\":\"image/webp\",\"path\":null,\"width\":245,\"height\":67,\"size\":4.95,\"url\":\"/uploads/thumbnail_bg_service_0071ffaa3a.webp\"},\"small\":{\"name\":\"small_bg_service.webp\",\"hash\":\"small_bg_service_0071ffaa3a\",\"ext\":\".webp\",\"mime\":\"image/webp\",\"path\":null,\"width\":500,\"height\":136,\"size\":17.84,\"url\":\"/uploads/small_bg_service_0071ffaa3a.webp\"},\"medium\":{\"name\":\"medium_bg_service.webp\",\"hash\":\"medium_bg_service_0071ffaa3a\",\"ext\":\".webp\",\"mime\":\"image/webp\",\"path\":null,\"width\":750,\"height\":204,\"size\":37.15,\"url\":\"/uploads/medium_bg_service_0071ffaa3a.webp\"},\"large\":{\"name\":\"large_bg_service.webp\",\"hash\":\"large_bg_service_0071ffaa3a\",\"ext\":\".webp\",\"mime\":\"image/webp\",\"path\":null,\"width\":1000,\"height\":273,\"size\":59.79,\"url\":\"/uploads/large_bg_service_0071ffaa3a.webp\"}}','bg_service_0071ffaa3a','.webp','image/webp',112.89,'/uploads/bg_service_0071ffaa3a.webp',NULL,'local',NULL,'/','2023-05-23 02:30:41.704000','2023-05-23 02:30:41.704000',1,1),(16,'seaport_3.webp',NULL,NULL,720,340,'{\"thumbnail\":{\"name\":\"thumbnail_seaport_3.webp\",\"hash\":\"thumbnail_seaport_3_f479cd87a2\",\"ext\":\".webp\",\"mime\":\"image/webp\",\"path\":null,\"width\":245,\"height\":116,\"size\":7.36,\"url\":\"/uploads/thumbnail_seaport_3_f479cd87a2.webp\"},\"small\":{\"name\":\"small_seaport_3.webp\",\"hash\":\"small_seaport_3_f479cd87a2\",\"ext\":\".webp\",\"mime\":\"image/webp\",\"path\":null,\"width\":500,\"height\":236,\"size\":21.1,\"url\":\"/uploads/small_seaport_3_f479cd87a2.webp\"}}','seaport_3_f479cd87a2','.webp','image/webp',34.12,'/uploads/seaport_3_f479cd87a2.webp',NULL,'local',NULL,'/','2023-05-23 02:46:07.051000','2023-05-23 02:46:07.051000',1,1),(17,'heung_a.webp',NULL,NULL,256,40,'{\"thumbnail\":{\"name\":\"thumbnail_heung_a.webp\",\"hash\":\"thumbnail_heung_a_96277ee65a\",\"ext\":\".webp\",\"mime\":\"image/webp\",\"path\":null,\"width\":245,\"height\":38,\"size\":1.97,\"url\":\"/uploads/thumbnail_heung_a_96277ee65a.webp\"}}','heung_a_96277ee65a','.webp','image/webp',1.95,'/uploads/heung_a_96277ee65a.webp',NULL,'local',NULL,'/','2023-05-23 02:49:20.925000','2023-05-23 02:49:20.925000',1,1),(18,'sing_airline.webp',NULL,NULL,256,94,'{\"thumbnail\":{\"name\":\"thumbnail_sing_airline.webp\",\"hash\":\"thumbnail_sing_airline_5ad216348a\",\"ext\":\".webp\",\"mime\":\"image/webp\",\"path\":null,\"width\":245,\"height\":90,\"size\":9.21,\"url\":\"/uploads/thumbnail_sing_airline_5ad216348a.webp\"}}','sing_airline_5ad216348a','.webp','image/webp',8.67,'/uploads/sing_airline_5ad216348a.webp',NULL,'local',NULL,'/','2023-05-23 02:49:20.951000','2023-05-23 02:49:20.951000',1,1),(19,'eva_air.webp',NULL,NULL,256,61,'{\"thumbnail\":{\"name\":\"thumbnail_eva_air.webp\",\"hash\":\"thumbnail_eva_air_e3e07be346\",\"ext\":\".webp\",\"mime\":\"image/webp\",\"path\":null,\"width\":245,\"height\":58,\"size\":2.13,\"url\":\"/uploads/thumbnail_eva_air_e3e07be346.webp\"}}','eva_air_e3e07be346','.webp','image/webp',2.27,'/uploads/eva_air_e3e07be346.webp',NULL,'local',NULL,'/','2023-05-23 02:49:20.955000','2023-05-23 02:49:20.955000',1,1),(20,'vna.webp',NULL,NULL,256,32,'{\"thumbnail\":{\"name\":\"thumbnail_vna.webp\",\"hash\":\"thumbnail_vna_54c5ee2be6\",\"ext\":\".webp\",\"mime\":\"image/webp\",\"path\":null,\"width\":245,\"height\":31,\"size\":5.16,\"url\":\"/uploads/thumbnail_vna_54c5ee2be6.webp\"}}','vna_54c5ee2be6','.webp','image/webp',5.21,'/uploads/vna_54c5ee2be6.webp',NULL,'local',NULL,'/','2023-05-23 02:49:20.967000','2023-05-23 02:49:20.967000',1,1),(21,'yang_ming.webp',NULL,NULL,256,113,'{\"thumbnail\":{\"name\":\"thumbnail_yang_ming.webp\",\"hash\":\"thumbnail_yang_ming_2db2520bd5\",\"ext\":\".webp\",\"mime\":\"image/webp\",\"path\":null,\"width\":245,\"height\":108,\"size\":9.21,\"url\":\"/uploads/thumbnail_yang_ming_2db2520bd5.webp\"}}','yang_ming_2db2520bd5','.webp','image/webp',8.67,'/uploads/yang_ming_2db2520bd5.webp',NULL,'local',NULL,'/','2023-05-23 02:49:20.976000','2023-05-23 02:49:20.976000',1,1),(22,'dhl.webp',NULL,NULL,256,192,'{\"thumbnail\":{\"name\":\"thumbnail_dhl.webp\",\"hash\":\"thumbnail_dhl_a886bed64b\",\"ext\":\".webp\",\"mime\":\"image/webp\",\"path\":null,\"width\":208,\"height\":156,\"size\":2.94,\"url\":\"/uploads/thumbnail_dhl_a886bed64b.webp\"}}','dhl_a886bed64b','.webp','image/webp',3.58,'/uploads/dhl_a886bed64b.webp',NULL,'local',NULL,'/','2023-05-23 02:49:20.982000','2023-05-23 02:49:20.982000',1,1),(23,'evergreen.webp',NULL,NULL,256,46,'{\"thumbnail\":{\"name\":\"thumbnail_evergreen.webp\",\"hash\":\"thumbnail_evergreen_c22ef85ee4\",\"ext\":\".webp\",\"mime\":\"image/webp\",\"path\":null,\"width\":245,\"height\":44,\"size\":2.34,\"url\":\"/uploads/thumbnail_evergreen_c22ef85ee4.webp\"}}','evergreen_c22ef85ee4','.webp','image/webp',2.54,'/uploads/evergreen_c22ef85ee4.webp',NULL,'local',NULL,'/','2023-05-23 02:49:21.126000','2023-05-23 02:49:21.126000',1,1),(24,'wan_hai_line.webp',NULL,NULL,256,134,'{\"thumbnail\":{\"name\":\"thumbnail_wan_hai_line.webp\",\"hash\":\"thumbnail_wan_hai_line_2e96f4ec42\",\"ext\":\".webp\",\"mime\":\"image/webp\",\"path\":null,\"width\":245,\"height\":128,\"size\":2.26,\"url\":\"/uploads/thumbnail_wan_hai_line_2e96f4ec42.webp\"}}','wan_hai_line_2e96f4ec42','.webp','image/webp',2.41,'/uploads/wan_hai_line_2e96f4ec42.webp',NULL,'local',NULL,'/','2023-05-23 02:49:21.130000','2023-05-23 02:49:21.130000',1,1),(25,'sitc.webp',NULL,NULL,256,70,'{\"thumbnail\":{\"name\":\"thumbnail_sitc.webp\",\"hash\":\"thumbnail_sitc_42098d2742\",\"ext\":\".webp\",\"mime\":\"image/webp\",\"path\":null,\"width\":245,\"height\":67,\"size\":1.77,\"url\":\"/uploads/thumbnail_sitc_42098d2742.webp\"}}','sitc_42098d2742','.webp','image/webp',1.73,'/uploads/sitc_42098d2742.webp',NULL,'local',NULL,'/','2023-05-23 02:49:21.231000','2023-05-23 02:49:48.616000',1,1),(26,'cosco.webp',NULL,NULL,256,142,'{\"thumbnail\":{\"name\":\"thumbnail_cosco.webp\",\"hash\":\"thumbnail_cosco_67d6758a23\",\"ext\":\".webp\",\"mime\":\"image/webp\",\"path\":null,\"width\":245,\"height\":136,\"size\":15.01,\"url\":\"/uploads/thumbnail_cosco_67d6758a23.webp\"}}','cosco_67d6758a23','.webp','image/webp',14.38,'/uploads/cosco_67d6758a23.webp',NULL,'local',NULL,'/','2023-05-23 02:49:21.275000','2023-05-23 02:49:21.275000',1,1),(27,'ship_container.png',NULL,NULL,3798,640,'{\"thumbnail\":{\"name\":\"thumbnail_ship_container.png\",\"hash\":\"thumbnail_ship_container_4853e01969\",\"ext\":\".png\",\"mime\":\"image/png\",\"path\":null,\"width\":245,\"height\":41,\"size\":25.53,\"url\":\"/uploads/thumbnail_ship_container_4853e01969.png\"},\"small\":{\"name\":\"small_ship_container.png\",\"hash\":\"small_ship_container_4853e01969\",\"ext\":\".png\",\"mime\":\"image/png\",\"path\":null,\"width\":500,\"height\":84,\"size\":102.63,\"url\":\"/uploads/small_ship_container_4853e01969.png\"},\"medium\":{\"name\":\"medium_ship_container.png\",\"hash\":\"medium_ship_container_4853e01969\",\"ext\":\".png\",\"mime\":\"image/png\",\"path\":null,\"width\":750,\"height\":126,\"size\":226.23,\"url\":\"/uploads/medium_ship_container_4853e01969.png\"},\"large\":{\"name\":\"large_ship_container.png\",\"hash\":\"large_ship_container_4853e01969\",\"ext\":\".png\",\"mime\":\"image/png\",\"path\":null,\"width\":1000,\"height\":169,\"size\":397.33,\"url\":\"/uploads/large_ship_container_4853e01969.png\"}}','ship_container_4853e01969','.png','image/png',977.64,'/uploads/ship_container_4853e01969.png',NULL,'local',NULL,'/','2023-05-24 08:03:06.664000','2023-05-30 15:28:09.770000',1,1),(28,'car.svg',NULL,NULL,64,64,NULL,'car_af82034d03','.svg','image/svg+xml',1.61,'/uploads/car_af82034d03.svg',NULL,'local',NULL,'/','2023-05-24 08:04:00.172000','2023-05-24 08:04:00.172000',1,1),(29,'security.svg',NULL,NULL,64,64,NULL,'security_e5e79309b0','.svg','image/svg+xml',1.11,'/uploads/security_e5e79309b0.svg',NULL,'local',NULL,'/','2023-05-24 08:05:08.491000','2023-05-24 08:05:08.491000',1,1),(30,'house.svg',NULL,NULL,64,64,NULL,'house_6d4e969093','.svg','image/svg+xml',1.15,'/uploads/house_6d4e969093.svg',NULL,'local',NULL,'/','2023-05-24 08:05:56.809000','2023-05-24 08:05:56.809000',1,1),(31,'people.svg',NULL,NULL,64,64,NULL,'people_fa853d53e7','.svg','image/svg+xml',1.99,'/uploads/people_fa853d53e7.svg',NULL,'local',NULL,'/','2023-05-24 08:06:39.463000','2023-05-24 08:06:39.463000',1,1),(32,'truck.png',NULL,NULL,480,526,'{\"thumbnail\":{\"name\":\"thumbnail_truck.png\",\"hash\":\"thumbnail_truck_c64d1e7bc5\",\"ext\":\".png\",\"mime\":\"image/png\",\"path\":null,\"width\":142,\"height\":156,\"size\":53.33,\"url\":\"/uploads/thumbnail_truck_c64d1e7bc5.png\"},\"small\":{\"name\":\"small_truck.png\",\"hash\":\"small_truck_c64d1e7bc5\",\"ext\":\".png\",\"mime\":\"image/png\",\"path\":null,\"width\":456,\"height\":500,\"size\":441.99,\"url\":\"/uploads/small_truck_c64d1e7bc5.png\"}}','truck_c64d1e7bc5','.png','image/png',112.42,'/uploads/truck_c64d1e7bc5.png',NULL,'local',NULL,'/','2023-05-24 08:08:04.288000','2023-05-25 02:00:45.842000',1,1),(33,'ship.png',NULL,NULL,480,526,'{\"thumbnail\":{\"name\":\"thumbnail_ship.png\",\"hash\":\"thumbnail_ship_bac356e7a7\",\"ext\":\".png\",\"mime\":\"image/png\",\"path\":null,\"width\":142,\"height\":156,\"size\":54.43,\"url\":\"/uploads/thumbnail_ship_bac356e7a7.png\"},\"small\":{\"name\":\"small_ship.png\",\"hash\":\"small_ship_bac356e7a7\",\"ext\":\".png\",\"mime\":\"image/png\",\"path\":null,\"width\":456,\"height\":500,\"size\":471.61,\"url\":\"/uploads/small_ship_bac356e7a7.png\"}}','ship_bac356e7a7','.png','image/png',131.55,'/uploads/ship_bac356e7a7.png',NULL,'local',NULL,'/','2023-05-24 08:08:38.601000','2023-05-24 08:08:38.601000',1,1),(34,'train.png',NULL,NULL,480,526,'{\"thumbnail\":{\"name\":\"thumbnail_train.png\",\"hash\":\"thumbnail_train_bce041fb7c\",\"ext\":\".png\",\"mime\":\"image/png\",\"path\":null,\"width\":142,\"height\":156,\"size\":50.29,\"url\":\"/uploads/thumbnail_train_bce041fb7c.png\"},\"small\":{\"name\":\"small_train.png\",\"hash\":\"small_train_bce041fb7c\",\"ext\":\".png\",\"mime\":\"image/png\",\"path\":null,\"width\":456,\"height\":500,\"size\":449.41,\"url\":\"/uploads/small_train_bce041fb7c.png\"}}','train_bce041fb7c','.png','image/png',141.13,'/uploads/train_bce041fb7c.png',NULL,'local',NULL,'/','2023-05-24 08:09:12.917000','2023-05-24 08:09:12.917000',1,1),(35,'sms_tracking.svg',NULL,NULL,22,20,NULL,'sms_tracking_e048503c19','.svg','image/svg+xml',1.88,'/uploads/sms_tracking_e048503c19.svg',NULL,'local',NULL,'/','2023-05-24 08:41:45.080000','2023-05-24 08:41:45.080000',1,1),(36,'call.svg',NULL,NULL,20,20,NULL,'call_6aa08ebd9b','.svg','image/svg+xml',5.14,'/uploads/call_6aa08ebd9b.svg',NULL,'local',NULL,'/','2023-05-24 08:42:54.623000','2023-05-24 08:42:54.623000',1,1),(37,'location.svg',NULL,NULL,19,22,NULL,'location_64205e8f99','.svg','image/svg+xml',0.64,'/uploads/location_64205e8f99.svg',NULL,'local',NULL,'/','2023-05-24 08:43:44.554000','2023-05-24 08:43:44.554000',1,1),(38,'zalo.webp',NULL,NULL,48,48,NULL,'zalo_45c7c49252','.webp','image/webp',1.16,'/uploads/zalo_45c7c49252.webp',NULL,'local',NULL,'/','2023-05-24 08:47:47.023000','2023-05-24 08:47:47.023000',1,1),(39,'fb.webp',NULL,NULL,48,48,NULL,'fb_bd17466a27','.webp','image/webp',1.18,'/uploads/fb_bd17466a27.webp',NULL,'local',NULL,'/','2023-05-24 08:47:47.030000','2023-05-24 08:47:47.030000',1,1),(40,'tiktok.webp',NULL,NULL,48,45,NULL,'tiktok_a078a157c7','.webp','image/webp',0.93,'/uploads/tiktok_a078a157c7.webp',NULL,'local',NULL,'/','2023-05-24 08:47:47.035000','2023-05-24 08:47:47.035000',1,1),(41,'warehouse_working.png',NULL,NULL,1920,908,'{\"thumbnail\":{\"name\":\"thumbnail_warehouse_working.png\",\"hash\":\"thumbnail_warehouse_working_7cff931ec9\",\"ext\":\".png\",\"mime\":\"image/png\",\"path\":null,\"width\":245,\"height\":116,\"size\":71.63,\"url\":\"/uploads/thumbnail_warehouse_working_7cff931ec9.png\"},\"small\":{\"name\":\"small_warehouse_working.png\",\"hash\":\"small_warehouse_working_7cff931ec9\",\"ext\":\".png\",\"mime\":\"image/png\",\"path\":null,\"width\":500,\"height\":236,\"size\":278.53,\"url\":\"/uploads/small_warehouse_working_7cff931ec9.png\"},\"medium\":{\"name\":\"medium_warehouse_working.png\",\"hash\":\"medium_warehouse_working_7cff931ec9\",\"ext\":\".png\",\"mime\":\"image/png\",\"path\":null,\"width\":750,\"height\":355,\"size\":614.49,\"url\":\"/uploads/medium_warehouse_working_7cff931ec9.png\"},\"large\":{\"name\":\"large_warehouse_working.png\",\"hash\":\"large_warehouse_working_7cff931ec9\",\"ext\":\".png\",\"mime\":\"image/png\",\"path\":null,\"width\":1000,\"height\":473,\"size\":1086.05,\"url\":\"/uploads/large_warehouse_working_7cff931ec9.png\"}}','warehouse_working_7cff931ec9','.png','image/png',996.27,'/uploads/warehouse_working_7cff931ec9.png',NULL,'local',NULL,'/','2023-05-24 10:44:38.976000','2023-05-24 10:44:38.976000',1,1),(42,'truck_2.png',NULL,NULL,1920,320,'{\"thumbnail\":{\"name\":\"thumbnail_truck_2.png\",\"hash\":\"thumbnail_truck_2_6881064724\",\"ext\":\".png\",\"mime\":\"image/png\",\"path\":null,\"width\":245,\"height\":41,\"size\":26.35,\"url\":\"/uploads/thumbnail_truck_2_6881064724.png\"},\"small\":{\"name\":\"small_truck_2.png\",\"hash\":\"small_truck_2_6881064724\",\"ext\":\".png\",\"mime\":\"image/png\",\"path\":null,\"width\":500,\"height\":83,\"size\":102.19,\"url\":\"/uploads/small_truck_2_6881064724.png\"},\"medium\":{\"name\":\"medium_truck_2.png\",\"hash\":\"medium_truck_2_6881064724\",\"ext\":\".png\",\"mime\":\"image/png\",\"path\":null,\"width\":750,\"height\":125,\"size\":220.68,\"url\":\"/uploads/medium_truck_2_6881064724.png\"},\"large\":{\"name\":\"large_truck_2.png\",\"hash\":\"large_truck_2_6881064724\",\"ext\":\".png\",\"mime\":\"image/png\",\"path\":null,\"width\":1000,\"height\":167,\"size\":378.21,\"url\":\"/uploads/large_truck_2_6881064724.png\"}}','truck_2_6881064724','.png','image/png',242.55,'/uploads/truck_2_6881064724.png',NULL,'local',NULL,'/','2023-05-25 01:29:51.635000','2023-05-25 01:29:51.635000',1,1),(43,'general.png',NULL,NULL,700,481,'{\"thumbnail\":{\"name\":\"thumbnail_general.png\",\"hash\":\"thumbnail_general_2f14fec2e7\",\"ext\":\".png\",\"mime\":\"image/png\",\"path\":null,\"width\":227,\"height\":156,\"size\":73.15,\"url\":\"/uploads/thumbnail_general_2f14fec2e7.png\"},\"small\":{\"name\":\"small_general.png\",\"hash\":\"small_general_2f14fec2e7\",\"ext\":\".png\",\"mime\":\"image/png\",\"path\":null,\"width\":500,\"height\":344,\"size\":308.42,\"url\":\"/uploads/small_general_2f14fec2e7.png\"}}','general_2f14fec2e7','.png','image/png',139.84,'/uploads/general_2f14fec2e7.png',NULL,'local',NULL,'/','2023-05-25 01:32:07.019000','2023-05-25 02:54:06.241000',1,1),(44,'sub_general.png',NULL,NULL,310,302,'{\"thumbnail\":{\"name\":\"thumbnail_sub_general.png\",\"hash\":\"thumbnail_sub_general_fcbc2d9028\",\"ext\":\".png\",\"mime\":\"image/png\",\"path\":null,\"width\":160,\"height\":156,\"size\":64.71,\"url\":\"/uploads/thumbnail_sub_general_fcbc2d9028.png\"}}','sub_general_fcbc2d9028','.png','image/png',63.94,'/uploads/sub_general_fcbc2d9028.png',NULL,'local',NULL,'/','2023-05-25 01:32:43.714000','2023-05-25 01:32:43.714000',1,1),(45,'warehouse_working_small.png',NULL,NULL,1470,800,'{\"thumbnail\":{\"name\":\"thumbnail_warehouse_working_small.png\",\"hash\":\"thumbnail_warehouse_working_small_e738fc3ba7\",\"ext\":\".png\",\"mime\":\"image/png\",\"path\":null,\"width\":245,\"height\":133,\"size\":82.02,\"url\":\"/uploads/thumbnail_warehouse_working_small_e738fc3ba7.png\"},\"small\":{\"name\":\"small_warehouse_working_small.png\",\"hash\":\"small_warehouse_working_small_e738fc3ba7\",\"ext\":\".png\",\"mime\":\"image/png\",\"path\":null,\"width\":500,\"height\":272,\"size\":319.17,\"url\":\"/uploads/small_warehouse_working_small_e738fc3ba7.png\"},\"medium\":{\"name\":\"medium_warehouse_working_small.png\",\"hash\":\"medium_warehouse_working_small_e738fc3ba7\",\"ext\":\".png\",\"mime\":\"image/png\",\"path\":null,\"width\":750,\"height\":408,\"size\":695.07,\"url\":\"/uploads/medium_warehouse_working_small_e738fc3ba7.png\"},\"large\":{\"name\":\"large_warehouse_working_small.png\",\"hash\":\"large_warehouse_working_small_e738fc3ba7\",\"ext\":\".png\",\"mime\":\"image/png\",\"path\":null,\"width\":1000,\"height\":544,\"size\":1196.91,\"url\":\"/uploads/large_warehouse_working_small_e738fc3ba7.png\"}}','warehouse_working_small_e738fc3ba7','.png','image/png',585.86,'/uploads/warehouse_working_small_e738fc3ba7.png',NULL,'local',NULL,'/','2023-05-25 01:33:17.434000','2023-05-25 01:33:17.434000',1,1),(46,'seaport.png',NULL,NULL,1450,800,'{\"thumbnail\":{\"name\":\"thumbnail_seaport.png\",\"hash\":\"thumbnail_seaport_44a4b57664\",\"ext\":\".png\",\"mime\":\"image/png\",\"path\":null,\"width\":245,\"height\":135,\"size\":89.02,\"url\":\"/uploads/thumbnail_seaport_44a4b57664.png\"},\"small\":{\"name\":\"small_seaport.png\",\"hash\":\"small_seaport_44a4b57664\",\"ext\":\".png\",\"mime\":\"image/png\",\"path\":null,\"width\":500,\"height\":276,\"size\":361.06,\"url\":\"/uploads/small_seaport_44a4b57664.png\"},\"medium\":{\"name\":\"medium_seaport.png\",\"hash\":\"medium_seaport_44a4b57664\",\"ext\":\".png\",\"mime\":\"image/png\",\"path\":null,\"width\":750,\"height\":414,\"size\":801.47,\"url\":\"/uploads/medium_seaport_44a4b57664.png\"},\"large\":{\"name\":\"large_seaport.png\",\"hash\":\"large_seaport_44a4b57664\",\"ext\":\".png\",\"mime\":\"image/png\",\"path\":null,\"width\":1000,\"height\":552,\"size\":1411.11,\"url\":\"/uploads/large_seaport_44a4b57664.png\"}}','seaport_44a4b57664','.png','image/png',739.24,'/uploads/seaport_44a4b57664.png',NULL,'local',NULL,'/','2023-05-25 01:34:05.260000','2023-05-25 01:34:05.260000',1,1),(47,'box_2.svg',NULL,NULL,64,64,NULL,'box_2_f51911118d','.svg','image/svg+xml',1.83,'/uploads/box_2_f51911118d.svg',NULL,'local',NULL,'/','2023-05-25 01:54:57.006000','2023-05-25 01:54:57.006000',1,1),(48,'group.svg',NULL,NULL,64,64,NULL,'group_7a8cf656de','.svg','image/svg+xml',2.08,'/uploads/group_7a8cf656de.svg',NULL,'local',NULL,'/','2023-05-25 01:55:38.100000','2023-05-25 01:55:38.100000',1,1),(49,'square.svg',NULL,NULL,64,64,NULL,'square_19f9c0cb59','.svg','image/svg+xml',1.33,'/uploads/square_19f9c0cb59.svg',NULL,'local',NULL,'/','2023-05-25 01:56:33.042000','2023-05-25 01:56:33.042000',1,1),(50,'office.png',NULL,NULL,1530,480,'{\"thumbnail\":{\"name\":\"thumbnail_office.png\",\"hash\":\"thumbnail_office_ba20524b1c\",\"ext\":\".png\",\"mime\":\"image/png\",\"path\":null,\"width\":245,\"height\":77,\"size\":50.56,\"url\":\"/uploads/thumbnail_office_ba20524b1c.png\"},\"small\":{\"name\":\"small_office.png\",\"hash\":\"small_office_ba20524b1c\",\"ext\":\".png\",\"mime\":\"image/png\",\"path\":null,\"width\":500,\"height\":157,\"size\":193.46,\"url\":\"/uploads/small_office_ba20524b1c.png\"},\"medium\":{\"name\":\"medium_office.png\",\"hash\":\"medium_office_ba20524b1c\",\"ext\":\".png\",\"mime\":\"image/png\",\"path\":null,\"width\":750,\"height\":235,\"size\":416.48,\"url\":\"/uploads/medium_office_ba20524b1c.png\"},\"large\":{\"name\":\"large_office.png\",\"hash\":\"large_office_ba20524b1c\",\"ext\":\".png\",\"mime\":\"image/png\",\"path\":null,\"width\":1000,\"height\":314,\"size\":719.28,\"url\":\"/uploads/large_office_ba20524b1c.png\"}}','office_ba20524b1c','.png','image/png',336.69,'/uploads/office_ba20524b1c.png',NULL,'local',NULL,'/','2023-05-25 02:56:57.445000','2023-05-25 02:56:57.445000',1,1),(51,'seaport_2.png',NULL,NULL,1920,347,'{\"thumbnail\":{\"name\":\"thumbnail_seaport_2.png\",\"hash\":\"thumbnail_seaport_2_f86671a1af\",\"ext\":\".png\",\"mime\":\"image/png\",\"path\":null,\"width\":245,\"height\":44,\"size\":27.58,\"url\":\"/uploads/thumbnail_seaport_2_f86671a1af.png\"},\"small\":{\"name\":\"small_seaport_2.png\",\"hash\":\"small_seaport_2_f86671a1af\",\"ext\":\".png\",\"mime\":\"image/png\",\"path\":null,\"width\":500,\"height\":90,\"size\":107.2,\"url\":\"/uploads/small_seaport_2_f86671a1af.png\"},\"medium\":{\"name\":\"medium_seaport_2.png\",\"hash\":\"medium_seaport_2_f86671a1af\",\"ext\":\".png\",\"mime\":\"image/png\",\"path\":null,\"width\":750,\"height\":136,\"size\":238.66,\"url\":\"/uploads/medium_seaport_2_f86671a1af.png\"},\"large\":{\"name\":\"large_seaport_2.png\",\"hash\":\"large_seaport_2_f86671a1af\",\"ext\":\".png\",\"mime\":\"image/png\",\"path\":null,\"width\":1000,\"height\":181,\"size\":422.48,\"url\":\"/uploads/large_seaport_2_f86671a1af.png\"}}','seaport_2_f86671a1af','.png','image/png',419.83,'/uploads/seaport_2_f86671a1af.png',NULL,'local',NULL,'/','2023-05-25 03:00:14.780000','2023-05-25 03:00:14.780000',1,1),(52,'wh.png',NULL,NULL,1920,320,'{\"thumbnail\":{\"name\":\"thumbnail_wh.png\",\"hash\":\"thumbnail_wh_3fdab43aa7\",\"ext\":\".png\",\"mime\":\"image/png\",\"path\":null,\"width\":245,\"height\":41,\"size\":14.59,\"url\":\"/uploads/thumbnail_wh_3fdab43aa7.png\"},\"small\":{\"name\":\"small_wh.png\",\"hash\":\"small_wh_3fdab43aa7\",\"ext\":\".png\",\"mime\":\"image/png\",\"path\":null,\"width\":500,\"height\":83,\"size\":50.59,\"url\":\"/uploads/small_wh_3fdab43aa7.png\"},\"medium\":{\"name\":\"medium_wh.png\",\"hash\":\"medium_wh_3fdab43aa7\",\"ext\":\".png\",\"mime\":\"image/png\",\"path\":null,\"width\":750,\"height\":125,\"size\":105.05,\"url\":\"/uploads/medium_wh_3fdab43aa7.png\"},\"large\":{\"name\":\"large_wh.png\",\"hash\":\"large_wh_3fdab43aa7\",\"ext\":\".png\",\"mime\":\"image/png\",\"path\":null,\"width\":1000,\"height\":167,\"size\":175.23,\"url\":\"/uploads/large_wh_3fdab43aa7.png\"}}','wh_3fdab43aa7','.png','image/png',149.92,'/uploads/wh_3fdab43aa7.png',NULL,'local',NULL,'/','2023-05-25 03:21:02.878000','2023-05-25 03:21:02.878000',1,1),(53,'banner.png',NULL,NULL,1920,320,'{\"thumbnail\":{\"name\":\"thumbnail_banner.webp\",\"hash\":\"thumbnail_banner_a0051ca4d2\",\"ext\":\".png\",\"mime\":\"image/webp\",\"path\":null,\"width\":245,\"height\":41,\"size\":2.96,\"url\":\"/uploads/thumbnail_banner_a0051ca4d2.png\"},\"large\":{\"name\":\"large_banner.webp\",\"hash\":\"large_banner_a0051ca4d2\",\"ext\":\".png\",\"mime\":\"image/webp\",\"path\":null,\"width\":1000,\"height\":167,\"size\":28.99,\"url\":\"/uploads/large_banner_a0051ca4d2.png\"},\"small\":{\"name\":\"small_banner.webp\",\"hash\":\"small_banner_a0051ca4d2\",\"ext\":\".png\",\"mime\":\"image/webp\",\"path\":null,\"width\":500,\"height\":83,\"size\":9.36,\"url\":\"/uploads/small_banner_a0051ca4d2.png\"},\"medium\":{\"name\":\"medium_banner.webp\",\"hash\":\"medium_banner_a0051ca4d2\",\"ext\":\".png\",\"mime\":\"image/webp\",\"path\":null,\"width\":750,\"height\":125,\"size\":18.23,\"url\":\"/uploads/medium_banner_a0051ca4d2.png\"}}','banner_a0051ca4d2','.png','image/webp',96.69,'/uploads/banner_a0051ca4d2.png',NULL,'local',NULL,'/','2023-05-25 04:47:11.076000','2023-05-30 08:59:32.616000',1,1),(54,'mission.png',NULL,NULL,1920,551,'{\"thumbnail\":{\"name\":\"thumbnail_mission.png\",\"hash\":\"thumbnail_mission_72cae2660b\",\"ext\":\".png\",\"mime\":\"image/png\",\"path\":null,\"width\":245,\"height\":70,\"size\":45.2,\"url\":\"/uploads/thumbnail_mission_72cae2660b.png\"},\"small\":{\"name\":\"small_mission.png\",\"hash\":\"small_mission_72cae2660b\",\"ext\":\".png\",\"mime\":\"image/png\",\"path\":null,\"width\":500,\"height\":143,\"size\":174.91,\"url\":\"/uploads/small_mission_72cae2660b.png\"},\"medium\":{\"name\":\"medium_mission.png\",\"hash\":\"medium_mission_72cae2660b\",\"ext\":\".png\",\"mime\":\"image/png\",\"path\":null,\"width\":750,\"height\":215,\"size\":382.5,\"url\":\"/uploads/medium_mission_72cae2660b.png\"},\"large\":{\"name\":\"large_mission.png\",\"hash\":\"large_mission_72cae2660b\",\"ext\":\".png\",\"mime\":\"image/png\",\"path\":null,\"width\":1000,\"height\":287,\"size\":673.38,\"url\":\"/uploads/large_mission_72cae2660b.png\"}}','mission_72cae2660b','.png','image/png',633.07,'/uploads/mission_72cae2660b.png',NULL,'local',NULL,'/','2023-05-25 04:48:33.563000','2023-05-25 04:48:33.563000',1,1),(55,'security-time.svg',NULL,NULL,64,64,NULL,'security_time_b7c0377911','.svg','image/svg+xml',1.10,'/uploads/security_time_b7c0377911.svg',NULL,'local',NULL,'/','2023-05-25 04:49:42.621000','2023-05-25 04:49:42.621000',1,1),(56,'group.svg',NULL,NULL,64,64,NULL,'group_7743328ad9','.svg','image/svg+xml',2.08,'/uploads/group_7743328ad9.svg',NULL,'local',NULL,'/','2023-05-25 04:50:10.221000','2023-05-25 04:50:10.221000',1,1),(57,'people.svg',NULL,NULL,64,64,NULL,'people_9047b3cc09','.svg','image/svg+xml',1.98,'/uploads/people_9047b3cc09.svg',NULL,'local',NULL,'/','2023-05-25 04:50:37.792000','2023-05-25 04:50:37.792000',1,1),(58,'routing.svg',NULL,NULL,64,64,NULL,'routing_d0f6845a0c','.svg','image/svg+xml',1.09,'/uploads/routing_d0f6845a0c.svg',NULL,'local',NULL,'/','2023-05-25 04:51:00.588000','2023-05-25 04:51:00.588000',1,1),(59,'core_values.png',NULL,NULL,1450,864,'{\"thumbnail\":{\"name\":\"thumbnail_core_values.png\",\"hash\":\"thumbnail_core_values_5dcca36f56\",\"ext\":\".png\",\"mime\":\"image/png\",\"path\":null,\"width\":245,\"height\":146,\"size\":99.52,\"url\":\"/uploads/thumbnail_core_values_5dcca36f56.png\"},\"small\":{\"name\":\"small_core_values.png\",\"hash\":\"small_core_values_5dcca36f56\",\"ext\":\".png\",\"mime\":\"image/png\",\"path\":null,\"width\":500,\"height\":298,\"size\":404.37,\"url\":\"/uploads/small_core_values_5dcca36f56.png\"},\"medium\":{\"name\":\"medium_core_values.png\",\"hash\":\"medium_core_values_5dcca36f56\",\"ext\":\".png\",\"mime\":\"image/png\",\"path\":null,\"width\":750,\"height\":447,\"size\":899.05,\"url\":\"/uploads/medium_core_values_5dcca36f56.png\"},\"large\":{\"name\":\"large_core_values.png\",\"hash\":\"large_core_values_5dcca36f56\",\"ext\":\".png\",\"mime\":\"image/png\",\"path\":null,\"width\":1000,\"height\":596,\"size\":1584.66,\"url\":\"/uploads/large_core_values_5dcca36f56.png\"}}','core_values_5dcca36f56','.png','image/png',835.02,'/uploads/core_values_5dcca36f56.png',NULL,'local',NULL,'/','2023-05-25 04:51:37.207000','2023-05-27 11:10:00.537000',1,1),(60,'map.svg',NULL,NULL,1155,633,NULL,'map_1e37614078','.svg','image/svg+xml',123.13,'/uploads/map_1e37614078.svg',NULL,'local',NULL,'/','2023-05-25 04:53:38.268000','2023-05-25 04:53:38.268000',1,1),(61,'box.svg',NULL,NULL,50,56,NULL,'box_b874081204','.svg','image/svg+xml',1.85,'/uploads/box_b874081204.svg',NULL,'local',NULL,'/','2023-05-25 04:54:03.875000','2023-05-25 04:54:03.875000',1,1),(62,'array.svg',NULL,NULL,56,39,NULL,'array_80709ea6a5','.svg','image/svg+xml',1.68,'/uploads/array_80709ea6a5.svg',NULL,'local',NULL,'/','2023-05-25 04:55:17.323000','2023-05-25 04:55:17.323000',1,1),(63,'array.svg',NULL,NULL,56,39,NULL,'array_7c1172d30f','.svg','image/svg+xml',1.68,'/uploads/array_7c1172d30f.svg',NULL,'local',NULL,'/','2023-05-25 06:33:10.938000','2023-05-25 06:33:10.938000',1,1),(64,'money.svg',NULL,NULL,53,50,NULL,'money_4e02d55113','.svg','image/svg+xml',1.38,'/uploads/money_4e02d55113.svg',NULL,'local',NULL,'/','2023-05-25 06:33:47.685000','2023-05-25 06:33:47.685000',1,1),(65,'contact.png',NULL,NULL,1480,960,'{\"thumbnail\":{\"name\":\"thumbnail_contact.png\",\"hash\":\"thumbnail_contact_e67ebfbcc0\",\"ext\":\".png\",\"mime\":\"image/png\",\"path\":null,\"width\":240,\"height\":156,\"size\":91.39,\"url\":\"/uploads/thumbnail_contact_e67ebfbcc0.png\"},\"small\":{\"name\":\"small_contact.png\",\"hash\":\"small_contact_e67ebfbcc0\",\"ext\":\".png\",\"mime\":\"image/png\",\"path\":null,\"width\":500,\"height\":324,\"size\":351.6,\"url\":\"/uploads/small_contact_e67ebfbcc0.png\"},\"medium\":{\"name\":\"medium_contact.png\",\"hash\":\"medium_contact_e67ebfbcc0\",\"ext\":\".png\",\"mime\":\"image/png\",\"path\":null,\"width\":750,\"height\":486,\"size\":746.7,\"url\":\"/uploads/medium_contact_e67ebfbcc0.png\"},\"large\":{\"name\":\"large_contact.png\",\"hash\":\"large_contact_e67ebfbcc0\",\"ext\":\".png\",\"mime\":\"image/png\",\"path\":null,\"width\":1000,\"height\":649,\"size\":1283.76,\"url\":\"/uploads/large_contact_e67ebfbcc0.png\"}}','contact_e67ebfbcc0','.png','image/png',528.71,'/uploads/contact_e67ebfbcc0.png',NULL,'local',NULL,'/','2023-05-25 06:34:33.442000','2023-05-25 06:34:33.442000',1,1),(66,'milestones.png',NULL,NULL,725,470,'{\"thumbnail\":{\"name\":\"thumbnail_milestones.png\",\"hash\":\"thumbnail_milestones_fab340ce9f\",\"ext\":\".png\",\"mime\":\"image/png\",\"path\":null,\"width\":241,\"height\":156,\"size\":104.28,\"url\":\"/uploads/thumbnail_milestones_fab340ce9f.png\"},\"small\":{\"name\":\"small_milestones.png\",\"hash\":\"small_milestones_fab340ce9f\",\"ext\":\".png\",\"mime\":\"image/png\",\"path\":null,\"width\":500,\"height\":324,\"size\":438.09,\"url\":\"/uploads/small_milestones_fab340ce9f.png\"}}','milestones_fab340ce9f','.png','image/png',252.85,'/uploads/milestones_fab340ce9f.png',NULL,'local',NULL,'/','2023-05-25 06:35:08.419000','2023-05-25 06:35:08.419000',1,1),(67,'milestones_bg.png',NULL,NULL,1920,320,'{\"thumbnail\":{\"name\":\"thumbnail_milestones_bg.png\",\"hash\":\"thumbnail_milestones_bg_60765bf1d9\",\"ext\":\".png\",\"mime\":\"image/png\",\"path\":null,\"width\":245,\"height\":41,\"size\":28.56,\"url\":\"/uploads/thumbnail_milestones_bg_60765bf1d9.png\"},\"small\":{\"name\":\"small_milestones_bg.png\",\"hash\":\"small_milestones_bg_60765bf1d9\",\"ext\":\".png\",\"mime\":\"image/png\",\"path\":null,\"width\":500,\"height\":83,\"size\":111.8,\"url\":\"/uploads/small_milestones_bg_60765bf1d9.png\"},\"medium\":{\"name\":\"medium_milestones_bg.png\",\"hash\":\"medium_milestones_bg_60765bf1d9\",\"ext\":\".png\",\"mime\":\"image/png\",\"path\":null,\"width\":750,\"height\":125,\"size\":246.16,\"url\":\"/uploads/medium_milestones_bg_60765bf1d9.png\"},\"large\":{\"name\":\"large_milestones_bg.png\",\"hash\":\"large_milestones_bg_60765bf1d9\",\"ext\":\".png\",\"mime\":\"image/png\",\"path\":null,\"width\":1000,\"height\":167,\"size\":430.98,\"url\":\"/uploads/large_milestones_bg_60765bf1d9.png\"}}','milestones_bg_60765bf1d9','.png','image/png',316.05,'/uploads/milestones_bg_60765bf1d9.png',NULL,'local',NULL,'/','2023-05-25 07:30:34.626000','2023-07-03 03:48:20.286000',1,1),(68,'world_map.png',NULL,NULL,3140,2070,'{\"thumbnail\":{\"name\":\"thumbnail_world_map.png\",\"hash\":\"thumbnail_world_map_460c61ee60\",\"ext\":\".png\",\"mime\":\"image/png\",\"path\":null,\"width\":237,\"height\":156,\"size\":23.49,\"url\":\"/uploads/thumbnail_world_map_460c61ee60.png\"},\"medium\":{\"name\":\"medium_world_map.png\",\"hash\":\"medium_world_map_460c61ee60\",\"ext\":\".png\",\"mime\":\"image/png\",\"path\":null,\"width\":750,\"height\":494,\"size\":122.99,\"url\":\"/uploads/medium_world_map_460c61ee60.png\"},\"large\":{\"name\":\"large_world_map.png\",\"hash\":\"large_world_map_460c61ee60\",\"ext\":\".png\",\"mime\":\"image/png\",\"path\":null,\"width\":1000,\"height\":659,\"size\":184.15,\"url\":\"/uploads/large_world_map_460c61ee60.png\"},\"small\":{\"name\":\"small_world_map.png\",\"hash\":\"small_world_map_460c61ee60\",\"ext\":\".png\",\"mime\":\"image/png\",\"path\":null,\"width\":500,\"height\":330,\"size\":69.34,\"url\":\"/uploads/small_world_map_460c61ee60.png\"}}','world_map_460c61ee60','.png','image/png',223.85,'/uploads/world_map_460c61ee60.png',NULL,'local',NULL,'/','2023-05-25 07:30:55.004000','2023-05-25 07:30:55.004000',1,1),(69,'image.png',NULL,NULL,533,320,'{\"thumbnail\":{\"name\":\"thumbnail_image.png\",\"hash\":\"thumbnail_image_5715b99450\",\"ext\":\".png\",\"mime\":\"image/png\",\"path\":null,\"width\":245,\"height\":147,\"size\":88.42,\"url\":\"/uploads/thumbnail_image_5715b99450.png\"},\"small\":{\"name\":\"small_image.png\",\"hash\":\"small_image_5715b99450\",\"ext\":\".png\",\"mime\":\"image/png\",\"path\":null,\"width\":500,\"height\":300,\"size\":329.97,\"url\":\"/uploads/small_image_5715b99450.png\"}}','image_5715b99450','.png','image/png',100.52,'/uploads/image_5715b99450.png',NULL,'local',NULL,'/','2023-05-25 07:31:09.793000','2023-05-25 07:31:09.793000',1,1),(70,'banner.png',NULL,NULL,1920,320,'{\"thumbnail\":{\"name\":\"thumbnail_banner.png\",\"hash\":\"thumbnail_banner_fa95cd3700\",\"ext\":\".png\",\"mime\":\"image/png\",\"path\":null,\"width\":245,\"height\":41,\"size\":23.19,\"url\":\"/uploads/thumbnail_banner_fa95cd3700.png\"},\"small\":{\"name\":\"small_banner.png\",\"hash\":\"small_banner_fa95cd3700\",\"ext\":\".png\",\"mime\":\"image/png\",\"path\":null,\"width\":500,\"height\":83,\"size\":84.86,\"url\":\"/uploads/small_banner_fa95cd3700.png\"},\"medium\":{\"name\":\"medium_banner.png\",\"hash\":\"medium_banner_fa95cd3700\",\"ext\":\".png\",\"mime\":\"image/png\",\"path\":null,\"width\":750,\"height\":125,\"size\":184.2,\"url\":\"/uploads/medium_banner_fa95cd3700.png\"},\"large\":{\"name\":\"large_banner.png\",\"hash\":\"large_banner_fa95cd3700\",\"ext\":\".png\",\"mime\":\"image/png\",\"path\":null,\"width\":1000,\"height\":167,\"size\":318.61,\"url\":\"/uploads/large_banner_fa95cd3700.png\"}}','banner_fa95cd3700','.png','image/png',309.32,'/uploads/banner_fa95cd3700.png',NULL,'local',NULL,'/','2023-05-25 08:38:40.720000','2023-05-25 08:38:40.720000',1,1),(71,'chart-2.svg',NULL,NULL,64,64,NULL,'chart_2_0ed4599801','.svg','image/svg+xml',1.04,'/uploads/chart_2_0ed4599801.svg',NULL,'local',NULL,'/','2023-05-25 08:39:04.705000','2023-05-25 08:39:04.705000',1,1),(72,'tag-user.svg',NULL,NULL,65,64,NULL,'tag_user_26fa40848c','.svg','image/svg+xml',1.57,'/uploads/tag_user_26fa40848c.svg',NULL,'local',NULL,'/','2023-05-25 08:39:04.706000','2023-05-25 08:39:04.706000',1,1),(73,'hiring.svg',NULL,NULL,65,64,NULL,'hiring_239a96321d','.svg','image/svg+xml',4.12,'/uploads/hiring_239a96321d.svg',NULL,'local',NULL,'/','2023-05-25 08:39:04.707000','2023-05-25 08:39:04.707000',1,1),(74,'banner.png',NULL,NULL,1920,320,'{\"thumbnail\":{\"name\":\"thumbnail_banner.png\",\"hash\":\"thumbnail_banner_b3d701859a\",\"ext\":\".png\",\"mime\":\"image/png\",\"path\":null,\"width\":245,\"height\":41,\"size\":24.9,\"url\":\"/uploads/thumbnail_banner_b3d701859a.png\"},\"small\":{\"name\":\"small_banner.png\",\"hash\":\"small_banner_b3d701859a\",\"ext\":\".png\",\"mime\":\"image/png\",\"path\":null,\"width\":500,\"height\":83,\"size\":96.14,\"url\":\"/uploads/small_banner_b3d701859a.png\"},\"medium\":{\"name\":\"medium_banner.png\",\"hash\":\"medium_banner_b3d701859a\",\"ext\":\".png\",\"mime\":\"image/png\",\"path\":null,\"width\":750,\"height\":125,\"size\":216.22,\"url\":\"/uploads/medium_banner_b3d701859a.png\"},\"large\":{\"name\":\"large_banner.png\",\"hash\":\"large_banner_b3d701859a\",\"ext\":\".png\",\"mime\":\"image/png\",\"path\":null,\"width\":1000,\"height\":167,\"size\":386.26,\"url\":\"/uploads/large_banner_b3d701859a.png\"}}','banner_b3d701859a','.png','image/png',375.01,'/uploads/banner_b3d701859a.png',NULL,'local',NULL,'/','2023-05-26 02:44:48.414000','2023-05-26 02:44:48.414000',1,1),(75,'image.png',NULL,NULL,940,360,'{\"thumbnail\":{\"name\":\"thumbnail_image.png\",\"hash\":\"thumbnail_image_709dbf3d26\",\"ext\":\".png\",\"mime\":\"image/png\",\"path\":null,\"width\":245,\"height\":94,\"size\":66.72,\"url\":\"/uploads/thumbnail_image_709dbf3d26.png\"},\"small\":{\"name\":\"small_image.png\",\"hash\":\"small_image_709dbf3d26\",\"ext\":\".png\",\"mime\":\"image/png\",\"path\":null,\"width\":500,\"height\":191,\"size\":272.26,\"url\":\"/uploads/small_image_709dbf3d26.png\"},\"medium\":{\"name\":\"medium_image.png\",\"hash\":\"medium_image_709dbf3d26\",\"ext\":\".png\",\"mime\":\"image/png\",\"path\":null,\"width\":750,\"height\":287,\"size\":602.89,\"url\":\"/uploads/medium_image_709dbf3d26.png\"}}','image_709dbf3d26','.png','image/png',236.73,'/uploads/image_709dbf3d26.png',NULL,'local',NULL,'/','2023-05-26 03:29:16.310000','2023-05-26 03:29:16.310000',1,1),(76,'banner.png',NULL,NULL,1920,320,'{\"thumbnail\":{\"name\":\"thumbnail_banner.png\",\"hash\":\"thumbnail_banner_d331d7fe60\",\"ext\":\".png\",\"mime\":\"image/png\",\"path\":null,\"width\":245,\"height\":41,\"size\":24.9,\"url\":\"/uploads/thumbnail_banner_d331d7fe60.png\"},\"small\":{\"name\":\"small_banner.png\",\"hash\":\"small_banner_d331d7fe60\",\"ext\":\".png\",\"mime\":\"image/png\",\"path\":null,\"width\":500,\"height\":83,\"size\":96.14,\"url\":\"/uploads/small_banner_d331d7fe60.png\"},\"medium\":{\"name\":\"medium_banner.png\",\"hash\":\"medium_banner_d331d7fe60\",\"ext\":\".png\",\"mime\":\"image/png\",\"path\":null,\"width\":750,\"height\":125,\"size\":216.22,\"url\":\"/uploads/medium_banner_d331d7fe60.png\"},\"large\":{\"name\":\"large_banner.png\",\"hash\":\"large_banner_d331d7fe60\",\"ext\":\".png\",\"mime\":\"image/png\",\"path\":null,\"width\":1000,\"height\":167,\"size\":386.26,\"url\":\"/uploads/large_banner_d331d7fe60.png\"}}','banner_d331d7fe60','.png','image/png',375.01,'/uploads/banner_d331d7fe60.png',NULL,'local',NULL,'/','2023-05-26 10:53:08.433000','2023-05-26 10:53:08.433000',1,1),(77,'warehouse-size.jpg',NULL,NULL,1920,1080,'{\"thumbnail\":{\"name\":\"thumbnail_warehouse-size.jpg\",\"hash\":\"thumbnail_warehouse_size_8031978486\",\"ext\":\".jpg\",\"mime\":\"image/jpeg\",\"path\":null,\"width\":245,\"height\":138,\"size\":13.25,\"url\":\"/uploads/thumbnail_warehouse_size_8031978486.jpg\"},\"small\":{\"name\":\"small_warehouse-size.jpg\",\"hash\":\"small_warehouse_size_8031978486\",\"ext\":\".jpg\",\"mime\":\"image/jpeg\",\"path\":null,\"width\":500,\"height\":281,\"size\":45.88,\"url\":\"/uploads/small_warehouse_size_8031978486.jpg\"},\"medium\":{\"name\":\"medium_warehouse-size.jpg\",\"hash\":\"medium_warehouse_size_8031978486\",\"ext\":\".jpg\",\"mime\":\"image/jpeg\",\"path\":null,\"width\":750,\"height\":422,\"size\":94.57,\"url\":\"/uploads/medium_warehouse_size_8031978486.jpg\"},\"large\":{\"name\":\"large_warehouse-size.jpg\",\"hash\":\"large_warehouse_size_8031978486\",\"ext\":\".jpg\",\"mime\":\"image/jpeg\",\"path\":null,\"width\":1000,\"height\":563,\"size\":154.91,\"url\":\"/uploads/large_warehouse_size_8031978486.jpg\"}}','warehouse_size_8031978486','.jpg','image/jpeg',211.82,'/uploads/warehouse_size_8031978486.jpg',NULL,'local',NULL,'/','2023-05-30 15:30:36.695000','2023-05-30 15:30:36.695000',1,1),(78,'iStock_696989178.webp',NULL,NULL,4800,3200,'{\"thumbnail\":{\"name\":\"thumbnail_iStock_696989178.webp\",\"hash\":\"thumbnail_i_Stock_696989178_240adc0fee\",\"ext\":\".webp\",\"mime\":\"image/webp\",\"path\":null,\"width\":234,\"height\":156,\"size\":8.91,\"url\":\"/uploads/thumbnail_i_Stock_696989178_240adc0fee.webp\"},\"large\":{\"name\":\"large_iStock_696989178.webp\",\"hash\":\"large_i_Stock_696989178_240adc0fee\",\"ext\":\".webp\",\"mime\":\"image/webp\",\"path\":null,\"width\":1000,\"height\":667,\"size\":52.32,\"url\":\"/uploads/large_i_Stock_696989178_240adc0fee.webp\"},\"medium\":{\"name\":\"medium_iStock_696989178.webp\",\"hash\":\"medium_i_Stock_696989178_240adc0fee\",\"ext\":\".webp\",\"mime\":\"image/webp\",\"path\":null,\"width\":750,\"height\":500,\"size\":37.68,\"url\":\"/uploads/medium_i_Stock_696989178_240adc0fee.webp\"},\"small\":{\"name\":\"small_iStock_696989178.webp\",\"hash\":\"small_i_Stock_696989178_240adc0fee\",\"ext\":\".webp\",\"mime\":\"image/webp\",\"path\":null,\"width\":500,\"height\":333,\"size\":23.48,\"url\":\"/uploads/small_i_Stock_696989178_240adc0fee.webp\"}}','i_Stock_696989178_240adc0fee','.webp','image/webp',508.01,'/uploads/i_Stock_696989178_240adc0fee.webp',NULL,'local',NULL,'/','2023-05-30 15:32:54.140000','2023-05-30 15:32:54.140000',1,1),(79,'gm-898dd6dd-1ffd-4bf9-9fed-2a3b5bfc0bd4-deliveryservices3-456444.jpg',NULL,NULL,1500,750,'{\"thumbnail\":{\"name\":\"thumbnail_gm-898dd6dd-1ffd-4bf9-9fed-2a3b5bfc0bd4-deliveryservices3-456444.jpg\",\"hash\":\"thumbnail_gm_898dd6dd_1ffd_4bf9_9fed_2a3b5bfc0bd4_deliveryservices3_456444_25ade20d07\",\"ext\":\".jpg\",\"mime\":\"image/jpeg\",\"path\":null,\"width\":245,\"height\":122,\"size\":7.34,\"url\":\"/uploads/thumbnail_gm_898dd6dd_1ffd_4bf9_9fed_2a3b5bfc0bd4_deliveryservices3_456444_25ade20d07.jpg\"},\"large\":{\"name\":\"large_gm-898dd6dd-1ffd-4bf9-9fed-2a3b5bfc0bd4-deliveryservices3-456444.jpg\",\"hash\":\"large_gm_898dd6dd_1ffd_4bf9_9fed_2a3b5bfc0bd4_deliveryservices3_456444_25ade20d07\",\"ext\":\".jpg\",\"mime\":\"image/jpeg\",\"path\":null,\"width\":1000,\"height\":500,\"size\":54.56,\"url\":\"/uploads/large_gm_898dd6dd_1ffd_4bf9_9fed_2a3b5bfc0bd4_deliveryservices3_456444_25ade20d07.jpg\"},\"medium\":{\"name\":\"medium_gm-898dd6dd-1ffd-4bf9-9fed-2a3b5bfc0bd4-deliveryservices3-456444.jpg\",\"hash\":\"medium_gm_898dd6dd_1ffd_4bf9_9fed_2a3b5bfc0bd4_deliveryservices3_456444_25ade20d07\",\"ext\":\".jpg\",\"mime\":\"image/jpeg\",\"path\":null,\"width\":750,\"height\":375,\"size\":36.82,\"url\":\"/uploads/medium_gm_898dd6dd_1ffd_4bf9_9fed_2a3b5bfc0bd4_deliveryservices3_456444_25ade20d07.jpg\"},\"small\":{\"name\":\"small_gm-898dd6dd-1ffd-4bf9-9fed-2a3b5bfc0bd4-deliveryservices3-456444.jpg\",\"hash\":\"small_gm_898dd6dd_1ffd_4bf9_9fed_2a3b5bfc0bd4_deliveryservices3_456444_25ade20d07\",\"ext\":\".jpg\",\"mime\":\"image/jpeg\",\"path\":null,\"width\":500,\"height\":250,\"size\":20.87,\"url\":\"/uploads/small_gm_898dd6dd_1ffd_4bf9_9fed_2a3b5bfc0bd4_deliveryservices3_456444_25ade20d07.jpg\"}}','gm_898dd6dd_1ffd_4bf9_9fed_2a3b5bfc0bd4_deliveryservices3_456444_25ade20d07','.jpg','image/jpeg',93.82,'/uploads/gm_898dd6dd_1ffd_4bf9_9fed_2a3b5bfc0bd4_deliveryservices3_456444_25ade20d07.jpg',NULL,'local',NULL,'/','2023-05-30 15:34:54.327000','2023-05-30 15:34:54.327000',1,1),(80,'GettyImages-1131335393-e1650030686687.jpg',NULL,NULL,4952,3307,'{\"thumbnail\":{\"name\":\"thumbnail_GettyImages-1131335393-e1650030686687.jpg\",\"hash\":\"thumbnail_Getty_Images_1131335393_e1650030686687_5e85bfa788\",\"ext\":\".jpg\",\"mime\":\"image/jpeg\",\"path\":null,\"width\":234,\"height\":156,\"size\":4.74,\"url\":\"/uploads/thumbnail_Getty_Images_1131335393_e1650030686687_5e85bfa788.jpg\"},\"large\":{\"name\":\"large_GettyImages-1131335393-e1650030686687.jpg\",\"hash\":\"large_Getty_Images_1131335393_e1650030686687_5e85bfa788\",\"ext\":\".jpg\",\"mime\":\"image/jpeg\",\"path\":null,\"width\":1000,\"height\":668,\"size\":40.29,\"url\":\"/uploads/large_Getty_Images_1131335393_e1650030686687_5e85bfa788.jpg\"},\"medium\":{\"name\":\"medium_GettyImages-1131335393-e1650030686687.jpg\",\"hash\":\"medium_Getty_Images_1131335393_e1650030686687_5e85bfa788\",\"ext\":\".jpg\",\"mime\":\"image/jpeg\",\"path\":null,\"width\":750,\"height\":500,\"size\":26.03,\"url\":\"/uploads/medium_Getty_Images_1131335393_e1650030686687_5e85bfa788.jpg\"},\"small\":{\"name\":\"small_GettyImages-1131335393-e1650030686687.jpg\",\"hash\":\"small_Getty_Images_1131335393_e1650030686687_5e85bfa788\",\"ext\":\".jpg\",\"mime\":\"image/jpeg\",\"path\":null,\"width\":500,\"height\":334,\"size\":14.13,\"url\":\"/uploads/small_Getty_Images_1131335393_e1650030686687_5e85bfa788.jpg\"}}','Getty_Images_1131335393_e1650030686687_5e85bfa788','.jpg','image/jpeg',593.14,'/uploads/Getty_Images_1131335393_e1650030686687_5e85bfa788.jpg',NULL,'local',NULL,'/','2023-05-30 23:23:24.451000','2023-05-30 23:23:24.451000',1,1),(81,'Screenshot 2023-05-31 063013.png',NULL,NULL,568,487,'{\"thumbnail\":{\"name\":\"thumbnail_Screenshot 2023-05-31 063013.png\",\"hash\":\"thumbnail_Screenshot_2023_05_31_063013_b4b0d38c86\",\"ext\":\".png\",\"mime\":\"image/png\",\"path\":null,\"width\":182,\"height\":156,\"size\":80.83,\"url\":\"/uploads/thumbnail_Screenshot_2023_05_31_063013_b4b0d38c86.png\"},\"small\":{\"name\":\"small_Screenshot 2023-05-31 063013.png\",\"hash\":\"small_Screenshot_2023_05_31_063013_b4b0d38c86\",\"ext\":\".png\",\"mime\":\"image/png\",\"path\":null,\"width\":500,\"height\":429,\"size\":577.73,\"url\":\"/uploads/small_Screenshot_2023_05_31_063013_b4b0d38c86.png\"}}','Screenshot_2023_05_31_063013_b4b0d38c86','.png','image/png',173.46,'/uploads/Screenshot_2023_05_31_063013_b4b0d38c86.png',NULL,'local',NULL,'/','2023-05-30 23:30:24.254000','2023-05-30 23:30:24.254000',1,1),(82,'Search.svg',NULL,NULL,50,50,'{}','Search_065fb8a49b','.svg','image/svg+xml',2.60,'/uploads/Search_065fb8a49b.svg',NULL,'local',NULL,'/','2023-05-31 02:51:25.957000','2023-05-31 02:54:13.310000',1,1),(83,'box.svg',NULL,NULL,56,56,NULL,'box_d5baaf76cd','.svg','image/svg+xml',0.98,'/uploads/box_d5baaf76cd.svg',NULL,'local',NULL,'/','2023-05-31 02:51:25.958000','2023-05-31 02:51:25.958000',1,1),(84,'Search.svg',NULL,NULL,50,50,NULL,'Search_621ea9c3c0','.svg','image/svg+xml',2.60,'/uploads/Search_621ea9c3c0.svg',NULL,'local',NULL,'/','2023-05-31 02:54:19.326000','2023-05-31 02:54:19.326000',1,1),(85,'Screenshot 2023-05-31 103611.png',NULL,NULL,1349,620,'{\"thumbnail\":{\"name\":\"thumbnail_Screenshot 2023-05-31 103611.png\",\"hash\":\"thumbnail_Screenshot_2023_05_31_103611_499dd96569\",\"ext\":\".png\",\"mime\":\"image/png\",\"path\":null,\"width\":245,\"height\":113,\"size\":22.99,\"url\":\"/uploads/thumbnail_Screenshot_2023_05_31_103611_499dd96569.png\"},\"small\":{\"name\":\"small_Screenshot 2023-05-31 103611.png\",\"hash\":\"small_Screenshot_2023_05_31_103611_499dd96569\",\"ext\":\".png\",\"mime\":\"image/png\",\"path\":null,\"width\":500,\"height\":230,\"size\":63.5,\"url\":\"/uploads/small_Screenshot_2023_05_31_103611_499dd96569.png\"},\"medium\":{\"name\":\"medium_Screenshot 2023-05-31 103611.png\",\"hash\":\"medium_Screenshot_2023_05_31_103611_499dd96569\",\"ext\":\".png\",\"mime\":\"image/png\",\"path\":null,\"width\":750,\"height\":345,\"size\":113.37,\"url\":\"/uploads/medium_Screenshot_2023_05_31_103611_499dd96569.png\"},\"large\":{\"name\":\"large_Screenshot 2023-05-31 103611.png\",\"hash\":\"large_Screenshot_2023_05_31_103611_499dd96569\",\"ext\":\".png\",\"mime\":\"image/png\",\"path\":null,\"width\":1000,\"height\":460,\"size\":174.59,\"url\":\"/uploads/large_Screenshot_2023_05_31_103611_499dd96569.png\"}}','Screenshot_2023_05_31_103611_499dd96569','.png','image/png',71.96,'/uploads/Screenshot_2023_05_31_103611_499dd96569.png',NULL,'local',NULL,'/','2023-05-31 03:37:02.812000','2023-05-31 03:37:02.812000',1,1),(86,'Screenshot 2023-05-31 103633.png',NULL,NULL,1291,362,'{\"thumbnail\":{\"name\":\"thumbnail_Screenshot 2023-05-31 103633.png\",\"hash\":\"thumbnail_Screenshot_2023_05_31_103633_68ef4b1c9d\",\"ext\":\".png\",\"mime\":\"image/png\",\"path\":null,\"width\":245,\"height\":69,\"size\":12.06,\"url\":\"/uploads/thumbnail_Screenshot_2023_05_31_103633_68ef4b1c9d.png\"},\"medium\":{\"name\":\"medium_Screenshot 2023-05-31 103633.png\",\"hash\":\"medium_Screenshot_2023_05_31_103633_68ef4b1c9d\",\"ext\":\".png\",\"mime\":\"image/png\",\"path\":null,\"width\":750,\"height\":210,\"size\":58.52,\"url\":\"/uploads/medium_Screenshot_2023_05_31_103633_68ef4b1c9d.png\"},\"small\":{\"name\":\"small_Screenshot 2023-05-31 103633.png\",\"hash\":\"small_Screenshot_2023_05_31_103633_68ef4b1c9d\",\"ext\":\".png\",\"mime\":\"image/png\",\"path\":null,\"width\":500,\"height\":140,\"size\":33.24,\"url\":\"/uploads/small_Screenshot_2023_05_31_103633_68ef4b1c9d.png\"},\"large\":{\"name\":\"large_Screenshot 2023-05-31 103633.png\",\"hash\":\"large_Screenshot_2023_05_31_103633_68ef4b1c9d\",\"ext\":\".png\",\"mime\":\"image/png\",\"path\":null,\"width\":1000,\"height\":280,\"size\":91.3,\"url\":\"/uploads/large_Screenshot_2023_05_31_103633_68ef4b1c9d.png\"}}','Screenshot_2023_05_31_103633_68ef4b1c9d','.png','image/png',36.87,'/uploads/Screenshot_2023_05_31_103633_68ef4b1c9d.png',NULL,'local',NULL,'/','2023-05-31 03:37:15.087000','2023-05-31 03:37:15.087000',1,1),(87,'Group 1000000861.png',NULL,NULL,1920,320,'{\"thumbnail\":{\"name\":\"thumbnail_Group 1000000861.png\",\"hash\":\"thumbnail_Group_1000000861_33f338c4f4\",\"ext\":\".png\",\"mime\":\"image/png\",\"path\":null,\"width\":245,\"height\":41,\"size\":11.79,\"url\":\"/uploads/thumbnail_Group_1000000861_33f338c4f4.png\"},\"small\":{\"name\":\"small_Group 1000000861.png\",\"hash\":\"small_Group_1000000861_33f338c4f4\",\"ext\":\".png\",\"mime\":\"image/png\",\"path\":null,\"width\":500,\"height\":83,\"size\":36.38,\"url\":\"/uploads/small_Group_1000000861_33f338c4f4.png\"},\"large\":{\"name\":\"large_Group 1000000861.png\",\"hash\":\"large_Group_1000000861_33f338c4f4\",\"ext\":\".png\",\"mime\":\"image/png\",\"path\":null,\"width\":1000,\"height\":167,\"size\":122.62,\"url\":\"/uploads/large_Group_1000000861_33f338c4f4.png\"},\"medium\":{\"name\":\"medium_Group 1000000861.png\",\"hash\":\"medium_Group_1000000861_33f338c4f4\",\"ext\":\".png\",\"mime\":\"image/png\",\"path\":null,\"width\":750,\"height\":125,\"size\":73.55,\"url\":\"/uploads/medium_Group_1000000861_33f338c4f4.png\"}}','Group_1000000861_33f338c4f4','.png','image/png',75.79,'/uploads/Group_1000000861_33f338c4f4.png',NULL,'local',NULL,'/','2023-05-31 08:16:17.247000','2023-05-31 08:16:17.247000',1,1),(88,'Screenshot 2023-06-02 104117.png',NULL,'hello',754,509,'{\"thumbnail\":{\"name\":\"thumbnail_Screenshot 2023-06-02 104117.png\",\"hash\":\"thumbnail_Screenshot_2023_06_02_104117_69acb86f0b\",\"ext\":\".png\",\"mime\":\"image/png\",\"path\":null,\"width\":231,\"height\":156,\"size\":87.08,\"url\":\"/uploads/thumbnail_Screenshot_2023_06_02_104117_69acb86f0b.png\"},\"small\":{\"name\":\"small_Screenshot 2023-06-02 104117.png\",\"hash\":\"small_Screenshot_2023_06_02_104117_69acb86f0b\",\"ext\":\".png\",\"mime\":\"image/png\",\"path\":null,\"width\":500,\"height\":338,\"size\":350.8,\"url\":\"/uploads/small_Screenshot_2023_06_02_104117_69acb86f0b.png\"},\"medium\":{\"name\":\"medium_Screenshot 2023-06-02 104117.png\",\"hash\":\"medium_Screenshot_2023_06_02_104117_69acb86f0b\",\"ext\":\".png\",\"mime\":\"image/png\",\"path\":null,\"width\":750,\"height\":506,\"size\":697.14,\"url\":\"/uploads/medium_Screenshot_2023_06_02_104117_69acb86f0b.png\"}}','Screenshot_2023_06_02_104117_69acb86f0b','.png','image/png',159.29,'/uploads/Screenshot_2023_06_02_104117_69acb86f0b.png',NULL,'local',NULL,'/','2023-06-02 03:41:30.195000','2023-06-02 03:55:34.426000',1,1),(89,'List Home 2.png',NULL,NULL,685,471,'{\"thumbnail\":{\"name\":\"thumbnail_List Home 2.png\",\"hash\":\"thumbnail_List_Home_2_a113511c64\",\"ext\":\".png\",\"mime\":\"image/png\",\"path\":null,\"width\":227,\"height\":156,\"size\":77.27,\"url\":\"/uploads/thumbnail_List_Home_2_a113511c64.png\"},\"small\":{\"name\":\"small_List Home 2.png\",\"hash\":\"small_List_Home_2_a113511c64\",\"ext\":\".png\",\"mime\":\"image/png\",\"path\":null,\"width\":500,\"height\":344,\"size\":331.72,\"url\":\"/uploads/small_List_Home_2_a113511c64.png\"}}','List_Home_2_a113511c64','.png','image/png',155.63,'/uploads/List_Home_2_a113511c64.png',NULL,'local',NULL,'/','2023-06-02 03:49:18.184000','2023-06-02 03:49:18.184000',1,1),(90,'List Home 2.png',NULL,'hello',685,471,'{\"thumbnail\":{\"name\":\"thumbnail_List Home 2.png\",\"hash\":\"thumbnail_List_Home_2_4ed55c1f86\",\"ext\":\".png\",\"mime\":\"image/png\",\"path\":null,\"width\":227,\"height\":156,\"size\":77.27,\"url\":\"/uploads/thumbnail_List_Home_2_4ed55c1f86.png\"},\"small\":{\"name\":\"small_List Home 2.png\",\"hash\":\"small_List_Home_2_4ed55c1f86\",\"ext\":\".png\",\"mime\":\"image/png\",\"path\":null,\"width\":500,\"height\":344,\"size\":331.72,\"url\":\"/uploads/small_List_Home_2_4ed55c1f86.png\"}}','List_Home_2_4ed55c1f86','.png','image/png',155.63,'/uploads/List_Home_2_4ed55c1f86.png',NULL,'local',NULL,'/','2023-06-02 03:56:05.880000','2023-06-02 03:56:05.880000',1,1),(91,'image.png',NULL,NULL,870,586,'{\"thumbnail\":{\"name\":\"thumbnail_image.png\",\"hash\":\"thumbnail_image_0ea6e7fa20\",\"ext\":\".png\",\"mime\":\"image/png\",\"path\":null,\"width\":232,\"height\":156,\"size\":87.33,\"url\":\"/uploads/thumbnail_image_0ea6e7fa20.png\"},\"small\":{\"name\":\"small_image.png\",\"hash\":\"small_image_0ea6e7fa20\",\"ext\":\".png\",\"mime\":\"image/png\",\"path\":null,\"width\":500,\"height\":337,\"size\":355.92,\"url\":\"/uploads/small_image_0ea6e7fa20.png\"},\"medium\":{\"name\":\"medium_image.png\",\"hash\":\"medium_image_0ea6e7fa20\",\"ext\":\".png\",\"mime\":\"image/png\",\"path\":null,\"width\":750,\"height\":505,\"size\":755.95,\"url\":\"/uploads/medium_image_0ea6e7fa20.png\"}}','image_0ea6e7fa20','.png','image/png',211.40,'/uploads/image_0ea6e7fa20.png',NULL,'local',NULL,'/','2023-06-02 08:04:07.203000','2023-06-02 08:04:07.203000',1,1),(92,'Screenshot 2023-06-02 151802.png',NULL,NULL,486,243,'{\"thumbnail\":{\"name\":\"thumbnail_Screenshot 2023-06-02 151802.png\",\"hash\":\"thumbnail_Screenshot_2023_06_02_151802_91db837093\",\"ext\":\".png\",\"mime\":\"image/png\",\"path\":null,\"width\":245,\"height\":123,\"size\":81.79,\"url\":\"/uploads/thumbnail_Screenshot_2023_06_02_151802_91db837093.png\"}}','Screenshot_2023_06_02_151802_91db837093','.png','image/png',64.43,'/uploads/Screenshot_2023_06_02_151802_91db837093.png',NULL,'local',NULL,'/','2023-06-02 08:18:38.905000','2023-06-02 08:18:38.905000',1,1),(93,'image.png',NULL,NULL,1600,1067,'{\"thumbnail\":{\"name\":\"thumbnail_image.png\",\"hash\":\"thumbnail_image_28702898fa\",\"ext\":\".png\",\"mime\":\"image/png\",\"path\":null,\"width\":234,\"height\":156,\"size\":98.55,\"url\":\"/uploads/thumbnail_image_28702898fa.png\"},\"small\":{\"name\":\"small_image.png\",\"hash\":\"small_image_28702898fa\",\"ext\":\".png\",\"mime\":\"image/png\",\"path\":null,\"width\":500,\"height\":333,\"size\":408.86,\"url\":\"/uploads/small_image_28702898fa.png\"},\"medium\":{\"name\":\"medium_image.png\",\"hash\":\"medium_image_28702898fa\",\"ext\":\".png\",\"mime\":\"image/png\",\"path\":null,\"width\":750,\"height\":500,\"size\":882.47,\"url\":\"/uploads/medium_image_28702898fa.png\"},\"large\":{\"name\":\"large_image.png\",\"hash\":\"large_image_28702898fa\",\"ext\":\".png\",\"mime\":\"image/png\",\"path\":null,\"width\":1000,\"height\":667,\"size\":1527.88,\"url\":\"/uploads/large_image_28702898fa.png\"}}','image_28702898fa','.png','image/png',717.92,'/uploads/image_28702898fa.png',NULL,'local',NULL,'/','2023-06-02 08:19:23.635000','2023-06-02 08:19:23.635000',1,1),(94,'image.png',NULL,NULL,1600,1067,'{\"thumbnail\":{\"name\":\"thumbnail_image.png\",\"hash\":\"thumbnail_image_58c50d767b\",\"ext\":\".png\",\"mime\":\"image/png\",\"path\":null,\"width\":234,\"height\":156,\"size\":106.57,\"url\":\"/uploads/thumbnail_image_58c50d767b.png\"},\"small\":{\"name\":\"small_image.png\",\"hash\":\"small_image_58c50d767b\",\"ext\":\".png\",\"mime\":\"image/png\",\"path\":null,\"width\":500,\"height\":333,\"size\":461.77,\"url\":\"/uploads/small_image_58c50d767b.png\"},\"medium\":{\"name\":\"medium_image.png\",\"hash\":\"medium_image_58c50d767b\",\"ext\":\".png\",\"mime\":\"image/png\",\"path\":null,\"width\":750,\"height\":500,\"size\":1011.61,\"url\":\"/uploads/medium_image_58c50d767b.png\"},\"large\":{\"name\":\"large_image.png\",\"hash\":\"large_image_58c50d767b\",\"ext\":\".png\",\"mime\":\"image/png\",\"path\":null,\"width\":1000,\"height\":667,\"size\":1765.4,\"url\":\"/uploads/large_image_58c50d767b.png\"}}','image_58c50d767b','.png','image/png',938.11,'/uploads/image_58c50d767b.png',NULL,'local',NULL,'/','2023-06-02 08:19:24.086000','2023-06-02 08:19:24.086000',1,1),(95,'Screenshot 2023-06-02 153006.png',NULL,NULL,487,243,'{\"thumbnail\":{\"name\":\"thumbnail_Screenshot 2023-06-02 153006.png\",\"hash\":\"thumbnail_Screenshot_2023_06_02_153006_2c63325618\",\"ext\":\".png\",\"mime\":\"image/png\",\"path\":null,\"width\":245,\"height\":122,\"size\":81.64,\"url\":\"/uploads/thumbnail_Screenshot_2023_06_02_153006_2c63325618.png\"}}','Screenshot_2023_06_02_153006_2c63325618','.png','image/png',68.92,'/uploads/Screenshot_2023_06_02_153006_2c63325618.png',NULL,'local',NULL,'/','2023-06-02 08:30:19.635000','2023-06-02 08:30:19.635000',1,1),(96,'image.png',NULL,NULL,883,692,'{\"thumbnail\":{\"name\":\"thumbnail_image.png\",\"hash\":\"thumbnail_image_0ea9e974d9\",\"ext\":\".png\",\"mime\":\"image/png\",\"path\":null,\"width\":199,\"height\":156,\"size\":74.19,\"url\":\"/uploads/thumbnail_image_0ea9e974d9.png\"},\"small\":{\"name\":\"small_image.png\",\"hash\":\"small_image_0ea9e974d9\",\"ext\":\".png\",\"mime\":\"image/png\",\"path\":null,\"width\":500,\"height\":392,\"size\":420.45,\"url\":\"/uploads/small_image_0ea9e974d9.png\"},\"medium\":{\"name\":\"medium_image.png\",\"hash\":\"medium_image_0ea9e974d9\",\"ext\":\".png\",\"mime\":\"image/png\",\"path\":null,\"width\":750,\"height\":588,\"size\":903.18,\"url\":\"/uploads/medium_image_0ea9e974d9.png\"}}','image_0ea9e974d9','.png','image/png',310.19,'/uploads/image_0ea9e974d9.png',NULL,'local',NULL,'/','2023-06-02 08:31:35.262000','2023-06-02 08:31:35.262000',1,1),(97,'image.png',NULL,NULL,883,595,'{\"thumbnail\":{\"name\":\"thumbnail_image.png\",\"hash\":\"thumbnail_image_a5818b314b\",\"ext\":\".png\",\"mime\":\"image/png\",\"path\":null,\"width\":232,\"height\":156,\"size\":93.62,\"url\":\"/uploads/thumbnail_image_a5818b314b.png\"},\"small\":{\"name\":\"small_image.png\",\"hash\":\"small_image_a5818b314b\",\"ext\":\".png\",\"mime\":\"image/png\",\"path\":null,\"width\":500,\"height\":337,\"size\":397.77,\"url\":\"/uploads/small_image_a5818b314b.png\"},\"medium\":{\"name\":\"medium_image.png\",\"hash\":\"medium_image_a5818b314b\",\"ext\":\".png\",\"mime\":\"image/png\",\"path\":null,\"width\":750,\"height\":505,\"size\":847.11,\"url\":\"/uploads/medium_image_a5818b314b.png\"}}','image_a5818b314b','.png','image/png',246.30,'/uploads/image_a5818b314b.png',NULL,'local',NULL,'/','2023-06-02 08:31:36.468000','2023-06-02 08:31:36.468000',1,1),(98,'Screenshot 2023-06-02 173701.png',NULL,NULL,760,380,'{\"thumbnail\":{\"name\":\"thumbnail_Screenshot 2023-06-02 173701.png\",\"hash\":\"thumbnail_Screenshot_2023_06_02_173701_e179637a57\",\"ext\":\".png\",\"mime\":\"image/png\",\"path\":null,\"width\":245,\"height\":123,\"size\":82.3,\"url\":\"/uploads/thumbnail_Screenshot_2023_06_02_173701_e179637a57.png\"},\"small\":{\"name\":\"small_Screenshot 2023-06-02 173701.png\",\"hash\":\"small_Screenshot_2023_06_02_173701_e179637a57\",\"ext\":\".png\",\"mime\":\"image/png\",\"path\":null,\"width\":500,\"height\":250,\"size\":312.38,\"url\":\"/uploads/small_Screenshot_2023_06_02_173701_e179637a57.png\"},\"medium\":{\"name\":\"medium_Screenshot 2023-06-02 173701.png\",\"hash\":\"medium_Screenshot_2023_06_02_173701_e179637a57\",\"ext\":\".png\",\"mime\":\"image/png\",\"path\":null,\"width\":750,\"height\":375,\"size\":630.64,\"url\":\"/uploads/medium_Screenshot_2023_06_02_173701_e179637a57.png\"}}','Screenshot_2023_06_02_173701_e179637a57','.png','image/png',137.88,'/uploads/Screenshot_2023_06_02_173701_e179637a57.png',NULL,'local',NULL,'/','2023-06-02 10:37:14.279000','2023-06-02 10:37:14.279000',1,1),(99,'image.png',NULL,NULL,800,400,'{\"thumbnail\":{\"name\":\"thumbnail_image.png\",\"hash\":\"thumbnail_image_ab87c0ad18\",\"ext\":\".png\",\"mime\":\"image/png\",\"path\":null,\"width\":245,\"height\":122,\"size\":82.49,\"url\":\"/uploads/thumbnail_image_ab87c0ad18.png\"},\"small\":{\"name\":\"small_image.png\",\"hash\":\"small_image_ab87c0ad18\",\"ext\":\".png\",\"mime\":\"image/png\",\"path\":null,\"width\":500,\"height\":250,\"size\":318.26,\"url\":\"/uploads/small_image_ab87c0ad18.png\"},\"medium\":{\"name\":\"medium_image.png\",\"hash\":\"medium_image_ab87c0ad18\",\"ext\":\".png\",\"mime\":\"image/png\",\"path\":null,\"width\":750,\"height\":375,\"size\":663.43,\"url\":\"/uploads/medium_image_ab87c0ad18.png\"}}','image_ab87c0ad18','.png','image/png',158.01,'/uploads/image_ab87c0ad18.png',NULL,'local',NULL,'/','2023-06-02 10:38:05.475000','2023-06-02 10:38:05.475000',1,1),(100,'Screenshot 2023-06-03 093007.png',NULL,NULL,753,505,'{\"thumbnail\":{\"name\":\"thumbnail_Screenshot 2023-06-03 093007.png\",\"hash\":\"thumbnail_Screenshot_2023_06_03_093007_64fc42e2e7\",\"ext\":\".png\",\"mime\":\"image/png\",\"path\":null,\"width\":233,\"height\":156,\"size\":98.37,\"url\":\"/uploads/thumbnail_Screenshot_2023_06_03_093007_64fc42e2e7.png\"},\"small\":{\"name\":\"small_Screenshot 2023-06-03 093007.png\",\"hash\":\"small_Screenshot_2023_06_03_093007_64fc42e2e7\",\"ext\":\".png\",\"mime\":\"image/png\",\"path\":null,\"width\":500,\"height\":335,\"size\":401.27,\"url\":\"/uploads/small_Screenshot_2023_06_03_093007_64fc42e2e7.png\"},\"medium\":{\"name\":\"medium_Screenshot 2023-06-03 093007.png\",\"hash\":\"medium_Screenshot_2023_06_03_093007_64fc42e2e7\",\"ext\":\".png\",\"mime\":\"image/png\",\"path\":null,\"width\":750,\"height\":503,\"size\":793.55,\"url\":\"/uploads/medium_Screenshot_2023_06_03_093007_64fc42e2e7.png\"}}','Screenshot_2023_06_03_093007_64fc42e2e7','.png','image/png',193.57,'/uploads/Screenshot_2023_06_03_093007_64fc42e2e7.png',NULL,'local',NULL,'/','2023-06-03 02:30:17.502000','2023-06-03 02:30:17.502000',1,1),(101,'image.png',NULL,NULL,1600,1066,'{\"thumbnail\":{\"name\":\"thumbnail_image.png\",\"hash\":\"thumbnail_image_70b83b9b3e\",\"ext\":\".png\",\"mime\":\"image/png\",\"path\":null,\"width\":234,\"height\":156,\"size\":78.87,\"url\":\"/uploads/thumbnail_image_70b83b9b3e.png\"},\"small\":{\"name\":\"small_image.png\",\"hash\":\"small_image_70b83b9b3e\",\"ext\":\".png\",\"mime\":\"image/png\",\"path\":null,\"width\":500,\"height\":333,\"size\":307.24,\"url\":\"/uploads/small_image_70b83b9b3e.png\"},\"medium\":{\"name\":\"medium_image.png\",\"hash\":\"medium_image_70b83b9b3e\",\"ext\":\".png\",\"mime\":\"image/png\",\"path\":null,\"width\":750,\"height\":500,\"size\":643.56,\"url\":\"/uploads/medium_image_70b83b9b3e.png\"},\"large\":{\"name\":\"large_image.png\",\"hash\":\"large_image_70b83b9b3e\",\"ext\":\".png\",\"mime\":\"image/png\",\"path\":null,\"width\":1000,\"height\":666,\"size\":1087.82,\"url\":\"/uploads/large_image_70b83b9b3e.png\"}}','image_70b83b9b3e','.png','image/png',616.68,'/uploads/image_70b83b9b3e.png',NULL,'local',NULL,'/','2023-06-03 02:31:41.009000','2023-06-03 02:31:41.009000',1,1),(102,'image.png',NULL,NULL,1600,1066,'{\"thumbnail\":{\"name\":\"thumbnail_image.png\",\"hash\":\"thumbnail_image_f33e332571\",\"ext\":\".png\",\"mime\":\"image/png\",\"path\":null,\"width\":234,\"height\":156,\"size\":99.26,\"url\":\"/uploads/thumbnail_image_f33e332571.png\"},\"small\":{\"name\":\"small_image.png\",\"hash\":\"small_image_f33e332571\",\"ext\":\".png\",\"mime\":\"image/png\",\"path\":null,\"width\":500,\"height\":333,\"size\":408.13,\"url\":\"/uploads/small_image_f33e332571.png\"},\"medium\":{\"name\":\"medium_image.png\",\"hash\":\"medium_image_f33e332571\",\"ext\":\".png\",\"mime\":\"image/png\",\"path\":null,\"width\":750,\"height\":500,\"size\":873.69,\"url\":\"/uploads/medium_image_f33e332571.png\"},\"large\":{\"name\":\"large_image.png\",\"hash\":\"large_image_f33e332571\",\"ext\":\".png\",\"mime\":\"image/png\",\"path\":null,\"width\":1000,\"height\":666,\"size\":1507.62,\"url\":\"/uploads/large_image_f33e332571.png\"}}','image_f33e332571','.png','image/png',761.62,'/uploads/image_f33e332571.png',NULL,'local',NULL,'/','2023-06-03 02:31:41.113000','2023-06-03 02:31:41.113000',1,1),(103,'image.png',NULL,NULL,1600,1066,'{\"thumbnail\":{\"name\":\"thumbnail_image.png\",\"hash\":\"thumbnail_image_75fef4d3bd\",\"ext\":\".png\",\"mime\":\"image/png\",\"path\":null,\"width\":234,\"height\":156,\"size\":92.44,\"url\":\"/uploads/thumbnail_image_75fef4d3bd.png\"},\"small\":{\"name\":\"small_image.png\",\"hash\":\"small_image_75fef4d3bd\",\"ext\":\".png\",\"mime\":\"image/png\",\"path\":null,\"width\":500,\"height\":333,\"size\":384.33,\"url\":\"/uploads/small_image_75fef4d3bd.png\"},\"medium\":{\"name\":\"medium_image.png\",\"hash\":\"medium_image_75fef4d3bd\",\"ext\":\".png\",\"mime\":\"image/png\",\"path\":null,\"width\":750,\"height\":500,\"size\":836.19,\"url\":\"/uploads/medium_image_75fef4d3bd.png\"},\"large\":{\"name\":\"large_image.png\",\"hash\":\"large_image_75fef4d3bd\",\"ext\":\".png\",\"mime\":\"image/png\",\"path\":null,\"width\":1000,\"height\":666,\"size\":1462.54,\"url\":\"/uploads/large_image_75fef4d3bd.png\"}}','image_75fef4d3bd','.png','image/png',822.65,'/uploads/image_75fef4d3bd.png',NULL,'local',NULL,'/','2023-06-03 02:31:42.545000','2023-06-03 02:31:42.545000',1,1),(104,'image 158.png',NULL,NULL,477,278,'{\"thumbnail\":{\"name\":\"thumbnail_image 158.png\",\"hash\":\"thumbnail_image_158_e1a96caa5a\",\"ext\":\".png\",\"mime\":\"image/png\",\"path\":null,\"width\":245,\"height\":143,\"size\":90.01,\"url\":\"/uploads/thumbnail_image_158_e1a96caa5a.png\"}}','image_158_e1a96caa5a','.png','image/png',67.54,'/uploads/image_158_e1a96caa5a.png',NULL,'local',NULL,'/','2023-06-08 03:23:20.369000','2023-06-08 03:23:20.369000',1,1),(105,'image 159.png',NULL,NULL,490,303,'{\"thumbnail\":{\"name\":\"thumbnail_image 159.png\",\"hash\":\"thumbnail_image_159_ec2713d70d\",\"ext\":\".png\",\"mime\":\"image/png\",\"path\":null,\"width\":245,\"height\":152,\"size\":88.62,\"url\":\"/uploads/thumbnail_image_159_ec2713d70d.png\"}}','image_159_ec2713d70d','.png','image/png',61.80,'/uploads/image_159_ec2713d70d.png',NULL,'local',NULL,'/','2023-06-08 03:23:20.534000','2023-06-08 03:23:20.534000',1,1),(106,'image 160.png',NULL,NULL,437,226,'{\"thumbnail\":{\"name\":\"thumbnail_image 160.png\",\"hash\":\"thumbnail_image_160_7ceb13a890\",\"ext\":\".png\",\"mime\":\"image/png\",\"path\":null,\"width\":245,\"height\":127,\"size\":78.89,\"url\":\"/uploads/thumbnail_image_160_7ceb13a890.png\"}}','image_160_7ceb13a890','.png','image/png',55.98,'/uploads/image_160_7ceb13a890.png',NULL,'local',NULL,'/','2023-06-08 03:23:20.648000','2023-06-08 03:23:20.648000',1,1),(107,'Rectangle 5011.png',NULL,NULL,735,400,'{\"thumbnail\":{\"name\":\"thumbnail_Rectangle 5011.png\",\"hash\":\"thumbnail_Rectangle_5011_a42c8c1844\",\"ext\":\".png\",\"mime\":\"image/png\",\"path\":null,\"width\":245,\"height\":133,\"size\":73.23,\"url\":\"/uploads/thumbnail_Rectangle_5011_a42c8c1844.png\"},\"small\":{\"name\":\"small_Rectangle 5011.png\",\"hash\":\"small_Rectangle_5011_a42c8c1844\",\"ext\":\".png\",\"mime\":\"image/png\",\"path\":null,\"width\":500,\"height\":272,\"size\":294.15,\"url\":\"/uploads/small_Rectangle_5011_a42c8c1844.png\"}}','Rectangle_5011_a42c8c1844','.png','image/png',165.50,'/uploads/Rectangle_5011_a42c8c1844.png',NULL,'local',NULL,'/','2023-06-08 03:26:50.762000','2023-06-08 03:26:50.762000',1,1),(108,'Rectangle 5011 (1).png',NULL,NULL,725,400,'{\"thumbnail\":{\"name\":\"thumbnail_Rectangle 5011 (1).png\",\"hash\":\"thumbnail_Rectangle_5011_1_40156c321c\",\"ext\":\".png\",\"mime\":\"image/png\",\"path\":null,\"width\":245,\"height\":135,\"size\":80.8,\"url\":\"/uploads/thumbnail_Rectangle_5011_1_40156c321c.png\"},\"small\":{\"name\":\"small_Rectangle 5011 (1).png\",\"hash\":\"small_Rectangle_5011_1_40156c321c\",\"ext\":\".png\",\"mime\":\"image/png\",\"path\":null,\"width\":500,\"height\":276,\"size\":298.58,\"url\":\"/uploads/small_Rectangle_5011_1_40156c321c.png\"}}','Rectangle_5011_1_40156c321c','.png','image/png',121.57,'/uploads/Rectangle_5011_1_40156c321c.png',NULL,'local',NULL,'/','2023-06-08 03:27:48.091000','2023-06-08 03:27:48.091000',1,1),(109,'Photo.png',NULL,NULL,1826,320,'{\"thumbnail\":{\"name\":\"thumbnail_Photo.png\",\"hash\":\"thumbnail_Photo_19d3ed6cb6\",\"ext\":\".png\",\"mime\":\"image/png\",\"path\":null,\"width\":245,\"height\":43,\"size\":26.75,\"url\":\"/uploads/thumbnail_Photo_19d3ed6cb6.png\"},\"small\":{\"name\":\"small_Photo.png\",\"hash\":\"small_Photo_19d3ed6cb6\",\"ext\":\".png\",\"mime\":\"image/png\",\"path\":null,\"width\":500,\"height\":88,\"size\":97.49,\"url\":\"/uploads/small_Photo_19d3ed6cb6.png\"},\"medium\":{\"name\":\"medium_Photo.png\",\"hash\":\"medium_Photo_19d3ed6cb6\",\"ext\":\".png\",\"mime\":\"image/png\",\"path\":null,\"width\":750,\"height\":131,\"size\":203.54,\"url\":\"/uploads/medium_Photo_19d3ed6cb6.png\"},\"large\":{\"name\":\"large_Photo.png\",\"hash\":\"large_Photo_19d3ed6cb6\",\"ext\":\".png\",\"mime\":\"image/png\",\"path\":null,\"width\":1000,\"height\":175,\"size\":346.62,\"url\":\"/uploads/large_Photo_19d3ed6cb6.png\"}}','Photo_19d3ed6cb6','.png','image/png',185.22,'/uploads/Photo_19d3ed6cb6.png',NULL,'local',NULL,'/','2023-06-08 03:46:46.615000','2023-06-08 03:46:46.615000',1,1),(110,'image 166.png',NULL,NULL,1920,320,'{\"thumbnail\":{\"name\":\"thumbnail_image 166.png\",\"hash\":\"thumbnail_image_166_57a4fe7f66\",\"ext\":\".png\",\"mime\":\"image/png\",\"path\":null,\"width\":245,\"height\":41,\"size\":28.9,\"url\":\"/uploads/thumbnail_image_166_57a4fe7f66.png\"},\"small\":{\"name\":\"small_image 166.png\",\"hash\":\"small_image_166_57a4fe7f66\",\"ext\":\".png\",\"mime\":\"image/png\",\"path\":null,\"width\":500,\"height\":83,\"size\":116.93,\"url\":\"/uploads/small_image_166_57a4fe7f66.png\"},\"medium\":{\"name\":\"medium_image 166.png\",\"hash\":\"medium_image_166_57a4fe7f66\",\"ext\":\".png\",\"mime\":\"image/png\",\"path\":null,\"width\":750,\"height\":125,\"size\":260.06,\"url\":\"/uploads/medium_image_166_57a4fe7f66.png\"},\"large\":{\"name\":\"large_image 166.png\",\"hash\":\"large_image_166_57a4fe7f66\",\"ext\":\".png\",\"mime\":\"image/png\",\"path\":null,\"width\":1000,\"height\":167,\"size\":458.37,\"url\":\"/uploads/large_image_166_57a4fe7f66.png\"}}','image_166_57a4fe7f66','.png','image/png',338.24,'/uploads/image_166_57a4fe7f66.png',NULL,'local',NULL,'/','2023-06-08 08:54:38.762000','2023-06-08 08:54:38.762000',1,1),(111,'Rectangle 5011 (2).png',NULL,NULL,735,400,'{\"thumbnail\":{\"name\":\"thumbnail_Rectangle 5011 (2).png\",\"hash\":\"thumbnail_Rectangle_5011_2_641df7c2e4\",\"ext\":\".png\",\"mime\":\"image/png\",\"path\":null,\"width\":245,\"height\":133,\"size\":79.03,\"url\":\"/uploads/thumbnail_Rectangle_5011_2_641df7c2e4.png\"},\"small\":{\"name\":\"small_Rectangle 5011 (2).png\",\"hash\":\"small_Rectangle_5011_2_641df7c2e4\",\"ext\":\".png\",\"mime\":\"image/png\",\"path\":null,\"width\":500,\"height\":272,\"size\":330.67,\"url\":\"/uploads/small_Rectangle_5011_2_641df7c2e4.png\"}}','Rectangle_5011_2_641df7c2e4','.png','image/png',212.38,'/uploads/Rectangle_5011_2_641df7c2e4.png',NULL,'local',NULL,'/','2023-06-08 08:57:16.364000','2023-06-08 08:57:16.364000',1,1),(112,'Group 1000000878.svg',NULL,NULL,115,85,NULL,'Group_1000000878_a21d8b4486','.svg','image/svg+xml',4.62,'/uploads/Group_1000000878_a21d8b4486.svg',NULL,'local',NULL,'/','2023-06-08 08:58:58.400000','2023-06-08 08:58:58.400000',1,1),(113,'Group 1000000877.svg',NULL,NULL,106,87,NULL,'Group_1000000877_932700f247','.svg','image/svg+xml',3.98,'/uploads/Group_1000000877_932700f247.svg',NULL,'local',NULL,'/','2023-06-08 09:00:10.117000','2023-06-08 09:00:10.117000',1,1),(114,'Image.png',NULL,NULL,750,303,'{\"thumbnail\":{\"name\":\"thumbnail_Image.png\",\"hash\":\"thumbnail_Image_f2b3b65c8f\",\"ext\":\".png\",\"mime\":\"image/png\",\"path\":null,\"width\":245,\"height\":99,\"size\":73,\"url\":\"/uploads/thumbnail_Image_f2b3b65c8f.png\"},\"small\":{\"name\":\"small_Image.png\",\"hash\":\"small_Image_f2b3b65c8f\",\"ext\":\".png\",\"mime\":\"image/png\",\"path\":null,\"width\":500,\"height\":202,\"size\":287.98,\"url\":\"/uploads/small_Image_f2b3b65c8f.png\"}}','Image_f2b3b65c8f','.png','image/png',144.95,'/uploads/Image_f2b3b65c8f.png',NULL,'local',NULL,'/','2023-06-08 09:47:31.071000','2023-06-08 09:47:31.071000',1,1),(115,'Image (1).png',NULL,NULL,750,303,'{\"thumbnail\":{\"name\":\"thumbnail_Image (1).png\",\"hash\":\"thumbnail_Image_1_1e94f4184c\",\"ext\":\".png\",\"mime\":\"image/png\",\"path\":null,\"width\":245,\"height\":99,\"size\":73.76,\"url\":\"/uploads/thumbnail_Image_1_1e94f4184c.png\"},\"small\":{\"name\":\"small_Image (1).png\",\"hash\":\"small_Image_1_1e94f4184c\",\"ext\":\".png\",\"mime\":\"image/png\",\"path\":null,\"width\":500,\"height\":202,\"size\":289.74,\"url\":\"/uploads/small_Image_1_1e94f4184c.png\"}}','Image_1_1e94f4184c','.png','image/png',129.25,'/uploads/Image_1_1e94f4184c.png',NULL,'local',NULL,'/','2023-06-08 09:47:31.531000','2023-07-03 03:47:59.589000',1,1),(116,'image 169.png',NULL,NULL,1843,320,'{\"thumbnail\":{\"name\":\"thumbnail_image 169.png\",\"hash\":\"thumbnail_image_169_f241abb7bf\",\"ext\":\".png\",\"mime\":\"image/png\",\"path\":null,\"width\":245,\"height\":43,\"size\":25.63,\"url\":\"/uploads/thumbnail_image_169_f241abb7bf.png\"},\"small\":{\"name\":\"small_image 169.png\",\"hash\":\"small_image_169_f241abb7bf\",\"ext\":\".png\",\"mime\":\"image/png\",\"path\":null,\"width\":500,\"height\":87,\"size\":87.23,\"url\":\"/uploads/small_image_169_f241abb7bf.png\"},\"medium\":{\"name\":\"medium_image 169.png\",\"hash\":\"medium_image_169_f241abb7bf\",\"ext\":\".png\",\"mime\":\"image/png\",\"path\":null,\"width\":750,\"height\":130,\"size\":175.77,\"url\":\"/uploads/medium_image_169_f241abb7bf.png\"},\"large\":{\"name\":\"large_image 169.png\",\"hash\":\"large_image_169_f241abb7bf\",\"ext\":\".png\",\"mime\":\"image/png\",\"path\":null,\"width\":1000,\"height\":174,\"size\":297.29,\"url\":\"/uploads/large_image_169_f241abb7bf.png\"}}','image_169_f241abb7bf','.png','image/png',196.80,'/uploads/image_169_f241abb7bf.png',NULL,'local',NULL,'/','2023-06-09 03:05:22.102000','2023-06-09 03:05:22.102000',1,1),(117,'2 501.svg',NULL,NULL,134,161,NULL,'2_501_512482270f','.svg','image/svg+xml',9.94,'/uploads/2_501_512482270f.svg',NULL,'local',NULL,'/','2023-06-09 03:06:21.833000','2023-06-09 03:06:21.833000',1,1),(118,'1 901.svg',NULL,NULL,203,176,NULL,'1_901_c2b13e30c3','.svg','image/svg+xml',16.48,'/uploads/1_901_c2b13e30c3.svg',NULL,'local',NULL,'/','2023-06-09 03:06:21.837000','2023-06-09 03:06:21.837000',1,1),(119,'Mask group.svg',NULL,NULL,166,139,NULL,'Mask_group_f44226e5d5','.svg','image/svg+xml',25.00,'/uploads/Mask_group_f44226e5d5.svg',NULL,'local',NULL,'/','2023-06-09 03:06:21.844000','2023-06-09 03:06:21.844000',1,1),(120,'image 172.png',NULL,NULL,778,437,'{\"thumbnail\":{\"name\":\"thumbnail_image 172.png\",\"hash\":\"thumbnail_image_172_01d53c57df\",\"ext\":\".png\",\"mime\":\"image/png\",\"path\":null,\"width\":245,\"height\":138,\"size\":78.69,\"url\":\"/uploads/thumbnail_image_172_01d53c57df.png\"},\"small\":{\"name\":\"small_image 172.png\",\"hash\":\"small_image_172_01d53c57df\",\"ext\":\".png\",\"mime\":\"image/png\",\"path\":null,\"width\":500,\"height\":281,\"size\":295.77,\"url\":\"/uploads/small_image_172_01d53c57df.png\"},\"medium\":{\"name\":\"medium_image 172.png\",\"hash\":\"medium_image_172_01d53c57df\",\"ext\":\".png\",\"mime\":\"image/png\",\"path\":null,\"width\":750,\"height\":421,\"size\":622.95,\"url\":\"/uploads/medium_image_172_01d53c57df.png\"}}','image_172_01d53c57df','.png','image/png',167.05,'/uploads/image_172_01d53c57df.png',NULL,'local',NULL,'/','2023-06-09 03:11:51.822000','2023-06-09 03:11:51.822000',1,1),(121,'Rectangle 5011.png',NULL,NULL,725,400,'{\"thumbnail\":{\"name\":\"thumbnail_Rectangle 5011.png\",\"hash\":\"thumbnail_Rectangle_5011_270d1ef20d\",\"ext\":\".png\",\"mime\":\"image/png\",\"path\":null,\"width\":245,\"height\":135,\"size\":77.34,\"url\":\"/uploads/thumbnail_Rectangle_5011_270d1ef20d.png\"},\"small\":{\"name\":\"small_Rectangle 5011.png\",\"hash\":\"small_Rectangle_5011_270d1ef20d\",\"ext\":\".png\",\"mime\":\"image/png\",\"path\":null,\"width\":500,\"height\":276,\"size\":297.12,\"url\":\"/uploads/small_Rectangle_5011_270d1ef20d.png\"}}','Rectangle_5011_270d1ef20d','.png','image/png',150.98,'/uploads/Rectangle_5011_270d1ef20d.png',NULL,'local',NULL,'/','2023-06-09 03:13:22.823000','2023-06-09 03:13:22.823000',1,1),(122,'tin ni b.jpg',NULL,NULL,975,301,'{\"thumbnail\":{\"name\":\"thumbnail_tin ni b.jpg\",\"hash\":\"thumbnail_tin_noi_bo_e914ba58d7\",\"ext\":\".jpg\",\"mime\":\"image/jpeg\",\"path\":null,\"width\":245,\"height\":75,\"size\":5.71,\"url\":\"/uploads/thumbnail_tin_noi_bo_e914ba58d7.jpg\"},\"medium\":{\"name\":\"medium_tin ni b.jpg\",\"hash\":\"medium_tin_noi_bo_e914ba58d7\",\"ext\":\".jpg\",\"mime\":\"image/jpeg\",\"path\":null,\"width\":750,\"height\":232,\"size\":30.27,\"url\":\"/uploads/medium_tin_noi_bo_e914ba58d7.jpg\"},\"small\":{\"name\":\"small_tin ni b.jpg\",\"hash\":\"small_tin_noi_bo_e914ba58d7\",\"ext\":\".jpg\",\"mime\":\"image/jpeg\",\"path\":null,\"width\":500,\"height\":154,\"size\":16.54,\"url\":\"/uploads/small_tin_noi_bo_e914ba58d7.jpg\"}}','tin_noi_bo_e914ba58d7','.jpg','image/jpeg',45.41,'/uploads/tin_noi_bo_e914ba58d7.jpg',NULL,'local',NULL,'/','2023-06-27 11:23:16.109000','2023-06-27 11:23:16.109000',1,1),(123,'tin th trng.jpg',NULL,NULL,966,349,'{\"thumbnail\":{\"name\":\"thumbnail_tin th trng.jpg\",\"hash\":\"thumbnail_tin_thi_truong_00a0b44916\",\"ext\":\".jpg\",\"mime\":\"image/jpeg\",\"path\":null,\"width\":245,\"height\":88,\"size\":5.94,\"url\":\"/uploads/thumbnail_tin_thi_truong_00a0b44916.jpg\"},\"medium\":{\"name\":\"medium_tin th trng.jpg\",\"hash\":\"medium_tin_thi_truong_00a0b44916\",\"ext\":\".jpg\",\"mime\":\"image/jpeg\",\"path\":null,\"width\":750,\"height\":271,\"size\":32.93,\"url\":\"/uploads/medium_tin_thi_truong_00a0b44916.jpg\"},\"small\":{\"name\":\"small_tin th trng.jpg\",\"hash\":\"small_tin_thi_truong_00a0b44916\",\"ext\":\".jpg\",\"mime\":\"image/jpeg\",\"path\":null,\"width\":500,\"height\":181,\"size\":17.9,\"url\":\"/uploads/small_tin_thi_truong_00a0b44916.jpg\"}}','tin_thi_truong_00a0b44916','.jpg','image/jpeg',50.13,'/uploads/tin_thi_truong_00a0b44916.jpg',NULL,'local',NULL,'/','2023-06-27 11:23:44.942000','2023-06-27 11:23:44.942000',1,1),(124,'tin chuyn nghnh.jpg',NULL,NULL,976,366,'{\"thumbnail\":{\"name\":\"thumbnail_tin chuyn nghnh.jpg\",\"hash\":\"thumbnail_tin_chuyen_nghanh_e249c56c14\",\"ext\":\".jpg\",\"mime\":\"image/jpeg\",\"path\":null,\"width\":245,\"height\":92,\"size\":5.74,\"url\":\"/uploads/thumbnail_tin_chuyen_nghanh_e249c56c14.jpg\"},\"medium\":{\"name\":\"medium_tin chuyn nghnh.jpg\",\"hash\":\"medium_tin_chuyen_nghanh_e249c56c14\",\"ext\":\".jpg\",\"mime\":\"image/jpeg\",\"path\":null,\"width\":750,\"height\":281,\"size\":34.66,\"url\":\"/uploads/medium_tin_chuyen_nghanh_e249c56c14.jpg\"},\"small\":{\"name\":\"small_tin chuyn nghnh.jpg\",\"hash\":\"small_tin_chuyen_nghanh_e249c56c14\",\"ext\":\".jpg\",\"mime\":\"image/jpeg\",\"path\":null,\"width\":500,\"height\":187,\"size\":17.97,\"url\":\"/uploads/small_tin_chuyen_nghanh_e249c56c14.jpg\"}}','tin_chuyen_nghanh_e249c56c14','.jpg','image/jpeg',54.07,'/uploads/tin_chuyen_nghanh_e249c56c14.jpg',NULL,'local',NULL,'/','2023-06-27 11:24:09.927000','2023-06-27 11:24:09.927000',1,1),(125,'tin ni b.jpg',NULL,NULL,975,301,'{\"thumbnail\":{\"name\":\"thumbnail_tin ni b.jpg\",\"hash\":\"thumbnail_tin_noi_bo_109ff5df54\",\"ext\":\".jpg\",\"mime\":\"image/jpeg\",\"path\":null,\"width\":245,\"height\":75,\"size\":5.71,\"url\":\"/uploads/thumbnail_tin_noi_bo_109ff5df54.jpg\"},\"medium\":{\"name\":\"medium_tin ni b.jpg\",\"hash\":\"medium_tin_noi_bo_109ff5df54\",\"ext\":\".jpg\",\"mime\":\"image/jpeg\",\"path\":null,\"width\":750,\"height\":232,\"size\":30.27,\"url\":\"/uploads/medium_tin_noi_bo_109ff5df54.jpg\"},\"small\":{\"name\":\"small_tin ni b.jpg\",\"hash\":\"small_tin_noi_bo_109ff5df54\",\"ext\":\".jpg\",\"mime\":\"image/jpeg\",\"path\":null,\"width\":500,\"height\":154,\"size\":16.54,\"url\":\"/uploads/small_tin_noi_bo_109ff5df54.jpg\"}}','tin_noi_bo_109ff5df54','.jpg','image/jpeg',45.41,'/uploads/tin_noi_bo_109ff5df54.jpg',NULL,'local',NULL,'/','2023-06-27 11:24:34.461000','2023-06-27 11:24:34.461000',1,1),(126,'tin th trng.jpg',NULL,NULL,966,349,'{\"thumbnail\":{\"name\":\"thumbnail_tin th trng.jpg\",\"hash\":\"thumbnail_tin_thi_truong_454283be4b\",\"ext\":\".jpg\",\"mime\":\"image/jpeg\",\"path\":null,\"width\":245,\"height\":88,\"size\":5.94,\"url\":\"/uploads/thumbnail_tin_thi_truong_454283be4b.jpg\"},\"small\":{\"name\":\"small_tin th trng.jpg\",\"hash\":\"small_tin_thi_truong_454283be4b\",\"ext\":\".jpg\",\"mime\":\"image/jpeg\",\"path\":null,\"width\":500,\"height\":181,\"size\":17.9,\"url\":\"/uploads/small_tin_thi_truong_454283be4b.jpg\"},\"medium\":{\"name\":\"medium_tin th trng.jpg\",\"hash\":\"medium_tin_thi_truong_454283be4b\",\"ext\":\".jpg\",\"mime\":\"image/jpeg\",\"path\":null,\"width\":750,\"height\":271,\"size\":32.93,\"url\":\"/uploads/medium_tin_thi_truong_454283be4b.jpg\"}}','tin_thi_truong_454283be4b','.jpg','image/jpeg',50.13,'/uploads/tin_thi_truong_454283be4b.jpg',NULL,'local',NULL,'/','2023-06-27 11:24:53.725000','2023-06-27 11:24:53.725000',1,1),(127,'tin chuyn nghnh.jpg',NULL,NULL,976,366,'{\"thumbnail\":{\"name\":\"thumbnail_tin chuyn nghnh.jpg\",\"hash\":\"thumbnail_tin_chuyen_nghanh_305d1d1695\",\"ext\":\".jpg\",\"mime\":\"image/jpeg\",\"path\":null,\"width\":245,\"height\":92,\"size\":5.74,\"url\":\"/uploads/thumbnail_tin_chuyen_nghanh_305d1d1695.jpg\"},\"medium\":{\"name\":\"medium_tin chuyn nghnh.jpg\",\"hash\":\"medium_tin_chuyen_nghanh_305d1d1695\",\"ext\":\".jpg\",\"mime\":\"image/jpeg\",\"path\":null,\"width\":750,\"height\":281,\"size\":34.66,\"url\":\"/uploads/medium_tin_chuyen_nghanh_305d1d1695.jpg\"},\"small\":{\"name\":\"small_tin chuyn nghnh.jpg\",\"hash\":\"small_tin_chuyen_nghanh_305d1d1695\",\"ext\":\".jpg\",\"mime\":\"image/jpeg\",\"path\":null,\"width\":500,\"height\":187,\"size\":17.97,\"url\":\"/uploads/small_tin_chuyen_nghanh_305d1d1695.jpg\"}}','tin_chuyen_nghanh_305d1d1695','.jpg','image/jpeg',54.07,'/uploads/tin_chuyen_nghanh_305d1d1695.jpg',NULL,'local',NULL,'/','2023-06-27 11:25:18.935000','2023-06-27 11:25:18.935000',1,1),(128,'ba 1.jpg',NULL,NULL,983,391,'{\"thumbnail\":{\"name\":\"thumbnail_ba 1.jpg\",\"hash\":\"thumbnail_bia_1_3bec580791\",\"ext\":\".jpg\",\"mime\":\"image/jpeg\",\"path\":null,\"width\":245,\"height\":97,\"size\":6.12,\"url\":\"/uploads/thumbnail_bia_1_3bec580791.jpg\"},\"medium\":{\"name\":\"medium_ba 1.jpg\",\"hash\":\"medium_bia_1_3bec580791\",\"ext\":\".jpg\",\"mime\":\"image/jpeg\",\"path\":null,\"width\":750,\"height\":298,\"size\":40.76,\"url\":\"/uploads/medium_bia_1_3bec580791.jpg\"},\"small\":{\"name\":\"small_ba 1.jpg\",\"hash\":\"small_bia_1_3bec580791\",\"ext\":\".jpg\",\"mime\":\"image/jpeg\",\"path\":null,\"width\":500,\"height\":199,\"size\":20.41,\"url\":\"/uploads/small_bia_1_3bec580791.jpg\"}}','bia_1_3bec580791','.jpg','image/jpeg',66.45,'/uploads/bia_1_3bec580791.jpg',NULL,'local',NULL,'/','2023-06-27 11:27:01.065000','2023-06-27 11:27:01.065000',1,1),(129,'ba 1.jpg',NULL,NULL,983,391,'{\"thumbnail\":{\"name\":\"thumbnail_ba 1.jpg\",\"hash\":\"thumbnail_bia_1_fcb003c1a9\",\"ext\":\".jpg\",\"mime\":\"image/jpeg\",\"path\":null,\"width\":245,\"height\":97,\"size\":6.12,\"url\":\"/uploads/thumbnail_bia_1_fcb003c1a9.jpg\"},\"medium\":{\"name\":\"medium_ba 1.jpg\",\"hash\":\"medium_bia_1_fcb003c1a9\",\"ext\":\".jpg\",\"mime\":\"image/jpeg\",\"path\":null,\"width\":750,\"height\":298,\"size\":40.76,\"url\":\"/uploads/medium_bia_1_fcb003c1a9.jpg\"},\"small\":{\"name\":\"small_ba 1.jpg\",\"hash\":\"small_bia_1_fcb003c1a9\",\"ext\":\".jpg\",\"mime\":\"image/jpeg\",\"path\":null,\"width\":500,\"height\":199,\"size\":20.41,\"url\":\"/uploads/small_bia_1_fcb003c1a9.jpg\"}}','bia_1_fcb003c1a9','.jpg','image/jpeg',66.45,'/uploads/bia_1_fcb003c1a9.jpg',NULL,'local',NULL,'/','2023-06-27 11:28:07.909000','2023-06-27 11:28:07.909000',1,1),(130,'chia chn hng.jpg',NULL,NULL,979,372,'{\"thumbnail\":{\"name\":\"thumbnail_chia chn hng.jpg\",\"hash\":\"thumbnail_chia_chon_hang_042cd57413\",\"ext\":\".jpg\",\"mime\":\"image/jpeg\",\"path\":null,\"width\":245,\"height\":93,\"size\":8.99,\"url\":\"/uploads/thumbnail_chia_chon_hang_042cd57413.jpg\"},\"small\":{\"name\":\"small_chia chn hng.jpg\",\"hash\":\"small_chia_chon_hang_042cd57413\",\"ext\":\".jpg\",\"mime\":\"image/jpeg\",\"path\":null,\"width\":500,\"height\":190,\"size\":32.65,\"url\":\"/uploads/small_chia_chon_hang_042cd57413.jpg\"},\"medium\":{\"name\":\"medium_chia chn hng.jpg\",\"hash\":\"medium_chia_chon_hang_042cd57413\",\"ext\":\".jpg\",\"mime\":\"image/jpeg\",\"path\":null,\"width\":750,\"height\":285,\"size\":67.38,\"url\":\"/uploads/medium_chia_chon_hang_042cd57413.jpg\"}}','chia_chon_hang_042cd57413','.jpg','image/jpeg',113.06,'/uploads/chia_chon_hang_042cd57413.jpg',NULL,'local',NULL,'/','2023-06-27 11:33:02.299000','2023-06-27 11:33:02.299000',1,1),(131,'z4467699601547_63fa6db29705ae7cbb75b7d813b8250e.jpg',NULL,NULL,980,495,'{\"thumbnail\":{\"name\":\"thumbnail_z4467699601547_63fa6db29705ae7cbb75b7d813b8250e.jpg\",\"hash\":\"thumbnail_z4467699601547_63fa6db29705ae7cbb75b7d813b8250e_8b3ab8e8bf\",\"ext\":\".jpg\",\"mime\":\"image/jpeg\",\"path\":null,\"width\":245,\"height\":124,\"size\":10.41,\"url\":\"/uploads/thumbnail_z4467699601547_63fa6db29705ae7cbb75b7d813b8250e_8b3ab8e8bf.jpg\"},\"small\":{\"name\":\"small_z4467699601547_63fa6db29705ae7cbb75b7d813b8250e.jpg\",\"hash\":\"small_z4467699601547_63fa6db29705ae7cbb75b7d813b8250e_8b3ab8e8bf\",\"ext\":\".jpg\",\"mime\":\"image/jpeg\",\"path\":null,\"width\":500,\"height\":253,\"size\":37.31,\"url\":\"/uploads/small_z4467699601547_63fa6db29705ae7cbb75b7d813b8250e_8b3ab8e8bf.jpg\"},\"medium\":{\"name\":\"medium_z4467699601547_63fa6db29705ae7cbb75b7d813b8250e.jpg\",\"hash\":\"medium_z4467699601547_63fa6db29705ae7cbb75b7d813b8250e_8b3ab8e8bf\",\"ext\":\".jpg\",\"mime\":\"image/jpeg\",\"path\":null,\"width\":750,\"height\":379,\"size\":75.05,\"url\":\"/uploads/medium_z4467699601547_63fa6db29705ae7cbb75b7d813b8250e_8b3ab8e8bf.jpg\"}}','z4467699601547_63fa6db29705ae7cbb75b7d813b8250e_8b3ab8e8bf','.jpg','image/jpeg',124.23,'/uploads/z4467699601547_63fa6db29705ae7cbb75b7d813b8250e_8b3ab8e8bf.jpg',NULL,'local',NULL,'/','2023-06-27 11:33:39.399000','2023-06-27 11:33:39.399000',1,1),(132,'chia chn hng.jpg',NULL,NULL,979,372,'{\"thumbnail\":{\"name\":\"thumbnail_chia chn hng.jpg\",\"hash\":\"thumbnail_chia_chon_hang_01758219ce\",\"ext\":\".jpg\",\"mime\":\"image/jpeg\",\"path\":null,\"width\":245,\"height\":93,\"size\":8.99,\"url\":\"/uploads/thumbnail_chia_chon_hang_01758219ce.jpg\"},\"small\":{\"name\":\"small_chia chn hng.jpg\",\"hash\":\"small_chia_chon_hang_01758219ce\",\"ext\":\".jpg\",\"mime\":\"image/jpeg\",\"path\":null,\"width\":500,\"height\":190,\"size\":32.65,\"url\":\"/uploads/small_chia_chon_hang_01758219ce.jpg\"},\"medium\":{\"name\":\"medium_chia chn hng.jpg\",\"hash\":\"medium_chia_chon_hang_01758219ce\",\"ext\":\".jpg\",\"mime\":\"image/jpeg\",\"path\":null,\"width\":750,\"height\":285,\"size\":67.38,\"url\":\"/uploads/medium_chia_chon_hang_01758219ce.jpg\"}}','chia_chon_hang_01758219ce','.jpg','image/jpeg',113.06,'/uploads/chia_chon_hang_01758219ce.jpg',NULL,'local',NULL,'/','2023-06-27 11:36:28.743000','2023-06-27 11:36:28.743000',1,1),(133,'chia chn hng.jpg',NULL,NULL,979,372,'{\"thumbnail\":{\"name\":\"thumbnail_chia chn hng.jpg\",\"hash\":\"thumbnail_chia_chon_hang_3ba81e566f\",\"ext\":\".jpg\",\"mime\":\"image/jpeg\",\"path\":null,\"width\":245,\"height\":93,\"size\":8.99,\"url\":\"/uploads/thumbnail_chia_chon_hang_3ba81e566f.jpg\"},\"small\":{\"name\":\"small_chia chn hng.jpg\",\"hash\":\"small_chia_chon_hang_3ba81e566f\",\"ext\":\".jpg\",\"mime\":\"image/jpeg\",\"path\":null,\"width\":500,\"height\":190,\"size\":32.65,\"url\":\"/uploads/small_chia_chon_hang_3ba81e566f.jpg\"},\"medium\":{\"name\":\"medium_chia chn hng.jpg\",\"hash\":\"medium_chia_chon_hang_3ba81e566f\",\"ext\":\".jpg\",\"mime\":\"image/jpeg\",\"path\":null,\"width\":750,\"height\":285,\"size\":67.38,\"url\":\"/uploads/medium_chia_chon_hang_3ba81e566f.jpg\"}}','chia_chon_hang_3ba81e566f','.jpg','image/jpeg',113.06,'/uploads/chia_chon_hang_3ba81e566f.jpg',NULL,'local',NULL,'/','2023-06-27 11:36:37.027000','2023-06-27 11:36:37.027000',1,1),(134,'vtp.jpg',NULL,NULL,730,408,'{\"thumbnail\":{\"name\":\"thumbnail_vtp.jpg\",\"hash\":\"thumbnail_vtp_b2ba708496\",\"ext\":\".jpg\",\"mime\":\"image/jpeg\",\"path\":null,\"width\":245,\"height\":137,\"size\":11.53,\"url\":\"/uploads/thumbnail_vtp_b2ba708496.jpg\"},\"small\":{\"name\":\"small_vtp.jpg\",\"hash\":\"small_vtp_b2ba708496\",\"ext\":\".jpg\",\"mime\":\"image/jpeg\",\"path\":null,\"width\":500,\"height\":279,\"size\":36.08,\"url\":\"/uploads/small_vtp_b2ba708496.jpg\"}}','vtp_b2ba708496','.jpg','image/jpeg',68.46,'/uploads/vtp_b2ba708496.jpg',NULL,'local',NULL,'/','2023-06-27 11:46:16.199000','2023-06-27 11:46:16.199000',1,1),(135,'vtp.jpg',NULL,NULL,730,408,'{\"thumbnail\":{\"name\":\"thumbnail_vtp.jpg\",\"hash\":\"thumbnail_vtp_62c403ae55\",\"ext\":\".jpg\",\"mime\":\"image/jpeg\",\"path\":null,\"width\":245,\"height\":137,\"size\":11.53,\"url\":\"/uploads/thumbnail_vtp_62c403ae55.jpg\"},\"small\":{\"name\":\"small_vtp.jpg\",\"hash\":\"small_vtp_62c403ae55\",\"ext\":\".jpg\",\"mime\":\"image/jpeg\",\"path\":null,\"width\":500,\"height\":279,\"size\":36.08,\"url\":\"/uploads/small_vtp_62c403ae55.jpg\"}}','vtp_62c403ae55','.jpg','image/jpeg',68.46,'/uploads/vtp_62c403ae55.jpg',NULL,'local',NULL,'/','2023-06-27 11:47:27.093000','2023-06-27 11:47:27.093000',1,1),(136,'vtp.jpg',NULL,NULL,730,408,'{\"thumbnail\":{\"name\":\"thumbnail_vtp.jpg\",\"hash\":\"thumbnail_vtp_c40559ea71\",\"ext\":\".jpg\",\"mime\":\"image/jpeg\",\"path\":null,\"width\":245,\"height\":137,\"size\":11.53,\"url\":\"/uploads/thumbnail_vtp_c40559ea71.jpg\"},\"small\":{\"name\":\"small_vtp.jpg\",\"hash\":\"small_vtp_c40559ea71\",\"ext\":\".jpg\",\"mime\":\"image/jpeg\",\"path\":null,\"width\":500,\"height\":279,\"size\":36.08,\"url\":\"/uploads/small_vtp_c40559ea71.jpg\"}}','vtp_c40559ea71','.jpg','image/jpeg',68.46,'/uploads/vtp_c40559ea71.jpg',NULL,'local',NULL,'/','2023-06-27 11:51:39.196000','2023-06-27 11:51:39.196000',1,1),(137,'vtp.jpg',NULL,NULL,730,408,'{\"thumbnail\":{\"name\":\"thumbnail_vtp.jpg\",\"hash\":\"thumbnail_vtp_692f2c0e55\",\"ext\":\".jpg\",\"mime\":\"image/jpeg\",\"path\":null,\"width\":245,\"height\":137,\"size\":11.53,\"url\":\"/uploads/thumbnail_vtp_692f2c0e55.jpg\"},\"small\":{\"name\":\"small_vtp.jpg\",\"hash\":\"small_vtp_692f2c0e55\",\"ext\":\".jpg\",\"mime\":\"image/jpeg\",\"path\":null,\"width\":500,\"height\":279,\"size\":36.08,\"url\":\"/uploads/small_vtp_692f2c0e55.jpg\"}}','vtp_692f2c0e55','.jpg','image/jpeg',68.46,'/uploads/vtp_692f2c0e55.jpg',NULL,'local',NULL,'/','2023-06-27 11:52:48.749000','2023-06-27 11:52:48.749000',1,1),(138,'z4468201487664_758d097ba1e1bfe12cdcfe9a169fb48e.jpg',NULL,NULL,730,230,'{\"thumbnail\":{\"name\":\"thumbnail_z4468201487664_758d097ba1e1bfe12cdcfe9a169fb48e.jpg\",\"hash\":\"thumbnail_z4468201487664_758d097ba1e1bfe12cdcfe9a169fb48e_4e10de49ac\",\"ext\":\".jpg\",\"mime\":\"image/jpeg\",\"path\":null,\"width\":245,\"height\":77,\"size\":6.46,\"url\":\"/uploads/thumbnail_z4468201487664_758d097ba1e1bfe12cdcfe9a169fb48e_4e10de49ac.jpg\"},\"small\":{\"name\":\"small_z4468201487664_758d097ba1e1bfe12cdcfe9a169fb48e.jpg\",\"hash\":\"small_z4468201487664_758d097ba1e1bfe12cdcfe9a169fb48e_4e10de49ac\",\"ext\":\".jpg\",\"mime\":\"image/jpeg\",\"path\":null,\"width\":500,\"height\":158,\"size\":19.87,\"url\":\"/uploads/small_z4468201487664_758d097ba1e1bfe12cdcfe9a169fb48e_4e10de49ac.jpg\"}}','z4468201487664_758d097ba1e1bfe12cdcfe9a169fb48e_4e10de49ac','.jpg','image/jpeg',37.25,'/uploads/z4468201487664_758d097ba1e1bfe12cdcfe9a169fb48e_4e10de49ac.jpg',NULL,'local',NULL,'/','2023-06-27 12:05:59.152000','2023-06-27 12:05:59.152000',1,1),(139,'z4468201487664_758d097ba1e1bfe12cdcfe9a169fb48e.jpg',NULL,NULL,730,230,'{\"thumbnail\":{\"name\":\"thumbnail_z4468201487664_758d097ba1e1bfe12cdcfe9a169fb48e.jpg\",\"hash\":\"thumbnail_z4468201487664_758d097ba1e1bfe12cdcfe9a169fb48e_270aac314c\",\"ext\":\".jpg\",\"mime\":\"image/jpeg\",\"path\":null,\"width\":245,\"height\":77,\"size\":6.46,\"url\":\"/uploads/thumbnail_z4468201487664_758d097ba1e1bfe12cdcfe9a169fb48e_270aac314c.jpg\"},\"small\":{\"name\":\"small_z4468201487664_758d097ba1e1bfe12cdcfe9a169fb48e.jpg\",\"hash\":\"small_z4468201487664_758d097ba1e1bfe12cdcfe9a169fb48e_270aac314c\",\"ext\":\".jpg\",\"mime\":\"image/jpeg\",\"path\":null,\"width\":500,\"height\":158,\"size\":19.87,\"url\":\"/uploads/small_z4468201487664_758d097ba1e1bfe12cdcfe9a169fb48e_270aac314c.jpg\"}}','z4468201487664_758d097ba1e1bfe12cdcfe9a169fb48e_270aac314c','.jpg','image/jpeg',37.25,'/uploads/z4468201487664_758d097ba1e1bfe12cdcfe9a169fb48e_270aac314c.jpg',NULL,'local',NULL,'/','2023-06-27 12:06:57.673000','2023-06-27 12:06:57.673000',1,1),(140,'z4468202106913_0fcffe7a7f5a706a5692861b4f64c2db.jpg',NULL,NULL,729,486,'{\"thumbnail\":{\"name\":\"thumbnail_z4468202106913_0fcffe7a7f5a706a5692861b4f64c2db.jpg\",\"hash\":\"thumbnail_z4468202106913_0fcffe7a7f5a706a5692861b4f64c2db_2615c8e86b\",\"ext\":\".jpg\",\"mime\":\"image/jpeg\",\"path\":null,\"width\":234,\"height\":156,\"size\":7.95,\"url\":\"/uploads/thumbnail_z4468202106913_0fcffe7a7f5a706a5692861b4f64c2db_2615c8e86b.jpg\"},\"small\":{\"name\":\"small_z4468202106913_0fcffe7a7f5a706a5692861b4f64c2db.jpg\",\"hash\":\"small_z4468202106913_0fcffe7a7f5a706a5692861b4f64c2db_2615c8e86b\",\"ext\":\".jpg\",\"mime\":\"image/jpeg\",\"path\":null,\"width\":500,\"height\":333,\"size\":26.17,\"url\":\"/uploads/small_z4468202106913_0fcffe7a7f5a706a5692861b4f64c2db_2615c8e86b.jpg\"}}','z4468202106913_0fcffe7a7f5a706a5692861b4f64c2db_2615c8e86b','.jpg','image/jpeg',48.48,'/uploads/z4468202106913_0fcffe7a7f5a706a5692861b4f64c2db_2615c8e86b.jpg',NULL,'local',NULL,'/','2023-06-27 12:07:28.144000','2023-06-27 12:11:27.055000',1,1),(141,'z4468203905736_fe1e9f72fd88d3469699699710520675.jpg',NULL,NULL,728,456,'{\"thumbnail\":{\"name\":\"thumbnail_z4468203905736_fe1e9f72fd88d3469699699710520675.jpg\",\"hash\":\"thumbnail_z4468203905736_fe1e9f72fd88d3469699699710520675_bae66fb522\",\"ext\":\".jpg\",\"mime\":\"image/jpeg\",\"path\":null,\"width\":245,\"height\":153,\"size\":10.09,\"url\":\"/uploads/thumbnail_z4468203905736_fe1e9f72fd88d3469699699710520675_bae66fb522.jpg\"},\"small\":{\"name\":\"small_z4468203905736_fe1e9f72fd88d3469699699710520675.jpg\",\"hash\":\"small_z4468203905736_fe1e9f72fd88d3469699699710520675_bae66fb522\",\"ext\":\".jpg\",\"mime\":\"image/jpeg\",\"path\":null,\"width\":500,\"height\":313,\"size\":30.69,\"url\":\"/uploads/small_z4468203905736_fe1e9f72fd88d3469699699710520675_bae66fb522.jpg\"}}','z4468203905736_fe1e9f72fd88d3469699699710520675_bae66fb522','.jpg','image/jpeg',58.30,'/uploads/z4468203905736_fe1e9f72fd88d3469699699710520675_bae66fb522.jpg',NULL,'local',NULL,'/','2023-06-27 12:08:35.159000','2023-06-27 12:08:35.159000',1,1),(142,'z4468203905736_fe1e9f72fd88d3469699699710520675.jpg',NULL,NULL,728,456,'{\"thumbnail\":{\"name\":\"thumbnail_z4468203905736_fe1e9f72fd88d3469699699710520675.jpg\",\"hash\":\"thumbnail_z4468203905736_fe1e9f72fd88d3469699699710520675_73bb251f3e\",\"ext\":\".jpg\",\"mime\":\"image/jpeg\",\"path\":null,\"width\":245,\"height\":153,\"size\":10.09,\"url\":\"/uploads/thumbnail_z4468203905736_fe1e9f72fd88d3469699699710520675_73bb251f3e.jpg\"},\"small\":{\"name\":\"small_z4468203905736_fe1e9f72fd88d3469699699710520675.jpg\",\"hash\":\"small_z4468203905736_fe1e9f72fd88d3469699699710520675_73bb251f3e\",\"ext\":\".jpg\",\"mime\":\"image/jpeg\",\"path\":null,\"width\":500,\"height\":313,\"size\":30.69,\"url\":\"/uploads/small_z4468203905736_fe1e9f72fd88d3469699699710520675_73bb251f3e.jpg\"}}','z4468203905736_fe1e9f72fd88d3469699699710520675_73bb251f3e','.jpg','image/jpeg',58.30,'/uploads/z4468203905736_fe1e9f72fd88d3469699699710520675_73bb251f3e.jpg',NULL,'local',NULL,'/','2023-06-27 12:10:25.117000','2023-06-27 12:10:25.117000',1,1),(143,'2.jpg',NULL,NULL,3936,2216,'{\"thumbnail\":{\"name\":\"thumbnail_2.jpg\",\"hash\":\"thumbnail_2_9aff8994a1\",\"ext\":\".jpg\",\"mime\":\"image/jpeg\",\"path\":null,\"width\":245,\"height\":138,\"size\":10.22,\"url\":\"/uploads/thumbnail_2_9aff8994a1.jpg\"},\"medium\":{\"name\":\"medium_2.jpg\",\"hash\":\"medium_2_9aff8994a1\",\"ext\":\".jpg\",\"mime\":\"image/jpeg\",\"path\":null,\"width\":750,\"height\":422,\"size\":63.14,\"url\":\"/uploads/medium_2_9aff8994a1.jpg\"},\"large\":{\"name\":\"large_2.jpg\",\"hash\":\"large_2_9aff8994a1\",\"ext\":\".jpg\",\"mime\":\"image/jpeg\",\"path\":null,\"width\":1000,\"height\":563,\"size\":100.58,\"url\":\"/uploads/large_2_9aff8994a1.jpg\"},\"small\":{\"name\":\"small_2.jpg\",\"hash\":\"small_2_9aff8994a1\",\"ext\":\".jpg\",\"mime\":\"image/jpeg\",\"path\":null,\"width\":500,\"height\":282,\"size\":34.1,\"url\":\"/uploads/small_2_9aff8994a1.jpg\"}}','2_9aff8994a1','.jpg','image/jpeg',813.88,'/uploads/2_9aff8994a1.jpg',NULL,'local',NULL,'/','2023-06-27 12:18:05.974000','2023-06-27 12:18:05.974000',1,1),(144,'2.jpg',NULL,NULL,3936,2216,'{\"thumbnail\":{\"name\":\"thumbnail_2.jpg\",\"hash\":\"thumbnail_2_0ea5029c96\",\"ext\":\".jpg\",\"mime\":\"image/jpeg\",\"path\":null,\"width\":245,\"height\":138,\"size\":10.22,\"url\":\"/uploads/thumbnail_2_0ea5029c96.jpg\"},\"medium\":{\"name\":\"medium_2.jpg\",\"hash\":\"medium_2_0ea5029c96\",\"ext\":\".jpg\",\"mime\":\"image/jpeg\",\"path\":null,\"width\":750,\"height\":422,\"size\":63.14,\"url\":\"/uploads/medium_2_0ea5029c96.jpg\"},\"small\":{\"name\":\"small_2.jpg\",\"hash\":\"small_2_0ea5029c96\",\"ext\":\".jpg\",\"mime\":\"image/jpeg\",\"path\":null,\"width\":500,\"height\":282,\"size\":34.1,\"url\":\"/uploads/small_2_0ea5029c96.jpg\"},\"large\":{\"name\":\"large_2.jpg\",\"hash\":\"large_2_0ea5029c96\",\"ext\":\".jpg\",\"mime\":\"image/jpeg\",\"path\":null,\"width\":1000,\"height\":563,\"size\":100.58,\"url\":\"/uploads/large_2_0ea5029c96.jpg\"}}','2_0ea5029c96','.jpg','image/jpeg',813.88,'/uploads/2_0ea5029c96.jpg',NULL,'local',NULL,'/','2023-06-27 12:20:06.081000','2023-06-27 12:21:01.751000',1,1),(145,'banner-web-18.jpg',NULL,NULL,1920,600,'{\"thumbnail\":{\"name\":\"thumbnail_banner-web-18.jpg\",\"hash\":\"thumbnail_banner_web_18_4453002859\",\"ext\":\".jpg\",\"mime\":\"image/jpeg\",\"path\":null,\"width\":245,\"height\":77,\"size\":6.32,\"url\":\"/uploads/thumbnail_banner_web_18_4453002859.jpg\"},\"medium\":{\"name\":\"medium_banner-web-18.jpg\",\"hash\":\"medium_banner_web_18_4453002859\",\"ext\":\".jpg\",\"mime\":\"image/jpeg\",\"path\":null,\"width\":750,\"height\":234,\"size\":37.04,\"url\":\"/uploads/medium_banner_web_18_4453002859.jpg\"},\"large\":{\"name\":\"large_banner-web-18.jpg\",\"hash\":\"large_banner_web_18_4453002859\",\"ext\":\".jpg\",\"mime\":\"image/jpeg\",\"path\":null,\"width\":1000,\"height\":313,\"size\":57.55,\"url\":\"/uploads/large_banner_web_18_4453002859.jpg\"},\"small\":{\"name\":\"small_banner-web-18.jpg\",\"hash\":\"small_banner_web_18_4453002859\",\"ext\":\".jpg\",\"mime\":\"image/jpeg\",\"path\":null,\"width\":500,\"height\":156,\"size\":19.37,\"url\":\"/uploads/small_banner_web_18_4453002859.jpg\"}}','banner_web_18_4453002859','.jpg','image/jpeg',149.61,'/uploads/banner_web_18_4453002859.jpg',NULL,'local',NULL,'/','2023-06-27 12:29:43.158000','2023-06-27 12:31:46.850000',1,1),(146,'ti xung (1).jfif',NULL,NULL,275,183,'{\"thumbnail\":{\"name\":\"thumbnail_ti xung (1).jfif\",\"hash\":\"thumbnail_tai_xuong_1_69fcad58b3\",\"ext\":\".jfif\",\"mime\":\"image/jpeg\",\"path\":null,\"width\":234,\"height\":156,\"size\":8.45,\"url\":\"/uploads/thumbnail_tai_xuong_1_69fcad58b3.jfif\"}}','tai_xuong_1_69fcad58b3','.jfif','image/jpeg',7.23,'/uploads/tai_xuong_1_69fcad58b3.jfif',NULL,'local',NULL,'/','2023-06-27 12:30:13.643000','2023-06-27 12:30:13.643000',1,1),(147,'z4468202106913_0fcffe7a7f5a706a5692861b4f64c2db.jpg',NULL,NULL,729,486,'{\"thumbnail\":{\"name\":\"thumbnail_z4468202106913_0fcffe7a7f5a706a5692861b4f64c2db.jpg\",\"hash\":\"thumbnail_z4468202106913_0fcffe7a7f5a706a5692861b4f64c2db_cd1f53d34f\",\"ext\":\".jpg\",\"mime\":\"image/jpeg\",\"path\":null,\"width\":234,\"height\":156,\"size\":7.95,\"url\":\"/uploads/thumbnail_z4468202106913_0fcffe7a7f5a706a5692861b4f64c2db_cd1f53d34f.jpg\"},\"small\":{\"name\":\"small_z4468202106913_0fcffe7a7f5a706a5692861b4f64c2db.jpg\",\"hash\":\"small_z4468202106913_0fcffe7a7f5a706a5692861b4f64c2db_cd1f53d34f\",\"ext\":\".jpg\",\"mime\":\"image/jpeg\",\"path\":null,\"width\":500,\"height\":333,\"size\":26.17,\"url\":\"/uploads/small_z4468202106913_0fcffe7a7f5a706a5692861b4f64c2db_cd1f53d34f.jpg\"}}','z4468202106913_0fcffe7a7f5a706a5692861b4f64c2db_cd1f53d34f','.jpg','image/jpeg',48.48,'/uploads/z4468202106913_0fcffe7a7f5a706a5692861b4f64c2db_cd1f53d34f.jpg',NULL,'local',NULL,'/','2023-06-27 12:30:29.474000','2023-06-27 12:30:29.474000',1,1),(148,'z4468203905736_fe1e9f72fd88d3469699699710520675.jpg',NULL,NULL,728,456,'{\"thumbnail\":{\"name\":\"thumbnail_z4468203905736_fe1e9f72fd88d3469699699710520675.jpg\",\"hash\":\"thumbnail_z4468203905736_fe1e9f72fd88d3469699699710520675_5626c876ca\",\"ext\":\".jpg\",\"mime\":\"image/jpeg\",\"path\":null,\"width\":245,\"height\":153,\"size\":10.09,\"url\":\"/uploads/thumbnail_z4468203905736_fe1e9f72fd88d3469699699710520675_5626c876ca.jpg\"},\"small\":{\"name\":\"small_z4468203905736_fe1e9f72fd88d3469699699710520675.jpg\",\"hash\":\"small_z4468203905736_fe1e9f72fd88d3469699699710520675_5626c876ca\",\"ext\":\".jpg\",\"mime\":\"image/jpeg\",\"path\":null,\"width\":500,\"height\":313,\"size\":30.69,\"url\":\"/uploads/small_z4468203905736_fe1e9f72fd88d3469699699710520675_5626c876ca.jpg\"}}','z4468203905736_fe1e9f72fd88d3469699699710520675_5626c876ca','.jpg','image/jpeg',58.30,'/uploads/z4468203905736_fe1e9f72fd88d3469699699710520675_5626c876ca.jpg',NULL,'local',NULL,'/','2023-06-27 12:31:16.052000','2023-06-27 12:31:16.052000',1,1),(149,'banner-web-18.jpg',NULL,NULL,1920,600,'{\"thumbnail\":{\"name\":\"thumbnail_banner-web-18.jpg\",\"hash\":\"thumbnail_banner_web_18_0616ce05cf\",\"ext\":\".jpg\",\"mime\":\"image/jpeg\",\"path\":null,\"width\":245,\"height\":77,\"size\":6.32,\"url\":\"/uploads/thumbnail_banner_web_18_0616ce05cf.jpg\"},\"large\":{\"name\":\"large_banner-web-18.jpg\",\"hash\":\"large_banner_web_18_0616ce05cf\",\"ext\":\".jpg\",\"mime\":\"image/jpeg\",\"path\":null,\"width\":1000,\"height\":313,\"size\":57.55,\"url\":\"/uploads/large_banner_web_18_0616ce05cf.jpg\"},\"medium\":{\"name\":\"medium_banner-web-18.jpg\",\"hash\":\"medium_banner_web_18_0616ce05cf\",\"ext\":\".jpg\",\"mime\":\"image/jpeg\",\"path\":null,\"width\":750,\"height\":234,\"size\":37.04,\"url\":\"/uploads/medium_banner_web_18_0616ce05cf.jpg\"},\"small\":{\"name\":\"small_banner-web-18.jpg\",\"hash\":\"small_banner_web_18_0616ce05cf\",\"ext\":\".jpg\",\"mime\":\"image/jpeg\",\"path\":null,\"width\":500,\"height\":156,\"size\":19.37,\"url\":\"/uploads/small_banner_web_18_0616ce05cf.jpg\"}}','banner_web_18_0616ce05cf','.jpg','image/jpeg',149.61,'/uploads/banner_web_18_0616ce05cf.jpg',NULL,'local',NULL,'/','2023-06-27 12:35:25.477000','2023-06-27 12:35:25.477000',1,1),(150,'2.jpg',NULL,NULL,3936,2216,'{\"thumbnail\":{\"name\":\"thumbnail_2.jpg\",\"hash\":\"thumbnail_2_cbcc4d3e36\",\"ext\":\".jpg\",\"mime\":\"image/jpeg\",\"path\":null,\"width\":245,\"height\":138,\"size\":10.22,\"url\":\"/uploads/thumbnail_2_cbcc4d3e36.jpg\"},\"medium\":{\"name\":\"medium_2.jpg\",\"hash\":\"medium_2_cbcc4d3e36\",\"ext\":\".jpg\",\"mime\":\"image/jpeg\",\"path\":null,\"width\":750,\"height\":422,\"size\":63.14,\"url\":\"/uploads/medium_2_cbcc4d3e36.jpg\"},\"small\":{\"name\":\"small_2.jpg\",\"hash\":\"small_2_cbcc4d3e36\",\"ext\":\".jpg\",\"mime\":\"image/jpeg\",\"path\":null,\"width\":500,\"height\":282,\"size\":34.1,\"url\":\"/uploads/small_2_cbcc4d3e36.jpg\"},\"large\":{\"name\":\"large_2.jpg\",\"hash\":\"large_2_cbcc4d3e36\",\"ext\":\".jpg\",\"mime\":\"image/jpeg\",\"path\":null,\"width\":1000,\"height\":563,\"size\":100.58,\"url\":\"/uploads/large_2_cbcc4d3e36.jpg\"}}','2_cbcc4d3e36','.jpg','image/jpeg',813.88,'/uploads/2_cbcc4d3e36.jpg',NULL,'local',NULL,'/','2023-06-27 12:41:13.087000','2023-06-27 12:41:13.087000',1,1),(151,'2.jpg',NULL,NULL,3936,2216,'{\"thumbnail\":{\"name\":\"thumbnail_2.jpg\",\"hash\":\"thumbnail_2_a59b287c05\",\"ext\":\".jpg\",\"mime\":\"image/jpeg\",\"path\":null,\"width\":245,\"height\":138,\"size\":10.22,\"url\":\"/uploads/thumbnail_2_a59b287c05.jpg\"},\"medium\":{\"name\":\"medium_2.jpg\",\"hash\":\"medium_2_a59b287c05\",\"ext\":\".jpg\",\"mime\":\"image/jpeg\",\"path\":null,\"width\":750,\"height\":422,\"size\":63.14,\"url\":\"/uploads/medium_2_a59b287c05.jpg\"},\"small\":{\"name\":\"small_2.jpg\",\"hash\":\"small_2_a59b287c05\",\"ext\":\".jpg\",\"mime\":\"image/jpeg\",\"path\":null,\"width\":500,\"height\":282,\"size\":34.1,\"url\":\"/uploads/small_2_a59b287c05.jpg\"},\"large\":{\"name\":\"large_2.jpg\",\"hash\":\"large_2_a59b287c05\",\"ext\":\".jpg\",\"mime\":\"image/jpeg\",\"path\":null,\"width\":1000,\"height\":563,\"size\":100.58,\"url\":\"/uploads/large_2_a59b287c05.jpg\"}}','2_a59b287c05','.jpg','image/jpeg',813.88,'/uploads/2_a59b287c05.jpg',NULL,'local',NULL,'/','2023-06-27 12:41:18.746000','2023-06-27 12:41:18.746000',1,1),(152,'ba 1.jpg',NULL,NULL,983,391,'{\"thumbnail\":{\"name\":\"thumbnail_ba 1.jpg\",\"hash\":\"thumbnail_bia_1_eff986abd0\",\"ext\":\".jpg\",\"mime\":\"image/jpeg\",\"path\":null,\"width\":245,\"height\":97,\"size\":6.12,\"url\":\"/uploads/thumbnail_bia_1_eff986abd0.jpg\"},\"medium\":{\"name\":\"medium_ba 1.jpg\",\"hash\":\"medium_bia_1_eff986abd0\",\"ext\":\".jpg\",\"mime\":\"image/jpeg\",\"path\":null,\"width\":750,\"height\":298,\"size\":40.76,\"url\":\"/uploads/medium_bia_1_eff986abd0.jpg\"},\"small\":{\"name\":\"small_ba 1.jpg\",\"hash\":\"small_bia_1_eff986abd0\",\"ext\":\".jpg\",\"mime\":\"image/jpeg\",\"path\":null,\"width\":500,\"height\":199,\"size\":20.41,\"url\":\"/uploads/small_bia_1_eff986abd0.jpg\"}}','bia_1_eff986abd0','.jpg','image/jpeg',66.45,'/uploads/bia_1_eff986abd0.jpg',NULL,'local',NULL,'/','2023-06-28 03:00:25.399000','2023-06-28 03:00:25.399000',1,1),(153,'hi quan.jpg',NULL,NULL,3750,2500,'{\"thumbnail\":{\"name\":\"thumbnail_hi quan.jpg\",\"hash\":\"thumbnail_hai_quan_a097bc8555\",\"ext\":\".jpg\",\"mime\":\"image/jpeg\",\"path\":null,\"width\":234,\"height\":156,\"size\":10.6,\"url\":\"/uploads/thumbnail_hai_quan_a097bc8555.jpg\"},\"small\":{\"name\":\"small_hi quan.jpg\",\"hash\":\"small_hai_quan_a097bc8555\",\"ext\":\".jpg\",\"mime\":\"image/jpeg\",\"path\":null,\"width\":500,\"height\":334,\"size\":39.03,\"url\":\"/uploads/small_hai_quan_a097bc8555.jpg\"},\"medium\":{\"name\":\"medium_hi quan.jpg\",\"hash\":\"medium_hai_quan_a097bc8555\",\"ext\":\".jpg\",\"mime\":\"image/jpeg\",\"path\":null,\"width\":750,\"height\":500,\"size\":78.44,\"url\":\"/uploads/medium_hai_quan_a097bc8555.jpg\"},\"large\":{\"name\":\"large_hi quan.jpg\",\"hash\":\"large_hai_quan_a097bc8555\",\"ext\":\".jpg\",\"mime\":\"image/jpeg\",\"path\":null,\"width\":1000,\"height\":667,\"size\":132.72,\"url\":\"/uploads/large_hai_quan_a097bc8555.jpg\"}}','hai_quan_a097bc8555','.jpg','image/jpeg',1618.87,'/uploads/hai_quan_a097bc8555.jpg',NULL,'local',NULL,'/','2023-06-28 03:02:42.178000','2023-06-28 03:02:42.178000',1,1),(154,'hi quan.jpg',NULL,NULL,3750,2500,'{\"thumbnail\":{\"name\":\"thumbnail_hi quan.jpg\",\"hash\":\"thumbnail_hai_quan_49be526245\",\"ext\":\".jpg\",\"mime\":\"image/jpeg\",\"path\":null,\"width\":234,\"height\":156,\"size\":10.6,\"url\":\"/uploads/thumbnail_hai_quan_49be526245.jpg\"},\"small\":{\"name\":\"small_hi quan.jpg\",\"hash\":\"small_hai_quan_49be526245\",\"ext\":\".jpg\",\"mime\":\"image/jpeg\",\"path\":null,\"width\":500,\"height\":334,\"size\":39.03,\"url\":\"/uploads/small_hai_quan_49be526245.jpg\"},\"medium\":{\"name\":\"medium_hi quan.jpg\",\"hash\":\"medium_hai_quan_49be526245\",\"ext\":\".jpg\",\"mime\":\"image/jpeg\",\"path\":null,\"width\":750,\"height\":500,\"size\":78.44,\"url\":\"/uploads/medium_hai_quan_49be526245.jpg\"},\"large\":{\"name\":\"large_hi quan.jpg\",\"hash\":\"large_hai_quan_49be526245\",\"ext\":\".jpg\",\"mime\":\"image/jpeg\",\"path\":null,\"width\":1000,\"height\":667,\"size\":132.72,\"url\":\"/uploads/large_hai_quan_49be526245.jpg\"}}','hai_quan_49be526245','.jpg','image/jpeg',1618.87,'/uploads/hai_quan_49be526245.jpg',NULL,'local',NULL,'/','2023-06-28 03:04:42.693000','2023-06-28 03:04:42.693000',1,1),(155,'hi quan.jpg',NULL,NULL,3750,2500,'{\"thumbnail\":{\"name\":\"thumbnail_hi quan.jpg\",\"hash\":\"thumbnail_hai_quan_fa1c7912c4\",\"ext\":\".jpg\",\"mime\":\"image/jpeg\",\"path\":null,\"width\":234,\"height\":156,\"size\":10.6,\"url\":\"/uploads/thumbnail_hai_quan_fa1c7912c4.jpg\"},\"small\":{\"name\":\"small_hi quan.jpg\",\"hash\":\"small_hai_quan_fa1c7912c4\",\"ext\":\".jpg\",\"mime\":\"image/jpeg\",\"path\":null,\"width\":500,\"height\":334,\"size\":39.03,\"url\":\"/uploads/small_hai_quan_fa1c7912c4.jpg\"},\"medium\":{\"name\":\"medium_hi quan.jpg\",\"hash\":\"medium_hai_quan_fa1c7912c4\",\"ext\":\".jpg\",\"mime\":\"image/jpeg\",\"path\":null,\"width\":750,\"height\":500,\"size\":78.44,\"url\":\"/uploads/medium_hai_quan_fa1c7912c4.jpg\"},\"large\":{\"name\":\"large_hi quan.jpg\",\"hash\":\"large_hai_quan_fa1c7912c4\",\"ext\":\".jpg\",\"mime\":\"image/jpeg\",\"path\":null,\"width\":1000,\"height\":667,\"size\":132.72,\"url\":\"/uploads/large_hai_quan_fa1c7912c4.jpg\"}}','hai_quan_fa1c7912c4','.jpg','image/jpeg',1618.87,'/uploads/hai_quan_fa1c7912c4.jpg',NULL,'local',NULL,'/','2023-06-28 03:04:53.559000','2023-06-28 03:04:53.559000',1,1),(156,'chia chn hng.jpg',NULL,NULL,979,372,'{\"thumbnail\":{\"name\":\"thumbnail_chia chn hng.jpg\",\"hash\":\"thumbnail_chia_chon_hang_55755a223a\",\"ext\":\".jpg\",\"mime\":\"image/jpeg\",\"path\":null,\"width\":245,\"height\":93,\"size\":8.99,\"url\":\"/uploads/thumbnail_chia_chon_hang_55755a223a.jpg\"},\"small\":{\"name\":\"small_chia chn hng.jpg\",\"hash\":\"small_chia_chon_hang_55755a223a\",\"ext\":\".jpg\",\"mime\":\"image/jpeg\",\"path\":null,\"width\":500,\"height\":190,\"size\":32.65,\"url\":\"/uploads/small_chia_chon_hang_55755a223a.jpg\"},\"medium\":{\"name\":\"medium_chia chn hng.jpg\",\"hash\":\"medium_chia_chon_hang_55755a223a\",\"ext\":\".jpg\",\"mime\":\"image/jpeg\",\"path\":null,\"width\":750,\"height\":285,\"size\":67.38,\"url\":\"/uploads/medium_chia_chon_hang_55755a223a.jpg\"}}','chia_chon_hang_55755a223a','.jpg','image/jpeg',113.06,'/uploads/chia_chon_hang_55755a223a.jpg',NULL,'local',NULL,'/','2023-06-28 04:07:07.358000','2023-06-28 04:07:07.358000',1,1),(157,'z4467699601547_63fa6db29705ae7cbb75b7d813b8250e.jpg',NULL,NULL,980,495,'{\"thumbnail\":{\"name\":\"thumbnail_z4467699601547_63fa6db29705ae7cbb75b7d813b8250e.jpg\",\"hash\":\"thumbnail_z4467699601547_63fa6db29705ae7cbb75b7d813b8250e_a78394e17e\",\"ext\":\".jpg\",\"mime\":\"image/jpeg\",\"path\":null,\"width\":245,\"height\":124,\"size\":10.41,\"url\":\"/uploads/thumbnail_z4467699601547_63fa6db29705ae7cbb75b7d813b8250e_a78394e17e.jpg\"},\"small\":{\"name\":\"small_z4467699601547_63fa6db29705ae7cbb75b7d813b8250e.jpg\",\"hash\":\"small_z4467699601547_63fa6db29705ae7cbb75b7d813b8250e_a78394e17e\",\"ext\":\".jpg\",\"mime\":\"image/jpeg\",\"path\":null,\"width\":500,\"height\":253,\"size\":37.31,\"url\":\"/uploads/small_z4467699601547_63fa6db29705ae7cbb75b7d813b8250e_a78394e17e.jpg\"},\"medium\":{\"name\":\"medium_z4467699601547_63fa6db29705ae7cbb75b7d813b8250e.jpg\",\"hash\":\"medium_z4467699601547_63fa6db29705ae7cbb75b7d813b8250e_a78394e17e\",\"ext\":\".jpg\",\"mime\":\"image/jpeg\",\"path\":null,\"width\":750,\"height\":379,\"size\":75.05,\"url\":\"/uploads/medium_z4467699601547_63fa6db29705ae7cbb75b7d813b8250e_a78394e17e.jpg\"}}','z4467699601547_63fa6db29705ae7cbb75b7d813b8250e_a78394e17e','.jpg','image/jpeg',124.23,'/uploads/z4467699601547_63fa6db29705ae7cbb75b7d813b8250e_a78394e17e.jpg',NULL,'local',NULL,'/','2023-06-28 04:07:18.078000','2023-06-28 04:07:18.078000',1,1),(158,'chia chn hng.jpg',NULL,NULL,979,372,'{\"thumbnail\":{\"name\":\"thumbnail_chia chn hng.jpg\",\"hash\":\"thumbnail_chia_chon_hang_028c898dea\",\"ext\":\".jpg\",\"mime\":\"image/jpeg\",\"path\":null,\"width\":245,\"height\":93,\"size\":8.99,\"url\":\"/uploads/thumbnail_chia_chon_hang_028c898dea.jpg\"},\"small\":{\"name\":\"small_chia chn hng.jpg\",\"hash\":\"small_chia_chon_hang_028c898dea\",\"ext\":\".jpg\",\"mime\":\"image/jpeg\",\"path\":null,\"width\":500,\"height\":190,\"size\":32.65,\"url\":\"/uploads/small_chia_chon_hang_028c898dea.jpg\"},\"medium\":{\"name\":\"medium_chia chn hng.jpg\",\"hash\":\"medium_chia_chon_hang_028c898dea\",\"ext\":\".jpg\",\"mime\":\"image/jpeg\",\"path\":null,\"width\":750,\"height\":285,\"size\":67.38,\"url\":\"/uploads/medium_chia_chon_hang_028c898dea.jpg\"}}','chia_chon_hang_028c898dea','.jpg','image/jpeg',113.06,'/uploads/chia_chon_hang_028c898dea.jpg',NULL,'local',NULL,'/','2023-06-28 04:07:33.228000','2023-06-28 04:07:33.228000',1,1),(159,'iu khon & Chnh sch  s dng dch v','iu khon & Chnh sch  s dng dch v','iu khon & Chnh sch  s dng dch v',1600,909,'{\"thumbnail\":{\"name\":\"thumbnail_iu khon & Chnh sch  s dng dch v\",\"hash\":\"thumbnail_Dieu_khoan_and_Chinh_sach_su_dung_dich_vu_db10999055\",\"ext\":\".png\",\"mime\":\"image/png\",\"path\":null,\"width\":245,\"height\":139,\"size\":25.4,\"url\":\"/uploads/thumbnail_Dieu_khoan_and_Chinh_sach_su_dung_dich_vu_db10999055.png\"},\"small\":{\"name\":\"small_iu khon & Chnh sch  s dng dch v\",\"hash\":\"small_Dieu_khoan_and_Chinh_sach_su_dung_dich_vu_db10999055\",\"ext\":\".png\",\"mime\":\"image/png\",\"path\":null,\"width\":500,\"height\":284,\"size\":74.26,\"url\":\"/uploads/small_Dieu_khoan_and_Chinh_sach_su_dung_dich_vu_db10999055.png\"},\"medium\":{\"name\":\"medium_iu khon & Chnh sch  s dng dch v\",\"hash\":\"medium_Dieu_khoan_and_Chinh_sach_su_dung_dich_vu_db10999055\",\"ext\":\".png\",\"mime\":\"image/png\",\"path\":null,\"width\":750,\"height\":426,\"size\":144.27,\"url\":\"/uploads/medium_Dieu_khoan_and_Chinh_sach_su_dung_dich_vu_db10999055.png\"},\"large\":{\"name\":\"large_iu khon & Chnh sch  s dng dch v\",\"hash\":\"large_Dieu_khoan_and_Chinh_sach_su_dung_dich_vu_db10999055\",\"ext\":\".png\",\"mime\":\"image/png\",\"path\":null,\"width\":1000,\"height\":568,\"size\":230.89,\"url\":\"/uploads/large_Dieu_khoan_and_Chinh_sach_su_dung_dich_vu_db10999055.png\"}}','Dieu_khoan_and_Chinh_sach_su_dung_dich_vu_db10999055','.png','image/png',98.95,'/uploads/Dieu_khoan_and_Chinh_sach_su_dung_dich_vu_db10999055.png',NULL,'local',NULL,'/','2023-06-30 08:12:05.708000','2023-06-30 08:12:05.708000',1,1),(160,'Thm tiu  (1).png',NULL,NULL,1600,900,'{\"thumbnail\":{\"name\":\"thumbnail_Thm tiu  (1).png\",\"hash\":\"thumbnail_Them_tieu_de_1_4a322c215e\",\"ext\":\".png\",\"mime\":\"image/png\",\"path\":null,\"width\":245,\"height\":138,\"size\":21.58,\"url\":\"/uploads/thumbnail_Them_tieu_de_1_4a322c215e.png\"},\"small\":{\"name\":\"small_Thm tiu  (1).png\",\"hash\":\"small_Them_tieu_de_1_4a322c215e\",\"ext\":\".png\",\"mime\":\"image/png\",\"path\":null,\"width\":500,\"height\":281,\"size\":61.99,\"url\":\"/uploads/small_Them_tieu_de_1_4a322c215e.png\"},\"medium\":{\"name\":\"medium_Thm tiu  (1).png\",\"hash\":\"medium_Them_tieu_de_1_4a322c215e\",\"ext\":\".png\",\"mime\":\"image/png\",\"path\":null,\"width\":750,\"height\":422,\"size\":119.29,\"url\":\"/uploads/medium_Them_tieu_de_1_4a322c215e.png\"},\"large\":{\"name\":\"large_Thm tiu  (1).png\",\"hash\":\"large_Them_tieu_de_1_4a322c215e\",\"ext\":\".png\",\"mime\":\"image/png\",\"path\":null,\"width\":1000,\"height\":563,\"size\":193.41,\"url\":\"/uploads/large_Them_tieu_de_1_4a322c215e.png\"}}','Them_tieu_de_1_4a322c215e','.png','image/png',93.61,'/uploads/Them_tieu_de_1_4a322c215e.png',NULL,'local',NULL,'/','2023-06-30 08:14:06.336000','2023-06-30 08:14:06.336000',1,1),(161,'Thm tiu  (2).png',NULL,NULL,1600,900,'{\"thumbnail\":{\"name\":\"thumbnail_Thm tiu  (2).png\",\"hash\":\"thumbnail_Them_tieu_de_2_9f0001d2a0\",\"ext\":\".png\",\"mime\":\"image/png\",\"path\":null,\"width\":245,\"height\":138,\"size\":50.81,\"url\":\"/uploads/thumbnail_Them_tieu_de_2_9f0001d2a0.png\"},\"small\":{\"name\":\"small_Thm tiu  (2).png\",\"hash\":\"small_Them_tieu_de_2_9f0001d2a0\",\"ext\":\".png\",\"mime\":\"image/png\",\"path\":null,\"width\":500,\"height\":281,\"size\":167.06,\"url\":\"/uploads/small_Them_tieu_de_2_9f0001d2a0.png\"},\"medium\":{\"name\":\"medium_Thm tiu  (2).png\",\"hash\":\"medium_Them_tieu_de_2_9f0001d2a0\",\"ext\":\".png\",\"mime\":\"image/png\",\"path\":null,\"width\":750,\"height\":422,\"size\":338.39,\"url\":\"/uploads/medium_Them_tieu_de_2_9f0001d2a0.png\"},\"large\":{\"name\":\"large_Thm tiu  (2).png\",\"hash\":\"large_Them_tieu_de_2_9f0001d2a0\",\"ext\":\".png\",\"mime\":\"image/png\",\"path\":null,\"width\":1000,\"height\":563,\"size\":570.99,\"url\":\"/uploads/large_Them_tieu_de_2_9f0001d2a0.png\"}}','Them_tieu_de_2_9f0001d2a0','.png','image/png',265.58,'/uploads/Them_tieu_de_2_9f0001d2a0.png',NULL,'local',NULL,'/','2023-06-30 08:46:30.456000','2023-06-30 08:46:30.456000',1,1),(162,'z4483506101816_2a45558e42828653a6261bb7dac191eb.jpg',NULL,NULL,2568,1732,'{\"thumbnail\":{\"name\":\"thumbnail_z4483506101816_2a45558e42828653a6261bb7dac191eb.jpg\",\"hash\":\"thumbnail_z4483506101816_2a45558e42828653a6261bb7dac191eb_9c043c191c\",\"ext\":\".jpg\",\"mime\":\"image/jpeg\",\"path\":null,\"width\":232,\"height\":156,\"size\":8.04,\"url\":\"/uploads/thumbnail_z4483506101816_2a45558e42828653a6261bb7dac191eb_9c043c191c.jpg\"},\"medium\":{\"name\":\"medium_z4483506101816_2a45558e42828653a6261bb7dac191eb.jpg\",\"hash\":\"medium_z4483506101816_2a45558e42828653a6261bb7dac191eb_9c043c191c\",\"ext\":\".jpg\",\"mime\":\"image/jpeg\",\"path\":null,\"width\":750,\"height\":506,\"size\":48.53,\"url\":\"/uploads/medium_z4483506101816_2a45558e42828653a6261bb7dac191eb_9c043c191c.jpg\"},\"small\":{\"name\":\"small_z4483506101816_2a45558e42828653a6261bb7dac191eb.jpg\",\"hash\":\"small_z4483506101816_2a45558e42828653a6261bb7dac191eb_9c043c191c\",\"ext\":\".jpg\",\"mime\":\"image/jpeg\",\"path\":null,\"width\":500,\"height\":337,\"size\":25.71,\"url\":\"/uploads/small_z4483506101816_2a45558e42828653a6261bb7dac191eb_9c043c191c.jpg\"},\"large\":{\"name\":\"large_z4483506101816_2a45558e42828653a6261bb7dac191eb.jpg\",\"hash\":\"large_z4483506101816_2a45558e42828653a6261bb7dac191eb_9c043c191c\",\"ext\":\".jpg\",\"mime\":\"image/jpeg\",\"path\":null,\"width\":1000,\"height\":674,\"size\":75.12,\"url\":\"/uploads/large_z4483506101816_2a45558e42828653a6261bb7dac191eb_9c043c191c.jpg\"}}','z4483506101816_2a45558e42828653a6261bb7dac191eb_9c043c191c','.jpg','image/jpeg',319.19,'/uploads/z4483506101816_2a45558e42828653a6261bb7dac191eb_9c043c191c.jpg',NULL,'local',NULL,'/','2023-07-03 03:44:18.493000','2023-07-03 03:44:18.493000',1,1),(163,'z4483505779521_c9ff69c1f198fdf79fc45b97a5eaec78.jpg',NULL,NULL,4051,2384,'{\"thumbnail\":{\"name\":\"thumbnail_z4483505779521_c9ff69c1f198fdf79fc45b97a5eaec78.jpg\",\"hash\":\"thumbnail_z4483505779521_c9ff69c1f198fdf79fc45b97a5eaec78_bf4b356faa\",\"ext\":\".jpg\",\"mime\":\"image/jpeg\",\"path\":null,\"width\":245,\"height\":144,\"size\":4.29,\"url\":\"/uploads/thumbnail_z4483505779521_c9ff69c1f198fdf79fc45b97a5eaec78_bf4b356faa.jpg\"},\"large\":{\"name\":\"large_z4483505779521_c9ff69c1f198fdf79fc45b97a5eaec78.jpg\",\"hash\":\"large_z4483505779521_c9ff69c1f198fdf79fc45b97a5eaec78_bf4b356faa\",\"ext\":\".jpg\",\"mime\":\"image/jpeg\",\"path\":null,\"width\":1000,\"height\":589,\"size\":23.24,\"url\":\"/uploads/large_z4483505779521_c9ff69c1f198fdf79fc45b97a5eaec78_bf4b356faa.jpg\"},\"medium\":{\"name\":\"medium_z4483505779521_c9ff69c1f198fdf79fc45b97a5eaec78.jpg\",\"hash\":\"medium_z4483505779521_c9ff69c1f198fdf79fc45b97a5eaec78_bf4b356faa\",\"ext\":\".jpg\",\"mime\":\"image/jpeg\",\"path\":null,\"width\":750,\"height\":442,\"size\":16.47,\"url\":\"/uploads/medium_z4483505779521_c9ff69c1f198fdf79fc45b97a5eaec78_bf4b356faa.jpg\"},\"small\":{\"name\":\"small_z4483505779521_c9ff69c1f198fdf79fc45b97a5eaec78.jpg\",\"hash\":\"small_z4483505779521_c9ff69c1f198fdf79fc45b97a5eaec78_bf4b356faa\",\"ext\":\".jpg\",\"mime\":\"image/jpeg\",\"path\":null,\"width\":500,\"height\":294,\"size\":9.97,\"url\":\"/uploads/small_z4483505779521_c9ff69c1f198fdf79fc45b97a5eaec78_bf4b356faa.jpg\"}}','z4483505779521_c9ff69c1f198fdf79fc45b97a5eaec78_bf4b356faa','.jpg','image/jpeg',130.64,'/uploads/z4483505779521_c9ff69c1f198fdf79fc45b97a5eaec78_bf4b356faa.jpg',NULL,'local',NULL,'/','2023-07-03 03:44:55.710000','2023-07-03 03:44:55.710000',1,1),(164,'z4483506101816_2a45558e42828653a6261bb7dac191eb.jpg',NULL,NULL,2568,1732,'{\"thumbnail\":{\"name\":\"thumbnail_z4483506101816_2a45558e42828653a6261bb7dac191eb.jpg\",\"hash\":\"thumbnail_z4483506101816_2a45558e42828653a6261bb7dac191eb_014adf9149\",\"ext\":\".jpg\",\"mime\":\"image/jpeg\",\"path\":null,\"width\":232,\"height\":156,\"size\":8.04,\"url\":\"/uploads/thumbnail_z4483506101816_2a45558e42828653a6261bb7dac191eb_014adf9149.jpg\"},\"medium\":{\"name\":\"medium_z4483506101816_2a45558e42828653a6261bb7dac191eb.jpg\",\"hash\":\"medium_z4483506101816_2a45558e42828653a6261bb7dac191eb_014adf9149\",\"ext\":\".jpg\",\"mime\":\"image/jpeg\",\"path\":null,\"width\":750,\"height\":506,\"size\":48.53,\"url\":\"/uploads/medium_z4483506101816_2a45558e42828653a6261bb7dac191eb_014adf9149.jpg\"},\"small\":{\"name\":\"small_z4483506101816_2a45558e42828653a6261bb7dac191eb.jpg\",\"hash\":\"small_z4483506101816_2a45558e42828653a6261bb7dac191eb_014adf9149\",\"ext\":\".jpg\",\"mime\":\"image/jpeg\",\"path\":null,\"width\":500,\"height\":337,\"size\":25.71,\"url\":\"/uploads/small_z4483506101816_2a45558e42828653a6261bb7dac191eb_014adf9149.jpg\"},\"large\":{\"name\":\"large_z4483506101816_2a45558e42828653a6261bb7dac191eb.jpg\",\"hash\":\"large_z4483506101816_2a45558e42828653a6261bb7dac191eb_014adf9149\",\"ext\":\".jpg\",\"mime\":\"image/jpeg\",\"path\":null,\"width\":1000,\"height\":674,\"size\":75.12,\"url\":\"/uploads/large_z4483506101816_2a45558e42828653a6261bb7dac191eb_014adf9149.jpg\"}}','z4483506101816_2a45558e42828653a6261bb7dac191eb_014adf9149','.jpg','image/jpeg',319.19,'/uploads/z4483506101816_2a45558e42828653a6261bb7dac191eb_014adf9149.jpg',NULL,'local',NULL,'/','2023-07-03 03:45:20.883000','2023-07-03 03:45:20.883000',1,1),(165,'z4483505779521_c9ff69c1f198fdf79fc45b97a5eaec78.jpg',NULL,NULL,4051,2384,'{\"thumbnail\":{\"name\":\"thumbnail_z4483505779521_c9ff69c1f198fdf79fc45b97a5eaec78.jpg\",\"hash\":\"thumbnail_z4483505779521_c9ff69c1f198fdf79fc45b97a5eaec78_e6cb1a4e62\",\"ext\":\".jpg\",\"mime\":\"image/jpeg\",\"path\":null,\"width\":245,\"height\":144,\"size\":4.29,\"url\":\"/uploads/thumbnail_z4483505779521_c9ff69c1f198fdf79fc45b97a5eaec78_e6cb1a4e62.jpg\"},\"large\":{\"name\":\"large_z4483505779521_c9ff69c1f198fdf79fc45b97a5eaec78.jpg\",\"hash\":\"large_z4483505779521_c9ff69c1f198fdf79fc45b97a5eaec78_e6cb1a4e62\",\"ext\":\".jpg\",\"mime\":\"image/jpeg\",\"path\":null,\"width\":1000,\"height\":589,\"size\":23.24,\"url\":\"/uploads/large_z4483505779521_c9ff69c1f198fdf79fc45b97a5eaec78_e6cb1a4e62.jpg\"},\"medium\":{\"name\":\"medium_z4483505779521_c9ff69c1f198fdf79fc45b97a5eaec78.jpg\",\"hash\":\"medium_z4483505779521_c9ff69c1f198fdf79fc45b97a5eaec78_e6cb1a4e62\",\"ext\":\".jpg\",\"mime\":\"image/jpeg\",\"path\":null,\"width\":750,\"height\":442,\"size\":16.47,\"url\":\"/uploads/medium_z4483505779521_c9ff69c1f198fdf79fc45b97a5eaec78_e6cb1a4e62.jpg\"},\"small\":{\"name\":\"small_z4483505779521_c9ff69c1f198fdf79fc45b97a5eaec78.jpg\",\"hash\":\"small_z4483505779521_c9ff69c1f198fdf79fc45b97a5eaec78_e6cb1a4e62\",\"ext\":\".jpg\",\"mime\":\"image/jpeg\",\"path\":null,\"width\":500,\"height\":294,\"size\":9.97,\"url\":\"/uploads/small_z4483505779521_c9ff69c1f198fdf79fc45b97a5eaec78_e6cb1a4e62.jpg\"}}','z4483505779521_c9ff69c1f198fdf79fc45b97a5eaec78_e6cb1a4e62','.jpg','image/jpeg',130.64,'/uploads/z4483505779521_c9ff69c1f198fdf79fc45b97a5eaec78_e6cb1a4e62.jpg',NULL,'local',NULL,'/','2023-07-03 03:45:30.419000','2023-07-03 03:45:30.419000',1,1),(166,'z4483506101816_2a45558e42828653a6261bb7dac191eb.jpg',NULL,NULL,2568,1732,'{\"thumbnail\":{\"name\":\"thumbnail_z4483506101816_2a45558e42828653a6261bb7dac191eb.jpg\",\"hash\":\"thumbnail_z4483506101816_2a45558e42828653a6261bb7dac191eb_b0a42680d7\",\"ext\":\".jpg\",\"mime\":\"image/jpeg\",\"path\":null,\"width\":232,\"height\":156,\"size\":8.04,\"url\":\"/uploads/thumbnail_z4483506101816_2a45558e42828653a6261bb7dac191eb_b0a42680d7.jpg\"},\"medium\":{\"name\":\"medium_z4483506101816_2a45558e42828653a6261bb7dac191eb.jpg\",\"hash\":\"medium_z4483506101816_2a45558e42828653a6261bb7dac191eb_b0a42680d7\",\"ext\":\".jpg\",\"mime\":\"image/jpeg\",\"path\":null,\"width\":750,\"height\":506,\"size\":48.53,\"url\":\"/uploads/medium_z4483506101816_2a45558e42828653a6261bb7dac191eb_b0a42680d7.jpg\"},\"small\":{\"name\":\"small_z4483506101816_2a45558e42828653a6261bb7dac191eb.jpg\",\"hash\":\"small_z4483506101816_2a45558e42828653a6261bb7dac191eb_b0a42680d7\",\"ext\":\".jpg\",\"mime\":\"image/jpeg\",\"path\":null,\"width\":500,\"height\":337,\"size\":25.71,\"url\":\"/uploads/small_z4483506101816_2a45558e42828653a6261bb7dac191eb_b0a42680d7.jpg\"},\"large\":{\"name\":\"large_z4483506101816_2a45558e42828653a6261bb7dac191eb.jpg\",\"hash\":\"large_z4483506101816_2a45558e42828653a6261bb7dac191eb_b0a42680d7\",\"ext\":\".jpg\",\"mime\":\"image/jpeg\",\"path\":null,\"width\":1000,\"height\":674,\"size\":75.12,\"url\":\"/uploads/large_z4483506101816_2a45558e42828653a6261bb7dac191eb_b0a42680d7.jpg\"}}','z4483506101816_2a45558e42828653a6261bb7dac191eb_b0a42680d7','.jpg','image/jpeg',319.19,'/uploads/z4483506101816_2a45558e42828653a6261bb7dac191eb_b0a42680d7.jpg',NULL,'local',NULL,'/','2023-07-03 03:46:34.964000','2023-07-03 03:46:34.964000',1,1),(167,'z4483582146639_5f151bf0c8bdcc61d56a500cdaa26661.jpg',NULL,NULL,1920,648,'{\"thumbnail\":{\"name\":\"thumbnail_z4483582146639_5f151bf0c8bdcc61d56a500cdaa26661.jpg\",\"hash\":\"thumbnail_z4483582146639_5f151bf0c8bdcc61d56a500cdaa26661_00059fac30\",\"ext\":\".jpg\",\"mime\":\"image/jpeg\",\"path\":null,\"width\":245,\"height\":83,\"size\":7.23,\"url\":\"/uploads/thumbnail_z4483582146639_5f151bf0c8bdcc61d56a500cdaa26661_00059fac30.jpg\"},\"medium\":{\"name\":\"medium_z4483582146639_5f151bf0c8bdcc61d56a500cdaa26661.jpg\",\"hash\":\"medium_z4483582146639_5f151bf0c8bdcc61d56a500cdaa26661_00059fac30\",\"ext\":\".jpg\",\"mime\":\"image/jpeg\",\"path\":null,\"width\":750,\"height\":253,\"size\":46.32,\"url\":\"/uploads/medium_z4483582146639_5f151bf0c8bdcc61d56a500cdaa26661_00059fac30.jpg\"},\"small\":{\"name\":\"small_z4483582146639_5f151bf0c8bdcc61d56a500cdaa26661.jpg\",\"hash\":\"small_z4483582146639_5f151bf0c8bdcc61d56a500cdaa26661_00059fac30\",\"ext\":\".jpg\",\"mime\":\"image/jpeg\",\"path\":null,\"width\":500,\"height\":169,\"size\":23.56,\"url\":\"/uploads/small_z4483582146639_5f151bf0c8bdcc61d56a500cdaa26661_00059fac30.jpg\"},\"large\":{\"name\":\"large_z4483582146639_5f151bf0c8bdcc61d56a500cdaa26661.jpg\",\"hash\":\"large_z4483582146639_5f151bf0c8bdcc61d56a500cdaa26661_00059fac30\",\"ext\":\".jpg\",\"mime\":\"image/jpeg\",\"path\":null,\"width\":1000,\"height\":338,\"size\":74.54,\"url\":\"/uploads/large_z4483582146639_5f151bf0c8bdcc61d56a500cdaa26661_00059fac30.jpg\"}}','z4483582146639_5f151bf0c8bdcc61d56a500cdaa26661_00059fac30','.jpg','image/jpeg',232.00,'/uploads/z4483582146639_5f151bf0c8bdcc61d56a500cdaa26661_00059fac30.jpg',NULL,'local',NULL,'/','2023-07-03 04:01:04.138000','2023-07-03 04:01:04.138000',1,1),(168,'z4483585341883_92e793edd0f02b97e0150099fc6825ca.jpg',NULL,NULL,1920,604,'{\"thumbnail\":{\"name\":\"thumbnail_z4483585341883_92e793edd0f02b97e0150099fc6825ca.jpg\",\"hash\":\"thumbnail_z4483585341883_92e793edd0f02b97e0150099fc6825ca_a399eee1e7\",\"ext\":\".jpg\",\"mime\":\"image/jpeg\",\"path\":null,\"width\":245,\"height\":77,\"size\":6.42,\"url\":\"/uploads/thumbnail_z4483585341883_92e793edd0f02b97e0150099fc6825ca_a399eee1e7.jpg\"},\"medium\":{\"name\":\"medium_z4483585341883_92e793edd0f02b97e0150099fc6825ca.jpg\",\"hash\":\"medium_z4483585341883_92e793edd0f02b97e0150099fc6825ca_a399eee1e7\",\"ext\":\".jpg\",\"mime\":\"image/jpeg\",\"path\":null,\"width\":750,\"height\":236,\"size\":41.63,\"url\":\"/uploads/medium_z4483585341883_92e793edd0f02b97e0150099fc6825ca_a399eee1e7.jpg\"},\"small\":{\"name\":\"small_z4483585341883_92e793edd0f02b97e0150099fc6825ca.jpg\",\"hash\":\"small_z4483585341883_92e793edd0f02b97e0150099fc6825ca_a399eee1e7\",\"ext\":\".jpg\",\"mime\":\"image/jpeg\",\"path\":null,\"width\":500,\"height\":157,\"size\":20.89,\"url\":\"/uploads/small_z4483585341883_92e793edd0f02b97e0150099fc6825ca_a399eee1e7.jpg\"},\"large\":{\"name\":\"large_z4483585341883_92e793edd0f02b97e0150099fc6825ca.jpg\",\"hash\":\"large_z4483585341883_92e793edd0f02b97e0150099fc6825ca_a399eee1e7\",\"ext\":\".jpg\",\"mime\":\"image/jpeg\",\"path\":null,\"width\":1000,\"height\":315,\"size\":66.98,\"url\":\"/uploads/large_z4483585341883_92e793edd0f02b97e0150099fc6825ca_a399eee1e7.jpg\"}}','z4483585341883_92e793edd0f02b97e0150099fc6825ca_a399eee1e7','.jpg','image/jpeg',211.96,'/uploads/z4483585341883_92e793edd0f02b97e0150099fc6825ca_a399eee1e7.jpg',NULL,'local',NULL,'/','2023-07-03 04:01:58.037000','2023-07-03 04:01:58.037000',1,1),(169,'z4483585341883_92e793edd0f02b97e0150099fc6825ca.jpg',NULL,NULL,1920,604,'{\"thumbnail\":{\"name\":\"thumbnail_z4483585341883_92e793edd0f02b97e0150099fc6825ca.jpg\",\"hash\":\"thumbnail_z4483585341883_92e793edd0f02b97e0150099fc6825ca_cd924cbc2a\",\"ext\":\".jpg\",\"mime\":\"image/jpeg\",\"path\":null,\"width\":245,\"height\":77,\"size\":6.42,\"url\":\"/uploads/thumbnail_z4483585341883_92e793edd0f02b97e0150099fc6825ca_cd924cbc2a.jpg\"},\"medium\":{\"name\":\"medium_z4483585341883_92e793edd0f02b97e0150099fc6825ca.jpg\",\"hash\":\"medium_z4483585341883_92e793edd0f02b97e0150099fc6825ca_cd924cbc2a\",\"ext\":\".jpg\",\"mime\":\"image/jpeg\",\"path\":null,\"width\":750,\"height\":236,\"size\":41.63,\"url\":\"/uploads/medium_z4483585341883_92e793edd0f02b97e0150099fc6825ca_cd924cbc2a.jpg\"},\"small\":{\"name\":\"small_z4483585341883_92e793edd0f02b97e0150099fc6825ca.jpg\",\"hash\":\"small_z4483585341883_92e793edd0f02b97e0150099fc6825ca_cd924cbc2a\",\"ext\":\".jpg\",\"mime\":\"image/jpeg\",\"path\":null,\"width\":500,\"height\":157,\"size\":20.89,\"url\":\"/uploads/small_z4483585341883_92e793edd0f02b97e0150099fc6825ca_cd924cbc2a.jpg\"},\"large\":{\"name\":\"large_z4483585341883_92e793edd0f02b97e0150099fc6825ca.jpg\",\"hash\":\"large_z4483585341883_92e793edd0f02b97e0150099fc6825ca_cd924cbc2a\",\"ext\":\".jpg\",\"mime\":\"image/jpeg\",\"path\":null,\"width\":1000,\"height\":315,\"size\":66.98,\"url\":\"/uploads/large_z4483585341883_92e793edd0f02b97e0150099fc6825ca_cd924cbc2a.jpg\"}}','z4483585341883_92e793edd0f02b97e0150099fc6825ca_cd924cbc2a','.jpg','image/jpeg',211.96,'/uploads/z4483585341883_92e793edd0f02b97e0150099fc6825ca_cd924cbc2a.jpg',NULL,'local',NULL,'/','2023-07-03 04:02:33.107000','2023-07-03 04:02:33.107000',1,1),(170,'z4469973854789_eb7023806fe8c4852ac8092b3cac3876.jpg',NULL,NULL,1919,934,'{\"thumbnail\":{\"name\":\"thumbnail_z4469973854789_eb7023806fe8c4852ac8092b3cac3876.jpg\",\"hash\":\"thumbnail_z4469973854789_eb7023806fe8c4852ac8092b3cac3876_26fbc1cbc5\",\"ext\":\".jpg\",\"mime\":\"image/jpeg\",\"path\":null,\"width\":245,\"height\":119,\"size\":6.31,\"url\":\"/uploads/thumbnail_z4469973854789_eb7023806fe8c4852ac8092b3cac3876_26fbc1cbc5.jpg\"},\"medium\":{\"name\":\"medium_z4469973854789_eb7023806fe8c4852ac8092b3cac3876.jpg\",\"hash\":\"medium_z4469973854789_eb7023806fe8c4852ac8092b3cac3876_26fbc1cbc5\",\"ext\":\".jpg\",\"mime\":\"image/jpeg\",\"path\":null,\"width\":750,\"height\":365,\"size\":44.2,\"url\":\"/uploads/medium_z4469973854789_eb7023806fe8c4852ac8092b3cac3876_26fbc1cbc5.jpg\"},\"small\":{\"name\":\"small_z4469973854789_eb7023806fe8c4852ac8092b3cac3876.jpg\",\"hash\":\"small_z4469973854789_eb7023806fe8c4852ac8092b3cac3876_26fbc1cbc5\",\"ext\":\".jpg\",\"mime\":\"image/jpeg\",\"path\":null,\"width\":500,\"height\":243,\"size\":21.33,\"url\":\"/uploads/small_z4469973854789_eb7023806fe8c4852ac8092b3cac3876_26fbc1cbc5.jpg\"},\"large\":{\"name\":\"large_z4469973854789_eb7023806fe8c4852ac8092b3cac3876.jpg\",\"hash\":\"large_z4469973854789_eb7023806fe8c4852ac8092b3cac3876_26fbc1cbc5\",\"ext\":\".jpg\",\"mime\":\"image/jpeg\",\"path\":null,\"width\":1000,\"height\":487,\"size\":72.97,\"url\":\"/uploads/large_z4469973854789_eb7023806fe8c4852ac8092b3cac3876_26fbc1cbc5.jpg\"}}','z4469973854789_eb7023806fe8c4852ac8092b3cac3876_26fbc1cbc5','.jpg','image/jpeg',248.78,'/uploads/z4469973854789_eb7023806fe8c4852ac8092b3cac3876_26fbc1cbc5.jpg',NULL,'local',NULL,'/','2023-07-03 04:03:25.172000','2023-07-03 04:03:25.172000',1,1),(171,'z4469973854789_eb7023806fe8c4852ac8092b3cac3876 (3).jpg',NULL,NULL,1919,934,'{\"thumbnail\":{\"name\":\"thumbnail_z4469973854789_eb7023806fe8c4852ac8092b3cac3876 (3).jpg\",\"hash\":\"thumbnail_z4469973854789_eb7023806fe8c4852ac8092b3cac3876_3_91c44bf14d\",\"ext\":\".jpg\",\"mime\":\"image/jpeg\",\"path\":null,\"width\":245,\"height\":119,\"size\":6.29,\"url\":\"/uploads/thumbnail_z4469973854789_eb7023806fe8c4852ac8092b3cac3876_3_91c44bf14d.jpg\"},\"medium\":{\"name\":\"medium_z4469973854789_eb7023806fe8c4852ac8092b3cac3876 (3).jpg\",\"hash\":\"medium_z4469973854789_eb7023806fe8c4852ac8092b3cac3876_3_91c44bf14d\",\"ext\":\".jpg\",\"mime\":\"image/jpeg\",\"path\":null,\"width\":750,\"height\":365,\"size\":43.85,\"url\":\"/uploads/medium_z4469973854789_eb7023806fe8c4852ac8092b3cac3876_3_91c44bf14d.jpg\"},\"small\":{\"name\":\"small_z4469973854789_eb7023806fe8c4852ac8092b3cac3876 (3).jpg\",\"hash\":\"small_z4469973854789_eb7023806fe8c4852ac8092b3cac3876_3_91c44bf14d\",\"ext\":\".jpg\",\"mime\":\"image/jpeg\",\"path\":null,\"width\":500,\"height\":243,\"size\":21.19,\"url\":\"/uploads/small_z4469973854789_eb7023806fe8c4852ac8092b3cac3876_3_91c44bf14d.jpg\"},\"large\":{\"name\":\"large_z4469973854789_eb7023806fe8c4852ac8092b3cac3876 (3).jpg\",\"hash\":\"large_z4469973854789_eb7023806fe8c4852ac8092b3cac3876_3_91c44bf14d\",\"ext\":\".jpg\",\"mime\":\"image/jpeg\",\"path\":null,\"width\":1000,\"height\":487,\"size\":72.34,\"url\":\"/uploads/large_z4469973854789_eb7023806fe8c4852ac8092b3cac3876_3_91c44bf14d.jpg\"}}','z4469973854789_eb7023806fe8c4852ac8092b3cac3876_3_91c44bf14d','.jpg','image/jpeg',243.34,'/uploads/z4469973854789_eb7023806fe8c4852ac8092b3cac3876_3_91c44bf14d.jpg',NULL,'local',NULL,'/','2023-07-03 04:05:56.943000','2023-07-03 04:05:56.943000',1,1),(172,'z4483603959155_72a219a404b65983ca51fdc3b8fd5f18.jpg',NULL,NULL,4095,2303,'{\"thumbnail\":{\"name\":\"thumbnail_z4483603959155_72a219a404b65983ca51fdc3b8fd5f18.jpg\",\"hash\":\"thumbnail_z4483603959155_72a219a404b65983ca51fdc3b8fd5f18_e542cc50f2\",\"ext\":\".jpg\",\"mime\":\"image/jpeg\",\"path\":null,\"width\":245,\"height\":138,\"size\":8.43,\"url\":\"/uploads/thumbnail_z4483603959155_72a219a404b65983ca51fdc3b8fd5f18_e542cc50f2.jpg\"},\"small\":{\"name\":\"small_z4483603959155_72a219a404b65983ca51fdc3b8fd5f18.jpg\",\"hash\":\"small_z4483603959155_72a219a404b65983ca51fdc3b8fd5f18_e542cc50f2\",\"ext\":\".jpg\",\"mime\":\"image/jpeg\",\"path\":null,\"width\":500,\"height\":281,\"size\":28.81,\"url\":\"/uploads/small_z4483603959155_72a219a404b65983ca51fdc3b8fd5f18_e542cc50f2.jpg\"},\"medium\":{\"name\":\"medium_z4483603959155_72a219a404b65983ca51fdc3b8fd5f18.jpg\",\"hash\":\"medium_z4483603959155_72a219a404b65983ca51fdc3b8fd5f18_e542cc50f2\",\"ext\":\".jpg\",\"mime\":\"image/jpeg\",\"path\":null,\"width\":750,\"height\":422,\"size\":57.14,\"url\":\"/uploads/medium_z4483603959155_72a219a404b65983ca51fdc3b8fd5f18_e542cc50f2.jpg\"},\"large\":{\"name\":\"large_z4483603959155_72a219a404b65983ca51fdc3b8fd5f18.jpg\",\"hash\":\"large_z4483603959155_72a219a404b65983ca51fdc3b8fd5f18_e542cc50f2\",\"ext\":\".jpg\",\"mime\":\"image/jpeg\",\"path\":null,\"width\":1000,\"height\":562,\"size\":95.51,\"url\":\"/uploads/large_z4483603959155_72a219a404b65983ca51fdc3b8fd5f18_e542cc50f2.jpg\"}}','z4483603959155_72a219a404b65983ca51fdc3b8fd5f18_e542cc50f2','.jpg','image/jpeg',997.92,'/uploads/z4483603959155_72a219a404b65983ca51fdc3b8fd5f18_e542cc50f2.jpg',NULL,'local',NULL,'/','2023-07-03 04:07:28.222000','2023-07-03 04:07:28.222000',1,1),(173,'z4483612836768_9847138e09e03a56048674cc040c70ba.jpg',NULL,NULL,1589,832,'{\"thumbnail\":{\"name\":\"thumbnail_z4483612836768_9847138e09e03a56048674cc040c70ba.jpg\",\"hash\":\"thumbnail_z4483612836768_9847138e09e03a56048674cc040c70ba_55d1383737\",\"ext\":\".jpg\",\"mime\":\"image/jpeg\",\"path\":null,\"width\":245,\"height\":128,\"size\":7.57,\"url\":\"/uploads/thumbnail_z4483612836768_9847138e09e03a56048674cc040c70ba_55d1383737.jpg\"},\"medium\":{\"name\":\"medium_z4483612836768_9847138e09e03a56048674cc040c70ba.jpg\",\"hash\":\"medium_z4483612836768_9847138e09e03a56048674cc040c70ba_55d1383737\",\"ext\":\".jpg\",\"mime\":\"image/jpeg\",\"path\":null,\"width\":750,\"height\":393,\"size\":53.5,\"url\":\"/uploads/medium_z4483612836768_9847138e09e03a56048674cc040c70ba_55d1383737.jpg\"},\"small\":{\"name\":\"small_z4483612836768_9847138e09e03a56048674cc040c70ba.jpg\",\"hash\":\"small_z4483612836768_9847138e09e03a56048674cc040c70ba_55d1383737\",\"ext\":\".jpg\",\"mime\":\"image/jpeg\",\"path\":null,\"width\":500,\"height\":262,\"size\":26.23,\"url\":\"/uploads/small_z4483612836768_9847138e09e03a56048674cc040c70ba_55d1383737.jpg\"},\"large\":{\"name\":\"large_z4483612836768_9847138e09e03a56048674cc040c70ba.jpg\",\"hash\":\"large_z4483612836768_9847138e09e03a56048674cc040c70ba_55d1383737\",\"ext\":\".jpg\",\"mime\":\"image/jpeg\",\"path\":null,\"width\":1000,\"height\":524,\"size\":88.83,\"url\":\"/uploads/large_z4483612836768_9847138e09e03a56048674cc040c70ba_55d1383737.jpg\"}}','z4483612836768_9847138e09e03a56048674cc040c70ba_55d1383737','.jpg','image/jpeg',206.46,'/uploads/z4483612836768_9847138e09e03a56048674cc040c70ba_55d1383737.jpg',NULL,'local',NULL,'/','2023-07-03 04:10:05.693000','2023-07-03 04:10:05.693000',1,1),(174,'z4483612836768_9847138e09e03a56048674cc040c70ba.jpg',NULL,NULL,1589,832,'{\"thumbnail\":{\"name\":\"thumbnail_z4483612836768_9847138e09e03a56048674cc040c70ba.jpg\",\"hash\":\"thumbnail_z4483612836768_9847138e09e03a56048674cc040c70ba_d48ca94867\",\"ext\":\".jpg\",\"mime\":\"image/jpeg\",\"path\":null,\"width\":245,\"height\":128,\"size\":7.57,\"url\":\"/uploads/thumbnail_z4483612836768_9847138e09e03a56048674cc040c70ba_d48ca94867.jpg\"},\"medium\":{\"name\":\"medium_z4483612836768_9847138e09e03a56048674cc040c70ba.jpg\",\"hash\":\"medium_z4483612836768_9847138e09e03a56048674cc040c70ba_d48ca94867\",\"ext\":\".jpg\",\"mime\":\"image/jpeg\",\"path\":null,\"width\":750,\"height\":393,\"size\":53.5,\"url\":\"/uploads/medium_z4483612836768_9847138e09e03a56048674cc040c70ba_d48ca94867.jpg\"},\"small\":{\"name\":\"small_z4483612836768_9847138e09e03a56048674cc040c70ba.jpg\",\"hash\":\"small_z4483612836768_9847138e09e03a56048674cc040c70ba_d48ca94867\",\"ext\":\".jpg\",\"mime\":\"image/jpeg\",\"path\":null,\"width\":500,\"height\":262,\"size\":26.23,\"url\":\"/uploads/small_z4483612836768_9847138e09e03a56048674cc040c70ba_d48ca94867.jpg\"},\"large\":{\"name\":\"large_z4483612836768_9847138e09e03a56048674cc040c70ba.jpg\",\"hash\":\"large_z4483612836768_9847138e09e03a56048674cc040c70ba_d48ca94867\",\"ext\":\".jpg\",\"mime\":\"image/jpeg\",\"path\":null,\"width\":1000,\"height\":524,\"size\":88.83,\"url\":\"/uploads/large_z4483612836768_9847138e09e03a56048674cc040c70ba_d48ca94867.jpg\"}}','z4483612836768_9847138e09e03a56048674cc040c70ba_d48ca94867','.jpg','image/jpeg',206.46,'/uploads/z4483612836768_9847138e09e03a56048674cc040c70ba_d48ca94867.jpg',NULL,'local',NULL,'/','2023-07-03 04:11:04.527000','2023-07-03 04:11:04.527000',1,1),(175,'Thm tiu  (3).png',NULL,NULL,1600,900,'{\"thumbnail\":{\"name\":\"thumbnail_Thm tiu  (3).png\",\"hash\":\"thumbnail_Them_tieu_de_3_af0cdcaea8\",\"ext\":\".png\",\"mime\":\"image/png\",\"path\":null,\"width\":245,\"height\":138,\"size\":49.67,\"url\":\"/uploads/thumbnail_Them_tieu_de_3_af0cdcaea8.png\"},\"small\":{\"name\":\"small_Thm tiu  (3).png\",\"hash\":\"small_Them_tieu_de_3_af0cdcaea8\",\"ext\":\".png\",\"mime\":\"image/png\",\"path\":null,\"width\":500,\"height\":281,\"size\":163.67,\"url\":\"/uploads/small_Them_tieu_de_3_af0cdcaea8.png\"},\"medium\":{\"name\":\"medium_Thm tiu  (3).png\",\"hash\":\"medium_Them_tieu_de_3_af0cdcaea8\",\"ext\":\".png\",\"mime\":\"image/png\",\"path\":null,\"width\":750,\"height\":422,\"size\":333.97,\"url\":\"/uploads/medium_Them_tieu_de_3_af0cdcaea8.png\"},\"large\":{\"name\":\"large_Thm tiu  (3).png\",\"hash\":\"large_Them_tieu_de_3_af0cdcaea8\",\"ext\":\".png\",\"mime\":\"image/png\",\"path\":null,\"width\":1000,\"height\":563,\"size\":564.35,\"url\":\"/uploads/large_Them_tieu_de_3_af0cdcaea8.png\"}}','Them_tieu_de_3_af0cdcaea8','.png','image/png',260.78,'/uploads/Them_tieu_de_3_af0cdcaea8.png',NULL,'local',NULL,'/','2023-07-05 06:45:58.197000','2023-07-23 05:43:13.231000',1,1);
/*!40000 ALTER TABLE `files` ENABLE KEYS */;
UNLOCK TABLES;

--
-- Table structure for table `files_folder_links`
--

DROP TABLE IF EXISTS `files_folder_links`;
/*!40101 SET @saved_cs_client     = @@character_set_client */;
/*!40101 SET character_set_client = utf8 */;
CREATE TABLE `files_folder_links` (
  `id` int(10) unsigned NOT NULL AUTO_INCREMENT,
  `file_id` int(10) unsigned DEFAULT NULL,
  `folder_id` int(10) unsigned DEFAULT NULL,
  `file_order` double unsigned DEFAULT NULL,
  PRIMARY KEY (`id`),
  UNIQUE KEY `files_folder_links_unique` (`file_id`,`folder_id`),
  KEY `files_folder_links_fk` (`file_id`),
  KEY `files_folder_links_inv_fk` (`folder_id`),
  KEY `files_folder_links_order_inv_fk` (`file_order`),
  CONSTRAINT `files_folder_links_fk` FOREIGN KEY (`file_id`) REFERENCES `files` (`id`) ON DELETE CASCADE,
  CONSTRAINT `files_folder_links_inv_fk` FOREIGN KEY (`folder_id`) REFERENCES `upload_folders` (`id`) ON DELETE CASCADE
) ENGINE=InnoDB DEFAULT CHARSET=utf8mb4 COLLATE=utf8mb4_general_ci;
/*!40101 SET character_set_client = @saved_cs_client */;

--
-- Dumping data for table `files_folder_links`
--

LOCK TABLES `files_folder_links` WRITE;
/*!40000 ALTER TABLE `files_folder_links` DISABLE KEYS */;
/*!40000 ALTER TABLE `files_folder_links` ENABLE KEYS */;
UNLOCK TABLES;

--
-- Table structure for table `files_related_morphs`
--

DROP TABLE IF EXISTS `files_related_morphs`;
/*!40101 SET @saved_cs_client     = @@character_set_client */;
/*!40101 SET character_set_client = utf8 */;
CREATE TABLE `files_related_morphs` (
  `id` int(10) unsigned NOT NULL AUTO_INCREMENT,
  `file_id` int(10) unsigned DEFAULT NULL,
  `related_id` int(10) unsigned DEFAULT NULL,
  `related_type` varchar(255) DEFAULT NULL,
  `field` varchar(255) DEFAULT NULL,
  `order` double unsigned DEFAULT NULL,
  PRIMARY KEY (`id`),
  KEY `files_related_morphs_fk` (`file_id`),
  KEY `files_related_morphs_order_index` (`order`),
  KEY `files_related_morphs_id_column_index` (`related_id`),
  CONSTRAINT `files_related_morphs_fk` FOREIGN KEY (`file_id`) REFERENCES `files` (`id`) ON DELETE CASCADE
) ENGINE=InnoDB AUTO_INCREMENT=5258 DEFAULT CHARSET=utf8mb4 COLLATE=utf8mb4_general_ci;
/*!40101 SET character_set_client = @saved_cs_client */;

--
-- Dumping data for table `files_related_morphs`
--

LOCK TABLES `files_related_morphs` WRITE;
/*!40000 ALTER TABLE `files_related_morphs` DISABLE KEYS */;
INSERT INTO `files_related_morphs` VALUES (4,1,1,'banner-list.banner-list','Media',1),(5,2,2,'banner-list.banner-list','Media',1),(6,3,3,'banner-list.banner-list','Media',1),(28,5,1,'feature.feature','image',1),(29,7,3,'feature.feature','image',1),(30,7,4,'feature.feature','image',1),(31,4,5,'feature.feature','image',1),(48,5,2,'feature.feature','image',1),(49,7,6,'feature.feature','image',1),(50,6,7,'feature.feature','image',1),(51,4,8,'feature.feature','image',1),(57,5,2,'feature.feature','icon',1),(58,7,6,'feature.feature','icon',1),(59,6,7,'feature.feature','icon',1),(60,4,8,'feature.feature','icon',1),(280,5,9,'feature-home.feature','icon',1),(281,7,10,'feature-home.feature','icon',1),(282,6,11,'feature-home.feature','icon',1),(283,4,12,'feature-home.feature','icon',1),(284,9,1,'home-tab.home-tab','image',1),(285,8,2,'home-tab.home-tab','image',1),(286,13,1,'home-service.home-service','icon',1),(287,15,1,'home-service.home-service','background',1),(288,14,2,'home-service.home-service','icon',1),(289,15,2,'home-service.home-service','background',1),(290,10,3,'home-service.home-service','icon',1),(291,15,3,'home-service.home-service','background',1),(292,12,4,'home-service.home-service','icon',1),(293,15,4,'home-service.home-service','background',1),(294,11,5,'home-service.home-service','icon',1),(295,15,5,'home-service.home-service','background',1),(296,16,1,'home-lookup.home-lookup','background',1),(297,16,2,'home-lookup.home-lookup','background',1),(298,16,3,'home-lookup.home-lookup','background',1),(299,26,1,'home-partner.home-partner','image',1),(300,25,2,'home-partner.home-partner','image',1),(301,23,3,'home-partner.home-partner','image',1),(302,24,4,'home-partner.home-partner','image',1),(303,20,5,'home-partner.home-partner','image',1),(304,21,6,'home-partner.home-partner','image',1),(305,18,7,'home-partner.home-partner','image',1),(306,17,8,'home-partner.home-partner','image',1),(307,19,9,'home-partner.home-partner','image',1),(308,22,10,'home-partner.home-partner','image',1),(729,1,1,'api::home.home','banners',1),(730,2,1,'api::home.home','banners',2),(731,3,1,'api::home.home','banners',3),(1615,55,21,'home.feature','icon',1),(1616,56,22,'home.feature','icon',1),(1617,57,23,'home.feature','icon',1),(1618,58,24,'home.feature','icon',1),(1632,55,37,'home.feature','icon',1),(1633,56,38,'home.feature','icon',1),(1634,57,39,'home.feature','icon',1),(1635,58,40,'home.feature','icon',1),(2411,1,4,'api::home.home','banners',1),(2412,2,4,'api::home.home','banners',2),(2413,3,4,'api::home.home','banners',3),(2414,1,3,'api::home.home','banners',1),(2415,2,3,'api::home.home','banners',2),(2416,3,3,'api::home.home','banners',3),(2421,71,1,'contact.contact','icon',1),(2422,72,2,'contact.contact','icon',1),(2423,73,3,'contact.contact','icon',1),(2424,74,2,'shared.seo','metaImage',1),(2425,70,1,'api::contact.contact','banner',1),(2467,43,13,'service.information-service','info_img',1),(2468,44,13,'service.information-service','info_sub_img',1),(2469,77,35,'shared.seo','metaImage',1),(2470,85,15,'common.price-table','price_image',1),(2471,50,1,'api::custom.custom','bg_price',1),(2472,51,1,'api::custom.custom','banner',1),(2512,74,10,'api::list-new.list-new','banner',1),(2517,87,4,'api::list-new.list-new','banner',1),(2518,87,9,'api::list-new.list-new','banner',1),(2532,89,41,'shared.seo','metaImage',1),(2533,89,14,'api::news.news','featured_image',1),(2558,92,45,'shared.seo','metaImage',1),(2559,92,16,'api::news.news','featured_image',1),(2587,95,49,'shared.seo','metaImage',1),(2588,95,18,'api::news.news','featured_image',1),(2603,76,8,'shared.seo','metaImage',1),(2604,76,5,'api::news.news','featured_image',1),(2611,77,7,'shared.seo','metaImage',1),(2612,65,7,'api::news.news','featured_image',1),(2617,98,60,'shared.seo','metaImage',1),(2618,81,27,'api::news.news','featured_image',1),(2621,98,54,'shared.seo','metaImage',1),(2622,98,23,'api::news.news','featured_image',1),(2630,66,10,'api::news.news','featured_image',1),(2631,76,12,'api::news.news','featured_image',1),(2635,89,15,'api::news.news','featured_image',1),(2637,65,8,'api::news.news','featured_image',1),(2639,76,9,'api::news.news','featured_image',1),(2640,76,11,'api::news.news','featured_image',1),(2641,76,13,'api::news.news','featured_image',1),(2643,92,17,'api::news.news','featured_image',1),(2645,95,19,'api::news.news','featured_image',1),(2647,98,24,'api::news.news','featured_image',1),(2649,100,25,'api::news.news','featured_image',1),(2651,81,28,'api::news.news','featured_image',1),(2653,89,29,'api::news.news','featured_image',1),(2655,92,30,'api::news.news','featured_image',1),(2657,95,31,'api::news.news','featured_image',1),(2659,98,32,'api::news.news','featured_image',1),(2661,65,33,'api::news.news','featured_image',1),(2663,76,34,'api::news.news','featured_image',1),(2665,81,35,'api::news.news','featured_image',1),(2667,100,36,'api::news.news','featured_image',1),(2669,66,37,'api::news.news','featured_image',1),(2670,76,38,'api::news.news','featured_image',1),(2673,76,39,'api::news.news','featured_image',1),(2675,76,40,'api::news.news','featured_image',1),(2699,100,57,'shared.seo','metaImage',1),(2700,100,26,'api::news.news','featured_image',1),(2776,59,1,'introduce.core-values','image',1),(2793,59,4,'introduce.core-values','image',1),(2815,43,3,'service.information-service','info_img',1),(2816,44,3,'service.information-service','info_sub_img',1),(2817,75,4,'shared.seo','metaImage',1),(2818,85,9,'common.price-table','price_image',1),(2819,51,1,'api::endpoint-delivery.endpoint-delivery','banner',1),(2820,50,1,'api::endpoint-delivery.endpoint-delivery','bg_price',1),(3118,85,1,'api::rail-transportation.rail-transportation','international_price_table',1),(3119,86,1,'api::rail-transportation.rail-transportation','internal_price_table',1),(3129,85,2,'api::rail-transportation.rail-transportation','international_price_table',1),(3130,86,2,'api::rail-transportation.rail-transportation','internal_price_table',1),(3171,85,29,'common.price-table','price_image',1),(3172,86,30,'common.price-table','price_image',1),(3183,85,31,'common.price-table','price_image',1),(3184,86,32,'common.price-table','price_image',1),(3210,104,32,'service.feature','icon',1),(3211,105,33,'service.feature','icon',1),(3212,106,34,'service.feature','icon',1),(3213,32,72,'trucking.other-service','image',1),(3214,33,73,'trucking.other-service','image',1),(3215,34,74,'trucking.other-service','image',1),(3216,66,78,'trucking.other-service','image',1),(3217,108,103,'shared.seo','metaImage',1),(3218,86,33,'common.price-table','price_image',1),(3219,107,1,'api::rail-transportation.rail-transportation','service_image',1),(3220,108,1,'api::rail-transportation.rail-transportation','advantag_image',1),(3221,109,1,'api::rail-transportation.rail-transportation','banner',1),(3457,118,10,'air.feature','icon',1),(3458,117,11,'air.feature','icon',1),(3459,119,12,'air.feature','icon',1),(3460,85,61,'common.price-table','price_image',1),(3461,85,62,'common.price-table','price_image',1),(3462,32,115,'trucking.other-service','image',1),(3463,33,116,'trucking.other-service','image',1),(3464,46,117,'trucking.other-service','image',1),(3465,106,118,'trucking.other-service','image',1),(3466,121,112,'shared.seo','metaImage',1),(3467,116,1,'api::air-transport.air-transport','banner',1),(3468,120,1,'api::air-transport.air-transport','domestic_image',1),(3469,121,1,'api::air-transport.air-transport','international_image',1),(3639,43,14,'service.information-service','info_img',1),(3640,44,14,'service.information-service','info_sub_img',1),(3641,75,93,'shared.seo','metaImage',1),(3642,85,16,'common.price-table','price_image',1),(3643,51,2,'api::endpoint-delivery.endpoint-delivery','banner',1),(3644,50,2,'api::endpoint-delivery.endpoint-delivery','bg_price',1),(3658,71,10,'contact.contact','icon',1),(3659,72,11,'contact.contact','icon',1),(3660,73,12,'contact.contact','icon',1),(3661,74,34,'shared.seo','metaImage',1),(3662,70,2,'api::contact.contact','banner',1),(3663,43,9,'service.information-service','info_img',1),(3664,44,9,'service.information-service','info_sub_img',1),(3665,77,26,'shared.seo','metaImage',1),(3666,85,8,'common.price-table','price_image',1),(3667,50,2,'api::custom.custom','bg_price',1),(3668,51,2,'api::custom.custom','banner',1),(3737,43,15,'service.information-service','info_img',1),(3738,44,15,'service.information-service','info_sub_img',1),(3739,70,94,'shared.seo','metaImage',1),(3740,85,17,'common.price-table','price_image',1),(3741,51,2,'api::packing.packing','banner',1),(3742,50,2,'api::packing.packing','bg_price',1),(3743,43,4,'service.information-service','info_img',1),(3744,44,4,'service.information-service','info_sub_img',1),(3745,70,10,'shared.seo','metaImage',1),(3746,85,11,'common.price-table','price_image',1),(3747,51,1,'api::packing.packing','banner',1),(3748,50,1,'api::packing.packing','bg_price',1),(3749,104,38,'service.feature','icon',1),(3750,105,39,'service.feature','icon',1),(3751,106,40,'service.feature','icon',1),(3752,32,79,'trucking.other-service','image',1),(3753,33,80,'trucking.other-service','image',1),(3754,34,81,'trucking.other-service','image',1),(3755,66,82,'trucking.other-service','image',1),(3756,108,105,'shared.seo','metaImage',1),(3757,86,35,'common.price-table','price_image',1),(3758,107,2,'api::rail-transportation.rail-transportation','service_image',1),(3759,108,2,'api::rail-transportation.rail-transportation','advantag_image',1),(3760,109,2,'api::rail-transportation.rail-transportation','banner',1),(3761,118,7,'air.feature','icon',1),(3762,117,8,'air.feature','icon',1),(3763,119,9,'air.feature','icon',1),(3764,85,59,'common.price-table','price_image',1),(3765,85,60,'common.price-table','price_image',1),(3766,32,111,'trucking.other-service','image',1),(3767,33,112,'trucking.other-service','image',1),(3768,46,113,'trucking.other-service','image',1),(3769,106,114,'trucking.other-service','image',1),(3770,121,111,'shared.seo','metaImage',1),(3771,116,2,'api::air-transport.air-transport','banner',1),(3772,120,2,'api::air-transport.air-transport','domestic_image',1),(3773,121,2,'api::air-transport.air-transport','international_image',1),(3823,89,85,'shared.seo','metaImage',1),(3824,89,48,'api::news.news','featured_image',1),(3825,92,86,'shared.seo','metaImage',1),(3826,92,49,'api::news.news','featured_image',1),(3827,95,87,'shared.seo','metaImage',1),(3828,95,50,'api::news.news','featured_image',1),(3835,77,84,'shared.seo','metaImage',1),(3836,65,47,'api::news.news','featured_image',1),(3837,76,83,'shared.seo','metaImage',1),(3838,76,45,'api::news.news','featured_image',1),(3843,100,89,'shared.seo','metaImage',1),(3844,100,52,'api::news.news','featured_image',1),(3845,122,1,'api::list-new.list-new','banner',1),(3846,123,2,'api::list-new.list-new','banner',1),(3847,124,3,'api::list-new.list-new','banner',1),(3848,125,6,'api::list-new.list-new','banner',1),(3849,126,7,'api::list-new.list-new','banner',1),(3850,127,8,'api::list-new.list-new','banner',1),(3923,130,2,'service.information-service','info_img',1),(3924,131,2,'service.information-service','info_sub_img',1),(3925,77,13,'shared.seo','metaImage',1),(3926,85,13,'common.price-table','price_image',1),(3927,52,1,'api::warehouse.warehouse','banner',1),(3928,132,1,'api::warehouse.warehouse','bg_price',1),(3929,76,9,'shared.seo','metaImage',1),(3930,134,3,'api::news.news','featured_image',1),(3936,144,114,'shared.seo','metaImage',1),(3937,143,4,'api::news.news','featured_image',1),(3938,145,115,'shared.seo','metaImage',1),(3939,145,6,'api::news.news','featured_image',1),(3940,149,113,'shared.seo','metaImage',1),(3941,138,44,'api::news.news','featured_image',1),(3942,151,116,'shared.seo','metaImage',1),(3943,150,46,'api::news.news','featured_image',1),(4175,114,1,'sea.feature','image',1),(4176,115,2,'sea.feature','image',1),(4177,85,36,'common.price-table','price_image',1),(4178,112,1,'sea.service','icon',1),(4179,86,37,'common.price-table','price_image',1),(4180,113,2,'sea.service','icon',1),(4181,86,38,'common.price-table','price_image',1),(4182,6,3,'sea.service','icon',1),(4183,111,106,'shared.seo','metaImage',1),(4184,32,83,'trucking.other-service','image',1),(4185,33,84,'trucking.other-service','image',1),(4186,46,85,'trucking.other-service','image',1),(4187,95,86,'trucking.other-service','image',1),(4188,86,42,'common.price-table','price_image',1),(4189,110,1,'api::sea-transport.sea-transport','banner',1),(4190,111,1,'api::sea-transport.sea-transport','domestic_image',1),(4207,114,9,'sea.feature','image',1),(4208,115,10,'sea.feature','image',1),(4209,85,51,'common.price-table','price_image',1),(4210,112,13,'sea.service','icon',1),(4211,86,52,'common.price-table','price_image',1),(4212,113,14,'sea.service','icon',1),(4213,86,53,'common.price-table','price_image',1),(4214,6,15,'sea.service','icon',1),(4215,111,110,'shared.seo','metaImage',1),(4216,32,99,'trucking.other-service','image',1),(4217,33,100,'trucking.other-service','image',1),(4218,46,101,'trucking.other-service','image',1),(4219,95,102,'trucking.other-service','image',1),(4220,86,54,'common.price-table','price_image',1),(4221,110,2,'api::sea-transport.sea-transport','banner',1),(4222,111,2,'api::sea-transport.sea-transport','domestic_image',1),(4223,156,16,'service.information-service','info_img',1),(4224,157,16,'service.information-service','info_sub_img',1),(4225,77,95,'shared.seo','metaImage',1),(4226,85,18,'common.price-table','price_image',1),(4227,52,2,'api::warehouse.warehouse','banner',1),(4228,158,2,'api::warehouse.warehouse','bg_price',1),(4229,76,82,'shared.seo','metaImage',1),(4230,137,43,'api::news.news','featured_image',1),(4231,98,88,'shared.seo','metaImage',1),(4232,98,51,'api::news.news','featured_image',1),(4599,160,57,'api::news.news','featured_image',1),(4601,159,56,'api::news.news','featured_image',1),(4621,161,58,'api::news.news','featured_image',1),(4622,35,1,'footer.footer-link','icon',1),(4623,36,2,'footer.footer-link','icon',1),(4624,37,3,'footer.footer-link','icon',1),(4625,36,4,'footer.footer-link','icon',1),(4626,35,5,'footer.footer-link','icon',1),(4627,39,1,'footer.social-link','icon',1),(4628,38,2,'footer.social-link','icon',1),(4629,40,3,'footer.social-link','icon',1),(4630,98,90,'shared.seo','metaImage',1),(4631,81,53,'api::news.news','featured_image',1),(4862,69,7,'introduce.milestones','image',1),(4863,69,8,'introduce.milestones','image',1),(4864,69,9,'introduce.milestones','image',1),(4865,69,10,'introduce.milestones','image',1),(4866,69,11,'introduce.milestones','image',1),(4867,69,12,'introduce.milestones','image',1),(4868,67,2,'api::milestone.milestone','banner',1),(4869,68,2,'api::milestone.milestone','bg_image',1),(4870,69,1,'introduce.milestones','image',1),(4871,69,2,'introduce.milestones','image',1),(4872,69,3,'introduce.milestones','image',1),(4873,69,4,'introduce.milestones','image',1),(4874,69,5,'introduce.milestones','image',1),(4875,69,6,'introduce.milestones','image',1),(4876,66,6,'shared.seo','metaImage',1),(4877,67,1,'api::milestone.milestone','banner',1),(4878,68,1,'api::milestone.milestone','bg_image',1),(4879,28,1,'service.feature','icon',1),(4880,29,2,'service.feature','icon',1),(4881,30,3,'service.feature','icon',1),(4882,31,4,'service.feature','icon',1),(4883,32,1,'service.transportation','image',1),(4884,33,2,'service.transportation','image',1),(4885,34,3,'service.transportation','image',1),(4886,80,7,'service.transportation','image',1),(4887,75,11,'shared.seo','metaImage',1),(4888,27,1,'api::service.service','banner',1),(4889,41,1,'api::service.service','bg_service',1),(4890,28,13,'service.feature','icon',1),(4891,29,14,'service.feature','icon',1),(4892,30,15,'service.feature','icon',1),(4893,31,16,'service.feature','icon',1),(4894,32,12,'service.transportation','image',1),(4895,33,13,'service.transportation','image',1),(4896,34,14,'service.transportation','image',1),(4897,80,15,'service.transportation','image',1),(4898,75,17,'shared.seo','metaImage',1),(4899,27,2,'api::service.service','banner',1),(4900,41,2,'api::service.service','bg_service',1),(4901,47,55,'trucking.introduce-features','icon',1),(4902,48,56,'trucking.introduce-features','icon',1),(4903,49,57,'trucking.introduce-features','icon',1),(4904,32,47,'trucking.other-service','image',1),(4905,33,48,'trucking.other-service','image',1),(4906,34,49,'trucking.other-service','image',1),(4907,81,50,'trucking.other-service','image',1),(4908,79,51,'trucking.other-service','image',1),(4909,77,100,'shared.seo','metaImage',1),(4910,85,23,'common.price-table','price_image',1),(4911,86,24,'common.price-table','price_image',1),(4912,42,1,'api::trucking.trucking','banner',1),(4913,43,1,'api::trucking.trucking','intro_img',1),(4914,44,1,'api::trucking.trucking','sub_intro_img',1),(4915,45,1,'api::trucking.trucking','internal_img',1),(4916,46,1,'api::trucking.trucking','international_img',1),(4933,47,58,'trucking.introduce-features','icon',1),(4934,48,59,'trucking.introduce-features','icon',1),(4935,49,60,'trucking.introduce-features','icon',1),(4936,32,52,'trucking.other-service','image',1),(4937,33,53,'trucking.other-service','image',1),(4938,34,54,'trucking.other-service','image',1),(4939,81,55,'trucking.other-service','image',1),(4940,79,56,'trucking.other-service','image',1),(4941,77,101,'shared.seo','metaImage',1),(4942,85,25,'common.price-table','price_image',1),(4943,86,26,'common.price-table','price_image',1),(4944,42,2,'api::trucking.trucking','banner',1),(4945,43,2,'api::trucking.trucking','intro_img',1),(4946,44,2,'api::trucking.trucking','sub_intro_img',1),(4947,45,2,'api::trucking.trucking','internal_img',1),(4948,46,2,'api::trucking.trucking','international_img',1),(5039,164,6,'introduce.general','image',1),(5040,165,6,'introduce.general','sub_image',1),(5041,55,13,'introduce.feature','icon',1),(5042,56,14,'introduce.feature','icon',1),(5043,57,15,'introduce.feature','icon',1),(5044,58,16,'introduce.feature','icon',1),(5045,54,6,'introduce.mission','image',1),(5046,66,6,'introduce.core-values','images',1),(5047,98,6,'introduce.core-values','images',2),(5048,61,45,'trucking.introduce-features','icon',1),(5049,62,46,'trucking.introduce-features','icon',1),(5050,63,47,'trucking.introduce-features','icon',1),(5051,64,48,'trucking.introduce-features','icon',1),(5052,60,6,'introduce.reasons-choose-we','image',1),(5053,65,11,'common.group-image-content','image',1),(5054,66,12,'common.group-image-content','image',1),(5055,70,97,'shared.seo','metaImage',1),(5056,168,2,'api::introduce.introduce','banner',1),(5057,162,1,'introduce.general','image',1),(5058,163,1,'introduce.general','sub_image',1),(5059,55,1,'introduce.feature','icon',1),(5060,56,2,'introduce.feature','icon',1),(5061,57,3,'introduce.feature','icon',1),(5062,58,4,'introduce.feature','icon',1),(5063,54,1,'introduce.mission','image',1),(5064,66,1,'introduce.core-values','images',1),(5065,98,1,'introduce.core-values','images',2),(5066,61,4,'trucking.introduce-features','icon',1),(5067,62,5,'trucking.introduce-features','icon',1),(5068,63,6,'trucking.introduce-features','icon',1),(5069,64,7,'trucking.introduce-features','icon',1),(5070,60,1,'introduce.reasons-choose-we','image',1),(5071,65,1,'common.group-image-content','image',1),(5072,66,2,'common.group-image-content','image',1),(5073,70,5,'shared.seo','metaImage',1),(5074,169,1,'api::introduce.introduce','banner',1),(5174,5,13,'home.feature','icon',1),(5175,7,14,'home.feature','icon',1),(5176,6,15,'home.feature','icon',1),(5177,4,16,'home.feature','icon',1),(5178,82,3,'home.home-tab','image',1),(5179,83,4,'home.home-tab','image',1),(5180,13,6,'home.home-service','icon',1),(5181,15,6,'home.home-service','background',1),(5182,14,7,'home.home-service','icon',1),(5183,27,7,'home.home-service','background',1),(5184,10,8,'home.home-service','icon',1),(5185,77,8,'home.home-service','background',1),(5186,12,9,'home.home-service','icon',1),(5187,78,9,'home.home-service','background',1),(5188,11,10,'home.home-service','icon',1),(5189,79,10,'home.home-service','background',1),(5190,16,4,'home.home-lookup','background',1),(5191,16,5,'home.home-lookup','background',1),(5192,16,6,'home.home-lookup','background',1),(5193,26,11,'home.home-partner','image',1),(5194,25,12,'home.home-partner','image',1),(5195,23,13,'home.home-partner','image',1),(5196,24,14,'home.home-partner','image',1),(5197,20,15,'home.home-partner','image',1),(5198,21,16,'home.home-partner','image',1),(5199,18,17,'home.home-partner','image',1),(5200,17,18,'home.home-partner','image',1),(5201,19,19,'home.home-partner','image',1),(5202,22,20,'home.home-partner','image',1),(5203,128,1,'shared.seo','metaImage',1),(5204,155,1,'home.banner','image',1),(5205,173,2,'home.banner','image',1),(5206,3,3,'home.banner','image',1),(5207,5,61,'home.feature','icon',1),(5208,7,62,'home.feature','icon',1),(5209,6,63,'home.feature','icon',1),(5210,4,64,'home.feature','icon',1),(5211,82,21,'home.home-tab','image',1),(5212,83,22,'home.home-tab','image',1),(5213,13,51,'home.home-service','icon',1),(5214,15,51,'home.home-service','background',1),(5215,14,52,'home.home-service','icon',1),(5216,27,52,'home.home-service','background',1),(5217,10,53,'home.home-service','icon',1),(5218,77,53,'home.home-service','background',1),(5219,12,54,'home.home-service','icon',1),(5220,78,54,'home.home-service','background',1),(5221,11,55,'home.home-service','icon',1),(5222,79,55,'home.home-service','background',1),(5223,16,31,'home.home-lookup','background',1),(5224,16,32,'home.home-lookup','background',1),(5225,16,33,'home.home-lookup','background',1),(5226,26,101,'home.home-partner','image',1),(5227,25,102,'home.home-partner','image',1),(5228,23,103,'home.home-partner','image',1),(5229,24,104,'home.home-partner','image',1),(5230,20,105,'home.home-partner','image',1),(5231,21,106,'home.home-partner','image',1),(5232,18,107,'home.home-partner','image',1),(5233,17,108,'home.home-partner','image',1),(5234,19,109,'home.home-partner','image',1),(5235,22,110,'home.home-partner','image',1),(5236,129,91,'shared.seo','metaImage',1),(5237,154,4,'home.banner','image',1),(5238,174,5,'home.banner','image',1),(5239,70,6,'home.banner','image',1),(5248,175,59,'api::news.news','featured_image',1),(5249,35,100,'footer.footer-link','icon',1),(5250,36,101,'footer.footer-link','icon',1),(5251,37,102,'footer.footer-link','icon',1),(5252,36,103,'footer.footer-link','icon',1),(5253,35,104,'footer.footer-link','icon',1),(5254,39,20,'footer.social-link','icon',1),(5255,38,21,'footer.social-link','icon',1),(5256,40,22,'footer.social-link','icon',1),(5257,175,1,'api::bai-viet.bai-viet','anh_bai_viet',1);
/*!40000 ALTER TABLE `files_related_morphs` ENABLE KEYS */;
UNLOCK TABLES;

--
-- Table structure for table `footers`
--

DROP TABLE IF EXISTS `footers`;
/*!40101 SET @saved_cs_client     = @@character_set_client */;
/*!40101 SET character_set_client = utf8 */;
CREATE TABLE `footers` (
  `id` int(10) unsigned NOT NULL AUTO_INCREMENT,
  `created_at` datetime(6) DEFAULT NULL,
  `updated_at` datetime(6) DEFAULT NULL,
  `published_at` datetime(6) DEFAULT NULL,
  `created_by_id` int(10) unsigned DEFAULT NULL,
  `updated_by_id` int(10) unsigned DEFAULT NULL,
  `locale` varchar(255) DEFAULT NULL,
  `url_bo_cong_thuong` varchar(255) DEFAULT NULL,
  PRIMARY KEY (`id`),
  KEY `footers_created_by_id_fk` (`created_by_id`),
  KEY `footers_updated_by_id_fk` (`updated_by_id`),
  CONSTRAINT `footers_created_by_id_fk` FOREIGN KEY (`created_by_id`) REFERENCES `admin_users` (`id`) ON DELETE SET NULL,
  CONSTRAINT `footers_updated_by_id_fk` FOREIGN KEY (`updated_by_id`) REFERENCES `admin_users` (`id`) ON DELETE SET NULL
) ENGINE=InnoDB AUTO_INCREMENT=11 DEFAULT CHARSET=utf8mb4 COLLATE=utf8mb4_general_ci;
/*!40101 SET character_set_client = @saved_cs_client */;

--
-- Dumping data for table `footers`
--

LOCK TABLES `footers` WRITE;
/*!40000 ALTER TABLE `footers` DISABLE KEYS */;
INSERT INTO `footers` VALUES (1,'2023-05-24 08:43:53.224000','2023-06-30 08:49:48.872000','2023-05-24 08:57:14.836000',1,1,'vi-VN',NULL),(10,'2023-05-30 09:48:56.143000','2023-07-05 06:48:35.111000','2023-05-30 09:48:57.103000',1,1,'en',NULL);
/*!40000 ALTER TABLE `footers` ENABLE KEYS */;
UNLOCK TABLES;

--
-- Table structure for table `footers_components`
--

DROP TABLE IF EXISTS `footers_components`;
/*!40101 SET @saved_cs_client     = @@character_set_client */;
/*!40101 SET character_set_client = utf8 */;
CREATE TABLE `footers_components` (
  `id` int(10) unsigned NOT NULL AUTO_INCREMENT,
  `entity_id` int(10) unsigned DEFAULT NULL,
  `component_id` int(10) unsigned DEFAULT NULL,
  `component_type` varchar(255) DEFAULT NULL,
  `field` varchar(255) DEFAULT NULL,
  `order` double unsigned DEFAULT NULL,
  PRIMARY KEY (`id`),
  UNIQUE KEY `footers_unique` (`entity_id`,`component_id`,`field`,`component_type`),
  KEY `footers_field_index` (`field`),
  KEY `footers_component_type_index` (`component_type`),
  KEY `footers_entity_fk` (`entity_id`),
  CONSTRAINT `footers_entity_fk` FOREIGN KEY (`entity_id`) REFERENCES `footers` (`id`) ON DELETE CASCADE
) ENGINE=InnoDB AUTO_INCREMENT=272 DEFAULT CHARSET=utf8mb4 COLLATE=utf8mb4_general_ci;
/*!40101 SET character_set_client = @saved_cs_client */;

--
-- Dumping data for table `footers_components`
--

LOCK TABLES `footers_components` WRITE;
/*!40000 ALTER TABLE `footers_components` DISABLE KEYS */;
INSERT INTO `footers_components` VALUES (1,1,1,'footer.footer-column','links',4),(2,1,2,'footer.footer-column','links',5),(4,1,3,'footer.footer-column','links',7),(7,1,4,'footer.footer-column','links',8),(11,1,5,'footer.footer-column','links',9),(21,1,1,'footer.footer-info','infos',1),(22,1,2,'footer.footer-info','infos',3),(30,1,1,'footer.social-link','socials',1),(31,1,2,'footer.social-link','socials',2),(32,1,3,'footer.social-link','socials',3),(154,10,31,'footer.footer-column','links',4),(155,10,32,'footer.footer-column','links',5),(156,10,33,'footer.footer-column','links',6),(157,10,34,'footer.footer-column','links',8),(158,10,35,'footer.footer-column','links',9),(159,10,13,'footer.footer-info','infos',1),(160,10,14,'footer.footer-info','infos',3),(161,10,20,'footer.social-link','socials',1),(162,10,21,'footer.social-link','socials',2),(163,10,22,'footer.social-link','socials',3);
/*!40000 ALTER TABLE `footers_components` ENABLE KEYS */;
UNLOCK TABLES;

--
-- Table structure for table `footers_localizations_links`
--

DROP TABLE IF EXISTS `footers_localizations_links`;
/*!40101 SET @saved_cs_client     = @@character_set_client */;
/*!40101 SET character_set_client = utf8 */;
CREATE TABLE `footers_localizations_links` (
  `id` int(10) unsigned NOT NULL AUTO_INCREMENT,
  `footer_id` int(10) unsigned DEFAULT NULL,
  `inv_footer_id` int(10) unsigned DEFAULT NULL,
  `footer_order` double unsigned DEFAULT NULL,
  PRIMARY KEY (`id`),
  UNIQUE KEY `footers_localizations_links_unique` (`footer_id`,`inv_footer_id`),
  KEY `footers_localizations_links_fk` (`footer_id`),
  KEY `footers_localizations_links_inv_fk` (`inv_footer_id`),
  KEY `footers_localizations_links_order_fk` (`footer_order`),
  CONSTRAINT `footers_localizations_links_fk` FOREIGN KEY (`footer_id`) REFERENCES `footers` (`id`) ON DELETE CASCADE,
  CONSTRAINT `footers_localizations_links_inv_fk` FOREIGN KEY (`inv_footer_id`) REFERENCES `footers` (`id`) ON DELETE CASCADE
) ENGINE=InnoDB AUTO_INCREMENT=3 DEFAULT CHARSET=utf8mb4 COLLATE=utf8mb4_general_ci;
/*!40101 SET character_set_client = @saved_cs_client */;

--
-- Dumping data for table `footers_localizations_links`
--

LOCK TABLES `footers_localizations_links` WRITE;
/*!40000 ALTER TABLE `footers_localizations_links` DISABLE KEYS */;
INSERT INTO `footers_localizations_links` VALUES (1,10,1,1),(2,1,10,1);
/*!40000 ALTER TABLE `footers_localizations_links` ENABLE KEYS */;
UNLOCK TABLES;

--
-- Table structure for table `homes`
--

DROP TABLE IF EXISTS `homes`;
/*!40101 SET @saved_cs_client     = @@character_set_client */;
/*!40101 SET character_set_client = utf8 */;
CREATE TABLE `homes` (
  `id` int(10) unsigned NOT NULL AUTO_INCREMENT,
  `created_at` datetime(6) DEFAULT NULL,
  `updated_at` datetime(6) DEFAULT NULL,
  `created_by_id` int(10) unsigned DEFAULT NULL,
  `updated_by_id` int(10) unsigned DEFAULT NULL,
  `locale` varchar(255) DEFAULT NULL,
  PRIMARY KEY (`id`),
  KEY `homes_created_by_id_fk` (`created_by_id`),
  KEY `homes_updated_by_id_fk` (`updated_by_id`),
  CONSTRAINT `homes_created_by_id_fk` FOREIGN KEY (`created_by_id`) REFERENCES `admin_users` (`id`) ON DELETE SET NULL,
  CONSTRAINT `homes_updated_by_id_fk` FOREIGN KEY (`updated_by_id`) REFERENCES `admin_users` (`id`) ON DELETE SET NULL
) ENGINE=InnoDB AUTO_INCREMENT=5 DEFAULT CHARSET=utf8mb4 COLLATE=utf8mb4_general_ci;
/*!40101 SET character_set_client = @saved_cs_client */;

--
-- Dumping data for table `homes`
--

LOCK TABLES `homes` WRITE;
/*!40000 ALTER TABLE `homes` DISABLE KEYS */;
INSERT INTO `homes` VALUES (3,'2023-05-22 09:13:17.990000','2023-07-03 04:10:09.509000',1,1,'vi-VN'),(4,'2023-05-30 09:48:23.099000','2023-07-03 04:11:10.857000',1,1,'en');
/*!40000 ALTER TABLE `homes` ENABLE KEYS */;
UNLOCK TABLES;

--
-- Table structure for table `homes_components`
--

DROP TABLE IF EXISTS `homes_components`;
/*!40101 SET @saved_cs_client     = @@character_set_client */;
/*!40101 SET character_set_client = utf8 */;
CREATE TABLE `homes_components` (
  `id` int(10) unsigned NOT NULL AUTO_INCREMENT,
  `entity_id` int(10) unsigned DEFAULT NULL,
  `component_id` int(10) unsigned DEFAULT NULL,
  `component_type` varchar(255) DEFAULT NULL,
  `field` varchar(255) DEFAULT NULL,
  `order` double unsigned DEFAULT NULL,
  PRIMARY KEY (`id`),
  UNIQUE KEY `homes_unique` (`entity_id`,`component_id`,`field`,`component_type`),
  KEY `homes_field_index` (`field`),
  KEY `homes_component_type_index` (`component_type`),
  KEY `homes_entity_fk` (`entity_id`),
  CONSTRAINT `homes_entity_fk` FOREIGN KEY (`entity_id`) REFERENCES `homes` (`id`) ON DELETE CASCADE
) ENGINE=InnoDB AUTO_INCREMENT=2747 DEFAULT CHARSET=utf8mb4 COLLATE=utf8mb4_general_ci;
/*!40101 SET character_set_client = @saved_cs_client */;

--
-- Dumping data for table `homes_components`
--

LOCK TABLES `homes_components` WRITE;
/*!40000 ALTER TABLE `homes_components` DISABLE KEYS */;
INSERT INTO `homes_components` VALUES (413,3,17,'home.about','abouts',1),(414,3,18,'home.about','abouts',22),(415,3,19,'home.about','abouts',29),(416,3,20,'home.about','abouts',30),(473,3,13,'home.feature','features',19),(474,3,14,'home.feature','features',24),(475,3,15,'home.feature','features',25),(476,3,16,'home.feature','features',28),(535,3,3,'home.home-tab','home_tabs',9),(536,3,4,'home.home-tab','home_tabs',15),(592,3,6,'home.home-service','services',7),(618,3,7,'home.home-service','services',14),(619,3,8,'home.home-service','services',17),(646,3,9,'home.home-service','services',21),(647,3,10,'home.home-service','services',23),(708,3,4,'home.home-lookup','lookups',4),(709,3,5,'home.home-lookup','lookups',5),(710,3,6,'home.home-lookup','lookups',11),(769,3,3,'home.service-contact','contacts',32),(770,3,4,'home.service-contact','contacts',33),(821,3,11,'home.home-partner','partners',2),(822,3,12,'home.home-partner','partners',3),(823,3,13,'home.home-partner','partners',6),(824,3,14,'home.home-partner','partners',8),(825,3,15,'home.home-partner','partners',10),(826,3,16,'home.home-partner','partners',12),(827,3,17,'home.home-partner','partners',13),(828,3,18,'home.home-partner','partners',16),(829,3,19,'home.home-partner','partners',18),(830,3,20,'home.home-partner','partners',20),(1135,3,1,'shared.seo','SEO',34),(1712,4,31,'home.service-contact','contacts',33),(1713,4,32,'home.service-contact','contacts',34),(1754,3,1,'home.banner','banners',1),(1755,3,2,'home.banner','banners',2),(1756,3,3,'home.banner','banners',3),(1757,4,53,'home.about','abouts',1),(1758,4,54,'home.about','abouts',24),(1759,4,55,'home.about','abouts',28),(1760,4,56,'home.about','abouts',29),(1761,4,61,'home.feature','features',20),(1762,4,62,'home.feature','features',23),(1763,4,63,'home.feature','features',25),(1764,4,64,'home.feature','features',27),(1765,4,21,'home.home-tab','home_tabs',9),(1766,4,22,'home.home-tab','home_tabs',15),(1767,4,51,'home.home-service','services',7),(1768,4,52,'home.home-service','services',14),(1769,4,53,'home.home-service','services',18),(1770,4,54,'home.home-service','services',21),(1771,4,55,'home.home-service','services',22),(1772,4,31,'home.home-lookup','lookups',4),(1773,4,32,'home.home-lookup','lookups',5),(1774,4,33,'home.home-lookup','lookups',11),(1775,4,101,'home.home-partner','partners',2),(1776,4,102,'home.home-partner','partners',3),(1777,4,103,'home.home-partner','partners',6),(1778,4,104,'home.home-partner','partners',8),(1779,4,105,'home.home-partner','partners',10),(1780,4,106,'home.home-partner','partners',12),(1781,4,107,'home.home-partner','partners',13),(1782,4,108,'home.home-partner','partners',16),(1783,4,109,'home.home-partner','partners',17),(1784,4,110,'home.home-partner','partners',19),(1785,4,91,'shared.seo','SEO',32),(1786,4,4,'home.banner','banners',1),(1787,4,5,'home.banner','banners',2),(1788,4,6,'home.banner','banners',3);
/*!40000 ALTER TABLE `homes_components` ENABLE KEYS */;
UNLOCK TABLES;

--
-- Table structure for table `homes_localizations_links`
--

DROP TABLE IF EXISTS `homes_localizations_links`;
/*!40101 SET @saved_cs_client     = @@character_set_client */;
/*!40101 SET character_set_client = utf8 */;
CREATE TABLE `homes_localizations_links` (
  `id` int(10) unsigned NOT NULL AUTO_INCREMENT,
  `home_id` int(10) unsigned DEFAULT NULL,
  `inv_home_id` int(10) unsigned DEFAULT NULL,
  `home_order` double unsigned DEFAULT NULL,
  PRIMARY KEY (`id`),
  UNIQUE KEY `homes_localizations_links_unique` (`home_id`,`inv_home_id`),
  KEY `homes_localizations_links_fk` (`home_id`),
  KEY `homes_localizations_links_inv_fk` (`inv_home_id`),
  KEY `homes_localizations_links_order_fk` (`home_order`),
  CONSTRAINT `homes_localizations_links_fk` FOREIGN KEY (`home_id`) REFERENCES `homes` (`id`) ON DELETE CASCADE,
  CONSTRAINT `homes_localizations_links_inv_fk` FOREIGN KEY (`inv_home_id`) REFERENCES `homes` (`id`) ON DELETE CASCADE
) ENGINE=InnoDB AUTO_INCREMENT=3 DEFAULT CHARSET=utf8mb4 COLLATE=utf8mb4_general_ci;
/*!40101 SET character_set_client = @saved_cs_client */;

--
-- Dumping data for table `homes_localizations_links`
--

LOCK TABLES `homes_localizations_links` WRITE;
/*!40000 ALTER TABLE `homes_localizations_links` DISABLE KEYS */;
INSERT INTO `homes_localizations_links` VALUES (1,4,3,1),(2,3,4,1);
/*!40000 ALTER TABLE `homes_localizations_links` ENABLE KEYS */;
UNLOCK TABLES;

--
-- Table structure for table `i18n_locale`
--

DROP TABLE IF EXISTS `i18n_locale`;
/*!40101 SET @saved_cs_client     = @@character_set_client */;
/*!40101 SET character_set_client = utf8 */;
CREATE TABLE `i18n_locale` (
  `id` int(10) unsigned NOT NULL AUTO_INCREMENT,
  `name` varchar(255) DEFAULT NULL,
  `code` varchar(255) DEFAULT NULL,
  `created_at` datetime(6) DEFAULT NULL,
  `updated_at` datetime(6) DEFAULT NULL,
  `created_by_id` int(10) unsigned DEFAULT NULL,
  `updated_by_id` int(10) unsigned DEFAULT NULL,
  PRIMARY KEY (`id`),
  KEY `i18n_locale_created_by_id_fk` (`created_by_id`),
  KEY `i18n_locale_updated_by_id_fk` (`updated_by_id`),
  CONSTRAINT `i18n_locale_created_by_id_fk` FOREIGN KEY (`created_by_id`) REFERENCES `admin_users` (`id`) ON DELETE SET NULL,
  CONSTRAINT `i18n_locale_updated_by_id_fk` FOREIGN KEY (`updated_by_id`) REFERENCES `admin_users` (`id`) ON DELETE SET NULL
) ENGINE=InnoDB AUTO_INCREMENT=3 DEFAULT CHARSET=utf8mb4 COLLATE=utf8mb4_general_ci;
/*!40101 SET character_set_client = @saved_cs_client */;

--
-- Dumping data for table `i18n_locale`
--

LOCK TABLES `i18n_locale` WRITE;
/*!40000 ALTER TABLE `i18n_locale` DISABLE KEYS */;
INSERT INTO `i18n_locale` VALUES (1,'English (en)','en','2023-05-22 07:04:43.204000','2023-05-22 07:04:43.204000',NULL,NULL),(2,'Vietnamese (Vietnam) (vi-VN)','vi-VN','2023-05-22 08:45:53.903000','2023-05-22 08:46:04.812000',1,1);
/*!40000 ALTER TABLE `i18n_locale` ENABLE KEYS */;
UNLOCK TABLES;

--
-- Table structure for table `introduces`
--

DROP TABLE IF EXISTS `introduces`;
/*!40101 SET @saved_cs_client     = @@character_set_client */;
/*!40101 SET character_set_client = utf8 */;
CREATE TABLE `introduces` (
  `id` int(10) unsigned NOT NULL AUTO_INCREMENT,
  `created_at` datetime(6) DEFAULT NULL,
  `updated_at` datetime(6) DEFAULT NULL,
  `published_at` datetime(6) DEFAULT NULL,
  `created_by_id` int(10) unsigned DEFAULT NULL,
  `updated_by_id` int(10) unsigned DEFAULT NULL,
  `locale` varchar(255) DEFAULT NULL,
  PRIMARY KEY (`id`),
  KEY `introduces_created_by_id_fk` (`created_by_id`),
  KEY `introduces_updated_by_id_fk` (`updated_by_id`),
  CONSTRAINT `introduces_created_by_id_fk` FOREIGN KEY (`created_by_id`) REFERENCES `admin_users` (`id`) ON DELETE SET NULL,
  CONSTRAINT `introduces_updated_by_id_fk` FOREIGN KEY (`updated_by_id`) REFERENCES `admin_users` (`id`) ON DELETE SET NULL
) ENGINE=InnoDB AUTO_INCREMENT=3 DEFAULT CHARSET=utf8mb4 COLLATE=utf8mb4_general_ci;
/*!40101 SET character_set_client = @saved_cs_client */;

--
-- Dumping data for table `introduces`
--

LOCK TABLES `introduces` WRITE;
/*!40000 ALTER TABLE `introduces` DISABLE KEYS */;
INSERT INTO `introduces` VALUES (1,'2023-05-25 04:55:35.876000','2023-07-03 04:02:39.085000','2023-05-25 06:35:38.288000',1,1,'vi-VN'),(2,'2023-05-30 09:53:42.456000','2023-07-03 04:02:05.392000','2023-05-30 09:53:43.824000',1,1,'en');
/*!40000 ALTER TABLE `introduces` ENABLE KEYS */;
UNLOCK TABLES;

--
-- Table structure for table `introduces_components`
--

DROP TABLE IF EXISTS `introduces_components`;
/*!40101 SET @saved_cs_client     = @@character_set_client */;
/*!40101 SET character_set_client = utf8 */;
CREATE TABLE `introduces_components` (
  `id` int(10) unsigned NOT NULL AUTO_INCREMENT,
  `entity_id` int(10) unsigned DEFAULT NULL,
  `component_id` int(10) unsigned DEFAULT NULL,
  `component_type` varchar(255) DEFAULT NULL,
  `field` varchar(255) DEFAULT NULL,
  `order` double unsigned DEFAULT NULL,
  PRIMARY KEY (`id`),
  UNIQUE KEY `introduces_unique` (`entity_id`,`component_id`,`field`,`component_type`),
  KEY `introduces_field_index` (`field`),
  KEY `introduces_component_type_index` (`component_type`),
  KEY `introduces_entity_fk` (`entity_id`),
  CONSTRAINT `introduces_entity_fk` FOREIGN KEY (`entity_id`) REFERENCES `introduces` (`id`) ON DELETE CASCADE
) ENGINE=InnoDB AUTO_INCREMENT=182 DEFAULT CHARSET=utf8mb4 COLLATE=utf8mb4_general_ci;
/*!40101 SET character_set_client = @saved_cs_client */;

--
-- Dumping data for table `introduces_components`
--

LOCK TABLES `introduces_components` WRITE;
/*!40000 ALTER TABLE `introduces_components` DISABLE KEYS */;
INSERT INTO `introduces_components` VALUES (1,1,1,'introduce.general','general',4),(2,1,1,'introduce.mission','mission',5),(3,1,1,'introduce.core-values','core_values',6),(4,1,1,'introduce.reasons-choose-we','reasons_choose_we',7),(9,1,1,'common.group-image-content','other',1),(10,1,2,'common.group-image-content','other',2),(41,1,5,'shared.seo','SEO',3),(84,2,6,'introduce.general','general',5),(85,2,6,'introduce.mission','mission',6),(86,2,6,'introduce.core-values','core_values',7),(87,2,6,'introduce.reasons-choose-we','reasons_choose_we',4),(88,2,11,'common.group-image-content','other',1),(89,2,12,'common.group-image-content','other',2),(90,2,97,'shared.seo','SEO',3);
/*!40000 ALTER TABLE `introduces_components` ENABLE KEYS */;
UNLOCK TABLES;

--
-- Table structure for table `introduces_localizations_links`
--

DROP TABLE IF EXISTS `introduces_localizations_links`;
/*!40101 SET @saved_cs_client     = @@character_set_client */;
/*!40101 SET character_set_client = utf8 */;
CREATE TABLE `introduces_localizations_links` (
  `id` int(10) unsigned NOT NULL AUTO_INCREMENT,
  `introduce_id` int(10) unsigned DEFAULT NULL,
  `inv_introduce_id` int(10) unsigned DEFAULT NULL,
  `introduce_order` double unsigned DEFAULT NULL,
  PRIMARY KEY (`id`),
  UNIQUE KEY `introduces_localizations_links_unique` (`introduce_id`,`inv_introduce_id`),
  KEY `introduces_localizations_links_fk` (`introduce_id`),
  KEY `introduces_localizations_links_inv_fk` (`inv_introduce_id`),
  KEY `introduces_localizations_links_order_fk` (`introduce_order`),
  CONSTRAINT `introduces_localizations_links_fk` FOREIGN KEY (`introduce_id`) REFERENCES `introduces` (`id`) ON DELETE CASCADE,
  CONSTRAINT `introduces_localizations_links_inv_fk` FOREIGN KEY (`inv_introduce_id`) REFERENCES `introduces` (`id`) ON DELETE CASCADE
) ENGINE=InnoDB AUTO_INCREMENT=3 DEFAULT CHARSET=utf8mb4 COLLATE=utf8mb4_general_ci;
/*!40101 SET character_set_client = @saved_cs_client */;

--
-- Dumping data for table `introduces_localizations_links`
--

LOCK TABLES `introduces_localizations_links` WRITE;
/*!40000 ALTER TABLE `introduces_localizations_links` DISABLE KEYS */;
INSERT INTO `introduces_localizations_links` VALUES (1,2,1,1),(2,1,2,1);
/*!40000 ALTER TABLE `introduces_localizations_links` ENABLE KEYS */;
UNLOCK TABLES;

--
-- Table structure for table `list_news`
--

DROP TABLE IF EXISTS `list_news`;
/*!40101 SET @saved_cs_client     = @@character_set_client */;
/*!40101 SET character_set_client = utf8 */;
CREATE TABLE `list_news` (
  `id` int(10) unsigned NOT NULL AUTO_INCREMENT,
  `created_at` datetime(6) DEFAULT NULL,
  `updated_at` datetime(6) DEFAULT NULL,
  `created_by_id` int(10) unsigned DEFAULT NULL,
  `updated_by_id` int(10) unsigned DEFAULT NULL,
  `locale` varchar(255) DEFAULT NULL,
  `type` varchar(255) DEFAULT NULL,
  PRIMARY KEY (`id`),
  KEY `list_news_created_by_id_fk` (`created_by_id`),
  KEY `list_news_updated_by_id_fk` (`updated_by_id`),
  CONSTRAINT `list_news_created_by_id_fk` FOREIGN KEY (`created_by_id`) REFERENCES `admin_users` (`id`) ON DELETE SET NULL,
  CONSTRAINT `list_news_updated_by_id_fk` FOREIGN KEY (`updated_by_id`) REFERENCES `admin_users` (`id`) ON DELETE SET NULL
) ENGINE=InnoDB AUTO_INCREMENT=11 DEFAULT CHARSET=utf8mb4 COLLATE=utf8mb4_general_ci;
/*!40101 SET character_set_client = @saved_cs_client */;

--
-- Dumping data for table `list_news`
--

LOCK TABLES `list_news` WRITE;
/*!40000 ALTER TABLE `list_news` DISABLE KEYS */;
INSERT INTO `list_news` VALUES (1,'2023-05-26 02:44:54.497000','2023-06-27 11:23:23.763000',1,1,'vi-VN','internal_news'),(2,'2023-05-26 02:45:07.396000','2023-06-27 11:23:47.911000',1,1,'vi-VN','market_news'),(3,'2023-05-26 02:45:21.922000','2023-06-27 11:24:12.597000',1,1,'vi-VN','specialized_news'),(4,'2023-05-26 02:45:39.504000','2023-06-02 04:40:35.432000',1,1,'vi-VN','recruitment'),(6,'2023-05-26 02:50:57.590000','2023-06-27 11:24:37.675000',1,1,'en','internal_news'),(7,'2023-05-26 02:53:38.446000','2023-06-27 11:24:57.662000',1,1,'en','market_news'),(8,'2023-05-26 02:54:00.420000','2023-06-27 11:25:21.342000',1,1,'en','specialized_news'),(9,'2023-05-26 02:54:13.280000','2023-06-02 04:40:41.223000',1,1,'en','recruitment');
/*!40000 ALTER TABLE `list_news` ENABLE KEYS */;
UNLOCK TABLES;

--
-- Table structure for table `list_news_localizations_links`
--

DROP TABLE IF EXISTS `list_news_localizations_links`;
/*!40101 SET @saved_cs_client     = @@character_set_client */;
/*!40101 SET character_set_client = utf8 */;
CREATE TABLE `list_news_localizations_links` (
  `id` int(10) unsigned NOT NULL AUTO_INCREMENT,
  `list_new_id` int(10) unsigned DEFAULT NULL,
  `inv_list_new_id` int(10) unsigned DEFAULT NULL,
  `list_new_order` double unsigned DEFAULT NULL,
  PRIMARY KEY (`id`),
  UNIQUE KEY `list_news_localizations_links_unique` (`list_new_id`,`inv_list_new_id`),
  KEY `list_news_localizations_links_fk` (`list_new_id`),
  KEY `list_news_localizations_links_inv_fk` (`inv_list_new_id`),
  KEY `list_news_localizations_links_order_fk` (`list_new_order`),
  CONSTRAINT `list_news_localizations_links_fk` FOREIGN KEY (`list_new_id`) REFERENCES `list_news` (`id`) ON DELETE CASCADE,
  CONSTRAINT `list_news_localizations_links_inv_fk` FOREIGN KEY (`inv_list_new_id`) REFERENCES `list_news` (`id`) ON DELETE CASCADE
) ENGINE=InnoDB AUTO_INCREMENT=11 DEFAULT CHARSET=utf8mb4 COLLATE=utf8mb4_general_ci;
/*!40101 SET character_set_client = @saved_cs_client */;

--
-- Dumping data for table `list_news_localizations_links`
--

LOCK TABLES `list_news_localizations_links` WRITE;
/*!40000 ALTER TABLE `list_news_localizations_links` DISABLE KEYS */;
INSERT INTO `list_news_localizations_links` VALUES (3,7,2,1),(4,2,7,1),(5,8,3,1),(6,3,8,1),(7,9,4,1),(8,4,9,1);
/*!40000 ALTER TABLE `list_news_localizations_links` ENABLE KEYS */;
UNLOCK TABLES;

--
-- Table structure for table `milestones`
--

DROP TABLE IF EXISTS `milestones`;
/*!40101 SET @saved_cs_client     = @@character_set_client */;
/*!40101 SET character_set_client = utf8 */;
CREATE TABLE `milestones` (
  `id` int(10) unsigned NOT NULL AUTO_INCREMENT,
  `created_at` datetime(6) DEFAULT NULL,
  `updated_at` datetime(6) DEFAULT NULL,
  `published_at` datetime(6) DEFAULT NULL,
  `created_by_id` int(10) unsigned DEFAULT NULL,
  `updated_by_id` int(10) unsigned DEFAULT NULL,
  `locale` varchar(255) DEFAULT NULL,
  PRIMARY KEY (`id`),
  KEY `milestones_created_by_id_fk` (`created_by_id`),
  KEY `milestones_updated_by_id_fk` (`updated_by_id`),
  CONSTRAINT `milestones_created_by_id_fk` FOREIGN KEY (`created_by_id`) REFERENCES `admin_users` (`id`) ON DELETE SET NULL,
  CONSTRAINT `milestones_updated_by_id_fk` FOREIGN KEY (`updated_by_id`) REFERENCES `admin_users` (`id`) ON DELETE SET NULL
) ENGINE=InnoDB AUTO_INCREMENT=3 DEFAULT CHARSET=utf8mb4 COLLATE=utf8mb4_general_ci;
/*!40101 SET character_set_client = @saved_cs_client */;

--
-- Dumping data for table `milestones`
--

LOCK TABLES `milestones` WRITE;
/*!40000 ALTER TABLE `milestones` DISABLE KEYS */;
INSERT INTO `milestones` VALUES (1,'2023-05-25 07:33:16.026000','2023-07-03 03:26:47.277000','2023-05-25 07:33:18.176000',1,1,'vi-VN'),(2,'2023-05-30 09:53:59.562000','2023-07-03 03:26:34.679000','2023-05-30 09:54:00.403000',1,1,'en');
/*!40000 ALTER TABLE `milestones` ENABLE KEYS */;
UNLOCK TABLES;

--
-- Table structure for table `milestones_components`
--

DROP TABLE IF EXISTS `milestones_components`;
/*!40101 SET @saved_cs_client     = @@character_set_client */;
/*!40101 SET character_set_client = utf8 */;
CREATE TABLE `milestones_components` (
  `id` int(10) unsigned NOT NULL AUTO_INCREMENT,
  `entity_id` int(10) unsigned DEFAULT NULL,
  `component_id` int(10) unsigned DEFAULT NULL,
  `component_type` varchar(255) DEFAULT NULL,
  `field` varchar(255) DEFAULT NULL,
  `order` double unsigned DEFAULT NULL,
  PRIMARY KEY (`id`),
  UNIQUE KEY `milestones_unique` (`entity_id`,`component_id`,`field`,`component_type`),
  KEY `milestones_field_index` (`field`),
  KEY `milestones_component_type_index` (`component_type`),
  KEY `milestones_entity_fk` (`entity_id`),
  CONSTRAINT `milestones_entity_fk` FOREIGN KEY (`entity_id`) REFERENCES `milestones` (`id`) ON DELETE CASCADE
) ENGINE=InnoDB AUTO_INCREMENT=66 DEFAULT CHARSET=utf8mb4 COLLATE=utf8mb4_general_ci;
/*!40101 SET character_set_client = @saved_cs_client */;

--
-- Dumping data for table `milestones_components`
--

LOCK TABLES `milestones_components` WRITE;
/*!40000 ALTER TABLE `milestones_components` DISABLE KEYS */;
INSERT INTO `milestones_components` VALUES (1,1,1,'introduce.milestones','milestones',1),(2,1,2,'introduce.milestones','milestones',2),(3,1,3,'introduce.milestones','milestones',3),(4,1,4,'introduce.milestones','milestones',4),(5,1,5,'introduce.milestones','milestones',5),(6,1,6,'introduce.milestones','milestones',6),(7,2,7,'introduce.milestones','milestones',1),(8,2,8,'introduce.milestones','milestones',2),(9,2,9,'introduce.milestones','milestones',3),(10,2,10,'introduce.milestones','milestones',4),(11,2,11,'introduce.milestones','milestones',5),(12,2,12,'introduce.milestones','milestones',6),(19,1,6,'shared.seo','SEO',2);
/*!40000 ALTER TABLE `milestones_components` ENABLE KEYS */;
UNLOCK TABLES;

--
-- Table structure for table `milestones_localizations_links`
--

DROP TABLE IF EXISTS `milestones_localizations_links`;
/*!40101 SET @saved_cs_client     = @@character_set_client */;
/*!40101 SET character_set_client = utf8 */;
CREATE TABLE `milestones_localizations_links` (
  `id` int(10) unsigned NOT NULL AUTO_INCREMENT,
  `milestone_id` int(10) unsigned DEFAULT NULL,
  `inv_milestone_id` int(10) unsigned DEFAULT NULL,
  `milestone_order` double unsigned DEFAULT NULL,
  PRIMARY KEY (`id`),
  UNIQUE KEY `milestones_localizations_links_unique` (`milestone_id`,`inv_milestone_id`),
  KEY `milestones_localizations_links_fk` (`milestone_id`),
  KEY `milestones_localizations_links_inv_fk` (`inv_milestone_id`),
  KEY `milestones_localizations_links_order_fk` (`milestone_order`),
  CONSTRAINT `milestones_localizations_links_fk` FOREIGN KEY (`milestone_id`) REFERENCES `milestones` (`id`) ON DELETE CASCADE,
  CONSTRAINT `milestones_localizations_links_inv_fk` FOREIGN KEY (`inv_milestone_id`) REFERENCES `milestones` (`id`) ON DELETE CASCADE
) ENGINE=InnoDB AUTO_INCREMENT=3 DEFAULT CHARSET=utf8mb4 COLLATE=utf8mb4_general_ci;
/*!40101 SET character_set_client = @saved_cs_client */;

--
-- Dumping data for table `milestones_localizations_links`
--

LOCK TABLES `milestones_localizations_links` WRITE;
/*!40000 ALTER TABLE `milestones_localizations_links` DISABLE KEYS */;
INSERT INTO `milestones_localizations_links` VALUES (1,2,1,1),(2,1,2,1);
/*!40000 ALTER TABLE `milestones_localizations_links` ENABLE KEYS */;
UNLOCK TABLES;

--
-- Table structure for table `newss`
--

DROP TABLE IF EXISTS `newss`;
/*!40101 SET @saved_cs_client     = @@character_set_client */;
/*!40101 SET character_set_client = utf8 */;
CREATE TABLE `newss` (
  `id` int(10) unsigned NOT NULL AUTO_INCREMENT,
  `title` varchar(255) DEFAULT NULL,
  `type` varchar(255) DEFAULT NULL,
  `created_at` datetime(6) DEFAULT NULL,
  `updated_at` datetime(6) DEFAULT NULL,
  `published_at` datetime(6) DEFAULT NULL,
  `created_by_id` int(10) unsigned DEFAULT NULL,
  `updated_by_id` int(10) unsigned DEFAULT NULL,
  `locale` varchar(255) DEFAULT NULL,
  `is_hot` tinyint(1) DEFAULT NULL,
  `preview_content` longtext DEFAULT NULL,
  `slug` varchar(255) DEFAULT NULL,
  `page_view` bigint(20) DEFAULT NULL,
  `like` bigint(20) DEFAULT NULL,
  `dislike` bigint(20) DEFAULT NULL,
  `contents` longtext DEFAULT NULL,
  PRIMARY KEY (`id`),
  KEY `newss_created_by_id_fk` (`created_by_id`),
  KEY `newss_updated_by_id_fk` (`updated_by_id`),
  CONSTRAINT `newss_created_by_id_fk` FOREIGN KEY (`created_by_id`) REFERENCES `admin_users` (`id`) ON DELETE SET NULL,
  CONSTRAINT `newss_updated_by_id_fk` FOREIGN KEY (`updated_by_id`) REFERENCES `admin_users` (`id`) ON DELETE SET NULL
) ENGINE=InnoDB AUTO_INCREMENT=60 DEFAULT CHARSET=utf8mb4 COLLATE=utf8mb4_general_ci;
/*!40101 SET character_set_client = @saved_cs_client */;

--
-- Dumping data for table `newss`
--

LOCK TABLES `newss` WRITE;
/*!40000 ALTER TABLE `newss` DISABLE KEYS */;
INSERT INTO `newss` VALUES (3,'VIETTEL POST CHUYN PHT NHANH HNG HA C  VIT','internal_news','2023-05-23 07:28:43.080000','2023-08-14 02:38:12.370000','2023-05-25 10:46:57.147000',2,1,'vi-VN',1,'Nhn thy tim nng th trng cng nh th mnh trong lnh vc Logistics, thng 06/2023, Viettel Post  gia nhp vo mng li chuyn pht nhanh tuyn c- Vit vi cc dch v bao gm: Chuyn hng thng mi in t h cho khch hng; Chuyn hng t c v Vit Nam cho khch hng c nhn v doanh nghip; Dch v lm th tc thng quan, nhp khu.\n\n','Viettel-post-chuyen-phat-nhanh-hang-hoa-uc-viet',281,14,11,'<p style=\"-webkit-text-stroke-width:0px;background-color:rgb(255, 255, 255);box-sizing:border-box;color:rgb(33, 37, 41);font-family:pfb;font-size:16px;font-style:normal;font-variant-caps:normal;font-variant-ligatures:normal;font-weight:400;letter-spacing:normal;margin-bottom:1rem;margin-top:0px;orphans:2;outline:none;text-align:justify;text-decoration-color:initial;text-decoration-style:initial;text-decoration-thickness:initial;text-indent:0px;text-transform:none;white-space:normal;widows:2;word-spacing:0px;\"><strong style=\"box-sizing:border-box;font-weight:bolder;outline:none;\">Tim nng t i tc thng mi ln th 7 ca Vit Nam</strong></p><p style=\"-webkit-text-stroke-width:0px;background-color:rgb(255, 255, 255);box-sizing:border-box;color:rgb(33, 37, 41);font-family:pfb;font-size:16px;font-style:normal;font-variant-caps:normal;font-variant-ligatures:normal;font-weight:400;letter-spacing:normal;margin-bottom:1rem;margin-top:0px;orphans:2;outline:none;text-align:justify;text-decoration-color:initial;text-decoration-style:initial;text-decoration-thickness:initial;text-indent:0px;text-transform:none;white-space:normal;widows:2;word-spacing:0px;\">Thng tin ny c a ra ti cuc hp ln th 4 Nhm cng tc v Thng mi thuc khun kh Hi ngh B trng i tc kinh t Vit Nam  c c t chc vo cui thng 03/2023. Theo , trong nm 2022, kt qu thng mi hai chiu gia Vit Nam v c tng trng n tng, kim ngch song phng nm 2022 t 15,7 t USD (Ngun: Cng thng tin in t B Cng thng).</p><p style=\"-webkit-text-stroke-width:0px;background-color:rgb(255, 255, 255);box-sizing:border-box;color:rgb(33, 37, 41);font-family:pfb;font-size:16px;font-style:normal;font-variant-caps:normal;font-variant-ligatures:normal;font-weight:400;letter-spacing:normal;margin-bottom:1rem;margin-top:0px;orphans:2;outline:none;text-align:justify;text-decoration-color:initial;text-decoration-style:initial;text-decoration-thickness:initial;text-indent:0px;text-transform:none;white-space:normal;widows:2;word-spacing:0px;\">Cng vi , hng ng k nim 50 nm Quan h Ngoi giao Vit Nam  c,  thc y hn na quan h thng mi song phng, tng xng vi quan h i tc chin lc ng thi a quan h thng mi theo hng cn bng, bn vng, Vit Nam v c nht tr thc y trin khai mt s ni dung hp tc quan trng, trong  c hp tc, chia s kinh nghim v xc tin thng mi v chui cung ng (Logistics).</p><p style=\"-webkit-text-stroke-width:0px;background-color:rgb(255, 255, 255);box-sizing:border-box;color:rgb(33, 37, 41);font-family:pfb;font-size:16px;font-style:normal;font-variant-caps:normal;font-variant-ligatures:normal;font-weight:400;letter-spacing:normal;margin-bottom:1rem;margin-top:0px;orphans:2;outline:none;text-align:justify;text-decoration-color:initial;text-decoration-style:initial;text-decoration-thickness:initial;text-indent:0px;text-transform:none;white-space:normal;widows:2;word-spacing:0px;\">Theo Statista (Cng thng tin d liu kinh t s ton cu), hin nay, c nm trong TOP 10 quc gia c doanh thu chuyn pht, chuyn pht nhanh bu kin ton cu (CEP) ln nht th gii vi khong 12,2 t USD v d kin tng trng kp (CARG) tng 5,46% trong giai on 2022-2027.</p><p style=\"-webkit-text-stroke-width:0px;background-color:rgb(255, 255, 255);box-sizing:border-box;color:rgb(33, 37, 41);font-family:pfb;font-size:16px;font-style:normal;font-variant-caps:normal;font-variant-ligatures:normal;font-weight:400;letter-spacing:normal;margin-bottom:1rem;margin-top:0px;orphans:2;outline:none;text-align:justify;text-decoration-color:initial;text-decoration-style:initial;text-decoration-thickness:initial;text-indent:0px;text-transform:none;white-space:normal;widows:2;word-spacing:0px;\">Ti Vit Nam, doanh thu CEP c tnh t 0,71 t USD vo nm 2021 v d kin t 4,48 t USD vo nm 2030 vi CARG t 24,1%. Lng hng ha CEP t c v Vit Nam c tnh trung bnh t 200 tn/thng v cng hng khng Ni Bi v Tn Sn Nht.</p><p style=\"-webkit-text-stroke-width:0px;background-color:rgb(255, 255, 255);box-sizing:border-box;color:rgb(33, 37, 41);font-family:pfb;font-size:16px;font-style:normal;font-variant-caps:normal;font-variant-ligatures:normal;font-weight:400;letter-spacing:normal;margin-bottom:1rem;margin-top:0px;orphans:2;outline:none;text-align:justify;text-decoration-color:initial;text-decoration-style:initial;text-decoration-thickness:initial;text-indent:0px;text-transform:none;white-space:normal;widows:2;word-spacing:0px;\">Bn cnh , vi khong 335 ngn ngi Vit Nam ang sinh sng, hc tp, lm vic ti c, hot ng thng mi v logistics c  Vit c nhn nh l mt th trng nhiu trin vng.</p><p style=\"-webkit-text-stroke-width:0px;background-color:rgb(255, 255, 255);box-sizing:border-box;color:rgb(33, 37, 41);font-family:pfb;font-size:16px;font-style:normal;font-variant-caps:normal;font-variant-ligatures:normal;font-weight:400;letter-spacing:normal;margin-bottom:1rem;margin-top:0px;orphans:2;outline:none;text-align:justify;text-decoration-color:initial;text-decoration-style:initial;text-decoration-thickness:initial;text-indent:0px;text-transform:none;white-space:normal;widows:2;word-spacing:0px;\"><strong style=\"box-sizing:border-box;font-weight:bolder;outline:none;\">Viettel Post gia nhp mng li chuyn pht nhanh c  Vit</strong></p><p style=\"-webkit-text-stroke-width:0px;background-color:rgb(255, 255, 255);box-sizing:border-box;color:rgb(33, 37, 41);font-family:pfb;font-size:16px;font-style:normal;font-variant-caps:normal;font-variant-ligatures:normal;font-weight:400;letter-spacing:normal;margin-bottom:1rem;margin-top:0px;orphans:2;outline:none;text-align:justify;text-decoration-color:initial;text-decoration-style:initial;text-decoration-thickness:initial;text-indent:0px;text-transform:none;white-space:normal;widows:2;word-spacing:0px;\">Nhn thy tim nng th trng cng nh th mnh trong lnh vc Logistics, thng 06/2023, Viettel Post  gia nhp vo mng li chuyn pht nhanh tuyn c- Vit vi cc dch v bao gm: Chuyn hng thng mi in t h cho khch hng; Chuyn hng t c v Vit Nam cho khch hng c nhn v doanh nghip; Dch v lm th tc thng quan, nhp khu.</p><p style=\"-webkit-text-stroke-width:0px;background-color:rgb(255, 255, 255);box-sizing:border-box;color:rgb(33, 37, 41);font-family:pfb;font-size:16px;font-style:normal;font-variant-caps:normal;font-variant-ligatures:normal;font-weight:400;letter-spacing:normal;margin-bottom:1rem;margin-top:0px;orphans:2;outline:none;text-align:justify;text-decoration-color:initial;text-decoration-style:initial;text-decoration-thickness:initial;text-indent:0px;text-transform:none;white-space:normal;widows:2;word-spacing:0px;\">Vi mng li bu cc 63 tnh thnh trn c nc, dch v chuyn pht nhanh hng ha c  Vit ca Viettel Post to c s khc bit khi cung cp dch v giao hng nhanh tn nh (D2D) m khng cn thng qua bn th ba. iu ny gip rt ngn qu trnh vn chuyn khi hng ha n tay khch hng ch mt t 5 ngy lm vic.</p><p style=\"-webkit-text-stroke-width:0px;background-color:rgb(255, 255, 255);box-sizing:border-box;color:rgb(33, 37, 41);font-family:pfb;font-size:16px;font-style:normal;font-variant-caps:normal;font-variant-ligatures:normal;font-weight:400;letter-spacing:normal;margin-bottom:1rem;margin-top:0px;orphans:2;outline:none;text-align:justify;text-decoration-color:initial;text-decoration-style:initial;text-decoration-thickness:initial;text-indent:0px;text-transform:none;white-space:normal;widows:2;word-spacing:0px;\">Tnh n thng 06/2023, Viettel Post l mt trong nhng doanh nghip chuyn pht hng u ti Vit Nam, s hu mng li hn 4.000 im chuyn pht tip nhn hng ho trn ton quc, gn 40.000 CBNV chuyn nghip, 2.000 xe ti cc loi hot ng 24/24; vi t l giao thnh cng lun t mc 95%.<meta charset=\"utf-8\"></p><figure class=\"image image_resized\" style=\"width:67.43%;\"><img alt=\"vtp.jpg\" src=\"https://vtl-cms.grandsways.com/uploads/vtp_62c403ae55.jpg\" srcset=\"https://vtl-cms.grandsways.com/uploads/thumbnail_vtp_62c403ae55.jpg 245w, https://vtl-cms.grandsways.com/uploads/small_vtp_62c403ae55.jpg 500w\" sizes=\"100vw\" width=\"500\"></figure><p style=\"text-align:center;\"><em style=\"-webkit-text-stroke-width:0px;background-color:rgb(255, 255, 255);box-sizing:border-box;color:rgb(33, 37, 41);font-family:pfb;font-size:16px;font-variant-caps:normal;font-variant-ligatures:normal;font-weight:400;letter-spacing:normal;orphans:2;outline:none;text-align:center;text-decoration-color:initial;text-decoration-style:initial;text-decoration-thickness:initial;text-indent:0px;text-transform:none;white-space:normal;widows:2;word-spacing:0px;\"><i>Vi mng li bu cc trn ton quc, Viettel Post m bo vic vn chuyn thng sut n mi min t nc</i></em></p><p style=\"-webkit-text-stroke-width:0px;background-color:rgb(255, 255, 255);box-sizing:border-box;color:rgb(33, 37, 41);font-family:pfb;font-size:16px;font-style:normal;font-variant-caps:normal;font-variant-ligatures:normal;font-weight:400;letter-spacing:normal;margin-bottom:1rem;margin-top:0px;orphans:2;outline:none;text-align:justify;text-decoration-color:initial;text-decoration-style:initial;text-decoration-thickness:initial;text-indent:0px;text-transform:none;white-space:normal;widows:2;word-spacing:0px;\">Vic tn dng c tim lc sn c trong lnh vc bu chnh gip cho Viettel Post c th ti u c chi ph vn hnh. iu ny gip khch hng c s dng dch v vi chi ph tt nht. Vi cc khch hng thng xuyn, Viettel Post c thm cc mc chit khu c li cho khch hng.</p><p style=\"-webkit-text-stroke-width:0px;background-color:rgb(255, 255, 255);box-sizing:border-box;color:rgb(33, 37, 41);font-family:pfb;font-size:16px;font-style:normal;font-variant-caps:normal;font-variant-ligatures:normal;font-weight:400;letter-spacing:normal;margin-bottom:1rem;margin-top:0px;orphans:2;outline:none;text-align:justify;text-decoration-color:initial;text-decoration-style:initial;text-decoration-thickness:initial;text-indent:0px;text-transform:none;white-space:normal;widows:2;word-spacing:0px;\">Vic hin din ti c gip v cung cp dch v chuyn pht gip Viettel Post h tr v p ng nhu cu ca khch hng mt cch nhanh chng, ng b ngay t khi tip nhn hng ho.</p><p style=\"-webkit-text-stroke-width:0px;background-color:rgb(255, 255, 255);box-sizing:border-box;color:rgb(33, 37, 41);font-family:pfb;font-size:16px;font-style:normal;font-variant-caps:normal;font-variant-ligatures:normal;font-weight:400;letter-spacing:normal;margin-bottom:1rem;margin-top:0px;orphans:2;outline:none;text-align:justify;text-decoration-color:initial;text-decoration-style:initial;text-decoration-thickness:initial;text-indent:0px;text-transform:none;white-space:normal;widows:2;word-spacing:0px;\">Trc khi gia nhp tuyn chuyn pht nhanh c  Vit, Viettel Post l doanh nghip bu chnh u tin kinh doanh ti th trng nc ngoi v kt ni thnh cng 23/23 tnh ca Campuchia. Sau Campuchia, Viettel Post tip tc pht trin dch v ti Myanmar v kt ni vi hn 200 quc gia trn th gii. Trong chin lc di hi, s gia nhp ca Viettel Post ti th trng c s lm c s  Viettel Post tip tc m rng cc tuyn chiu v t Trung Quc, Nht Bn, Hn Quc, M v cc nc chu u</p><p style=\"-webkit-text-stroke-width:0px;background-color:rgb(255, 255, 255);box-sizing:border-box;color:rgb(33, 37, 41);font-family:pfb;font-size:16px;font-style:normal;font-variant-caps:normal;font-variant-ligatures:normal;font-weight:400;letter-spacing:normal;margin-bottom:1rem;margin-top:0px;orphans:2;outline:none;text-align:justify;text-decoration-color:initial;text-decoration-style:initial;text-decoration-thickness:initial;text-indent:0px;text-transform:none;white-space:normal;widows:2;word-spacing:0px;\"><strong style=\"box-sizing:border-box;font-weight:bolder;outline:none;\">Khch hng ti c c nhu cu chuyn hng v Vit Nam c th gi hng ti im ly hng Viettel Post:</strong></p><p style=\"-webkit-text-stroke-width:0px;background-color:rgb(255, 255, 255);box-sizing:border-box;color:rgb(33, 37, 41);font-family:pfb;font-size:16px;font-style:normal;font-variant-caps:normal;font-variant-ligatures:normal;font-weight:400;letter-spacing:normal;margin-bottom:1rem;margin-top:0px;orphans:2;outline:none;text-align:justify;text-decoration-color:initial;text-decoration-style:initial;text-decoration-thickness:initial;text-indent:0px;text-transform:none;white-space:normal;widows:2;word-spacing:0px;\">a ch: Lot.06, 14-16 Belmore Road, Punchbowl NSW 2196.</p><p style=\"-webkit-text-stroke-width:0px;background-color:rgb(255, 255, 255);box-sizing:border-box;color:rgb(33, 37, 41);font-family:pfb;font-size:16px;font-style:normal;font-variant-caps:normal;font-variant-ligatures:normal;font-weight:400;letter-spacing:normal;margin-bottom:1rem;margin-top:0px;orphans:2;outline:none;text-align:justify;text-decoration-color:initial;text-decoration-style:initial;text-decoration-thickness:initial;text-indent:0px;text-transform:none;white-space:normal;widows:2;word-spacing:0px;\">Hotline ti c: (+61) 406448688</p><p style=\"-webkit-text-stroke-width:0px;background-color:rgb(255, 255, 255);box-sizing:border-box;color:rgb(33, 37, 41);font-family:pfb;font-size:16px;font-style:normal;font-variant-caps:normal;font-variant-ligatures:normal;font-weight:400;letter-spacing:normal;margin-bottom:1rem;margin-top:0px;orphans:2;outline:none;text-align:justify;text-decoration-color:initial;text-decoration-style:initial;text-decoration-thickness:initial;text-indent:0px;text-transform:none;white-space:normal;widows:2;word-spacing:0px;\">Hotline ti Vit Nam: (+84) 19008095 ext 2</p>'),(4,'VIETTEL POST XUT SC NHN GII THNG DOANH NGHIP C SN PHM T THNG HIU QUC GIA VIT NAM LN TH 5','internal_news','2023-05-23 07:28:54.752000','2023-08-14 10:10:01.881000','2023-05-25 10:47:01.707000',2,1,'vi-VN',NULL,'Nm nay l nm th 5 Tng Cng ty C phn Bu chnh Viettel (Viettel Post) tham d gii thng v  t gii ti hng mc: Dch v chuyn pht trong nc v quc t Viettel Post.','viettel-post-nhan-giai-thuong-doanh-nghiep-co-san-pham-dat-thuong-hieu-quoc-gia-viet-nam',35,2,1,'<p><meta charset=\"utf-8\"><span style=\"background-color:rgb(255,255,255);color:rgb(33,37,41);font-family:pfb;font-size:16px;\"><span style=\"-webkit-text-stroke-width:0px;display:inline !important;float:none;font-style:normal;font-variant-caps:normal;font-variant-ligatures:normal;font-weight:400;letter-spacing:normal;orphans:2;text-align:justify;text-decoration-color:initial;text-decoration-style:initial;text-decoration-thickness:initial;text-indent:0px;text-transform:none;white-space:normal;widows:2;word-spacing:0px;\">L cng b sn phm t Thng hiu Quc gia Vit Nam nm 2022 vi s tham gia ca hn 170 doanh nghip cng 325 sn phm, din ra vo ti ngy 2 thng 11 nm 2022&nbsp; ti Trung tm hi ngh Quc gia Vit Nam.&nbsp;</span></span></p><p style=\"-webkit-text-stroke-width:0px;background-color:rgb(255, 255, 255);box-sizing:border-box;color:rgb(33, 37, 41);font-family:pfb;font-size:16px;font-style:normal;font-variant-caps:normal;font-variant-ligatures:normal;font-weight:400;letter-spacing:normal;margin-bottom:1rem;margin-top:0px;orphans:2;outline:none;text-align:justify;text-decoration-color:initial;text-decoration-style:initial;text-decoration-thickness:initial;text-indent:0px;text-transform:none;white-space:normal;widows:2;word-spacing:0px;\"><span style=\"box-sizing:border-box;font-weight:400;outline:none;\">Vi ch  </span><b style=\"box-sizing:border-box;font-weight:bolder;outline:none;\"><i style=\"box-sizing:border-box;outline:none;\"><strong>Kin to tng lai  Enabling the future</strong></i></b><span style=\"box-sizing:border-box;font-weight:400;outline:none;\">, chng trnh mong mun truyn ti thng ip: Trn hnh trnh nng tm v th thng hiu Vit  snh vai cc cng quc nm chu.</span></p><p style=\"-webkit-text-stroke-width:0px;background-color:rgb(255, 255, 255);box-sizing:border-box;color:rgb(33, 37, 41);font-family:pfb;font-size:16px;font-style:normal;font-variant-caps:normal;font-variant-ligatures:normal;font-weight:400;letter-spacing:normal;margin-bottom:1rem;margin-top:0px;orphans:2;outline:none;text-align:justify;text-decoration-color:initial;text-decoration-style:initial;text-decoration-thickness:initial;text-indent:0px;text-transform:none;white-space:normal;widows:2;word-spacing:0px;\"><span style=\"box-sizing:border-box;font-weight:400;outline:none;\">Nm nay l nm th 5 </span><b style=\"box-sizing:border-box;font-weight:bolder;outline:none;\"><strong>Tng Cng ty C phn Bu chnh Viettel (Viettel Post) tham d gii thng v  t gii ti hng mc</strong></b><span style=\"box-sizing:border-box;font-weight:400;outline:none;\">: </span><b style=\"box-sizing:border-box;font-weight:bolder;outline:none;\"><i style=\"box-sizing:border-box;outline:none;\"><strong>Dch v chuyn pht trong nc v quc t Viettel Post.</strong></i></b></p><p style=\"-webkit-text-stroke-width:0px;background-color:rgb(255, 255, 255);box-sizing:border-box;color:rgb(33, 37, 41);font-family:pfb;font-size:16px;font-style:normal;font-variant-caps:normal;font-variant-ligatures:normal;font-weight:400;letter-spacing:normal;margin-bottom:1rem;margin-top:0px;orphans:2;outline:none;text-align:justify;text-decoration-color:initial;text-decoration-style:initial;text-decoration-thickness:initial;text-indent:0px;text-transform:none;white-space:normal;widows:2;word-spacing:0px;\"><span style=\"box-sizing:border-box;font-weight:400;outline:none;\">i din cho Viettel Post tham d l Cng b v trao gii  Ph Tng Gim c inh Thanh Sn t ho chia s: Viettel Post l doanh nghip nhiu nm lin t gii thng Thng hiu Quc gia Vit Nam, Viettel Post t ho  mang n nhiu iu cho x hi, gip cho h thng h tng Logistics Vit Nam pht trin mnh m. Khng th khng nhc n con ngi Viettel Post,  to ra nn tng t mng li chuyn pht cho n cc xu hng mua  bn hng thng mi in t, gin tip to cng n vic lm cho hn 40 nghn h gia nh. ng thi, uy tn l iu c khch hng khng nh, tr thnh ng lc  Viettel Post lun vn ln thng qua cc hot ng chuyn i s, lin tc ci tin sn phm/dch v, Chng ti t tin rng dch v ca Viettel Post khng thua km bt k quc gia no.</span></p><p style=\"-webkit-text-stroke-width:0px;background-color:rgb(255, 255, 255);box-sizing:border-box;color:rgb(33, 37, 41);font-family:pfb;font-size:16px;font-style:normal;font-variant-caps:normal;font-variant-ligatures:normal;font-weight:400;letter-spacing:normal;margin-bottom:1rem;margin-top:0px;orphans:2;outline:none;text-align:justify;text-decoration-color:initial;text-decoration-style:initial;text-decoration-thickness:initial;text-indent:0px;text-transform:none;white-space:normal;widows:2;word-spacing:0px;\"><span style=\"box-sizing:border-box;font-weight:400;outline:none;\">Viettel Post cn cung ng cc dch v chuyn pht c bit dnh cho th trng nh hng lnh, ha tc, dch v vin thng  cng ngh thng tin n tng h gia nh  gip cho s chuyn i s lin tip ngy cng mnh, cng tt hn na.</span></p><figure class=\"image image_resized\" style=\"width:94.1%;\"><img alt=\"2.jpg\" src=\"https://vtl-cms.grandsways.com/uploads/2_0ea5029c96.jpg\" srcset=\"https://vtl-cms.grandsways.com/uploads/thumbnail_2_0ea5029c96.jpg 245w, https://vtl-cms.grandsways.com/uploads/small_2_0ea5029c96.jpg 500w, https://vtl-cms.grandsways.com/uploads/medium_2_0ea5029c96.jpg 750w, https://vtl-cms.grandsways.com/uploads/large_2_0ea5029c96.jpg 1000w\" sizes=\"100vw\" width=\"1000\"></figure><p style=\"-webkit-text-stroke-width:0px;background-color:rgb(255, 255, 255);box-sizing:border-box;color:rgb(33, 37, 41);font-family:pfb;font-size:16px;font-style:normal;font-variant-caps:normal;font-variant-ligatures:normal;font-weight:400;letter-spacing:normal;margin-bottom:1rem;margin-top:0px;orphans:2;outline:none;text-align:justify;text-decoration-color:initial;text-decoration-style:initial;text-decoration-thickness:initial;text-indent:0px;text-transform:none;white-space:normal;widows:2;word-spacing:0px;\"><span style=\"box-sizing:border-box;font-weight:400;outline:none;\">Vi tm nhn di hn v quan im pht trin bn vng, Viettel Post  v ang tip tc tp trung u t vo lnh vc Chuyn pht. Bng nhng n lc khng ngng ngh, hin nay Viettel Post  tr thnh mt trong nhng thng hiu hng u ti Vit Nam v chuyn pht vi hng lot cc bu cc, trung tm khai thc cng mng li rng khp 100% cc tnh thnh trn ton quc, c khch hng tin dng.</span></p><p style=\"-webkit-text-stroke-width:0px;background-color:rgb(255, 255, 255);box-sizing:border-box;color:rgb(33, 37, 41);font-family:pfb;font-size:16px;font-style:normal;font-variant-caps:normal;font-variant-ligatures:normal;font-weight:400;letter-spacing:normal;margin-bottom:1rem;margin-top:0px;orphans:2;outline:none;text-align:justify;text-decoration-color:initial;text-decoration-style:initial;text-decoration-thickness:initial;text-indent:0px;text-transform:none;white-space:normal;widows:2;word-spacing:0px;\"><span style=\"box-sizing:border-box;font-weight:400;outline:none;\"></span></p><p style=\"-webkit-text-stroke-width:0px;background-color:rgb(255, 255, 255);box-sizing:border-box;color:rgb(33, 37, 41);font-family:pfb;font-size:16px;font-style:normal;font-variant-caps:normal;font-variant-ligatures:normal;font-weight:400;letter-spacing:normal;margin-bottom:1rem;margin-top:0px;orphans:2;outline:none;text-align:justify;text-decoration-color:initial;text-decoration-style:initial;text-decoration-thickness:initial;text-indent:0px;text-transform:none;white-space:normal;widows:2;word-spacing:0px;\"><span style=\"box-sizing:border-box;font-weight:400;outline:none;\">Chng trnh Thng hiu quc gia Vit Nam l chng trnh xc tin thng mi c th, di hn ca Chnh ph nhm xy dng, pht trin thng hiu quc gia thng qua thng hiu sn phm. Vic tham gia Chng trnh l mt qu trnh  doanh nghip nh gi ton din cc hot ng, kt qu sn xut/ kinh doanh v chin lc xy dng thng hiu thng qua h thng tiu ch ca Chng trnh; t  khuyn khch cc doanh nghip chia s v theo ui cc gi tr ct li ca Chng trnh,  l Cht lng  i mi, sng to  Nng lc tin phong.&nbsp;</span></p>'),(5,'Nhn Vin Kinh Doanh Logistics/ Logistics Bn Hng (Thu Nhp Ln n 30 Triu/Thng V Khng Gii Hn, Yu Cu C Kinh Nghim V Logistics)','recruitment','2023-05-30 01:23:22.171000','2023-08-13 00:37:34.757000','2023-05-30 01:23:23.875000',1,1,'vi-VN',NULL,' Tm kim KH c nhu cu s dng dch v Logistics (Vn ti Quc t, Ni a).\n Lin h vi khch hng theo data c sn hoc t tm kim  gii thiu v sn phm dch v vn chuyn ca Viettel Logistics\n H tr KH trong qu trnh s dng dch v ti Cng ty => m bo  hi lng, tin cy ca KH.\n Pht trin khch hng qua cc trang Mng x hi, Google,...\n','nhan-vien-kinh-doanh-logistics-logistics-ban-hang-thu-nhap-len-den-30-trieu-va-khong-gioi-han-yeu-cau-co-kinh-nghiem-ve-logistics',73,3,1,'<p><meta charset=\"utf-8\"></p><h3 style=\"background-color:#ffffff;line-height:1.32;margin-bottom:0pt;margin-top:15pt;padding:0pt 0pt 8pt;\" dir=\"ltr\"><span style=\"background-color:transparent;color:#000000;font-family:Arial;font-size:13.5pt;\"><span style=\"font-style:normal;font-variant:normal;text-decoration:none;vertical-align:baseline;white-space:pre-wrap;\"><strong>M t cng vic</strong></span></span></h3><p style=\"background-color:#ffffff;line-height:1.38;margin-bottom:0pt;margin-top:0pt;padding:0pt 0pt 8pt;\" dir=\"ltr\"><span style=\"background-color:transparent;color:#333333;font-family:Arial;font-size:10.5pt;\"><span style=\"font-style:normal;font-variant:normal;font-weight:400;text-decoration:none;vertical-align:baseline;white-space:pre-wrap;\"> Tm kim KH c nhu cu s dng dch v Logistics (Vn ti Quc t, Ni a).</span></span></p><p style=\"background-color:#ffffff;line-height:1.38;margin-bottom:0pt;margin-top:0pt;padding:0pt 0pt 8pt;\" dir=\"ltr\"><span style=\"background-color:transparent;color:#333333;font-family:Arial;font-size:10.5pt;\"><span style=\"font-style:normal;font-variant:normal;font-weight:400;text-decoration:none;vertical-align:baseline;white-space:pre-wrap;\"> Lin h vi khch hng theo data c sn hoc t tm kim  gii thiu v sn phm dch v vn chuyn ca Viettel Logistics</span></span></p><p style=\"background-color:#ffffff;line-height:1.38;margin-bottom:0pt;margin-top:0pt;padding:0pt 0pt 8pt;\" dir=\"ltr\"><span style=\"background-color:transparent;color:#333333;font-family:Arial;font-size:10.5pt;\"><span style=\"font-style:normal;font-variant:normal;font-weight:400;text-decoration:none;vertical-align:baseline;white-space:pre-wrap;\"> H tr KH trong qu trnh s dng dch v ti Cng ty =&gt; m bo  hi lng, tin cy ca KH.</span></span></p><p style=\"background-color:#ffffff;line-height:1.38;margin-bottom:0pt;margin-top:0pt;padding:0pt 0pt 8pt;\" dir=\"ltr\"><span style=\"background-color:transparent;color:#333333;font-family:Arial;font-size:10.5pt;\"><span style=\"font-style:normal;font-variant:normal;font-weight:400;text-decoration:none;vertical-align:baseline;white-space:pre-wrap;\"> Pht trin khch hng qua cc trang Mng x hi, Google,...</span></span></p><h3 style=\"background-color:#ffffff;line-height:1.32;margin-bottom:0pt;margin-top:0pt;padding:7pt 0pt 8pt;\" dir=\"ltr\"><span style=\"background-color:transparent;color:#000000;font-family:Arial;font-size:13.5pt;\"><span style=\"font-style:normal;font-variant:normal;text-decoration:none;vertical-align:baseline;white-space:pre-wrap;\"><strong>Yu cu ng vin</strong></span></span></h3><p style=\"background-color:#ffffff;line-height:1.38;margin-bottom:0pt;margin-top:0pt;padding:0pt 0pt 8pt;\" dir=\"ltr\"><span style=\"background-color:transparent;color:#333333;font-family:Arial;font-size:10.5pt;\"><span style=\"font-style:normal;font-variant:normal;font-weight:400;text-decoration:none;vertical-align:baseline;white-space:pre-wrap;\"> Trnh  Hc vn:  Tt nghip i hc chuyn ngnh Kinh doanh quc t, Qun tr Kinh doanh, khi ngnh Kinh t.</span></span></p><p style=\"background-color:#ffffff;line-height:1.38;margin-bottom:0pt;margin-top:0pt;padding:0pt 0pt 8pt;\" dir=\"ltr\"><span style=\"background-color:transparent;color:#333333;font-family:Arial;font-size:10.5pt;\"><span style=\"font-style:normal;font-variant:normal;font-weight:400;text-decoration:none;vertical-align:baseline;white-space:pre-wrap;\"> Kinh nghim Sales Logistics &gt; 1 nm.</span></span></p><p style=\"background-color:#ffffff;line-height:1.38;margin-bottom:0pt;margin-top:0pt;padding:0pt 0pt 8pt;\" dir=\"ltr\"><span style=\"background-color:transparent;color:#333333;font-family:Arial;font-size:10.5pt;\"><span style=\"font-style:normal;font-variant:normal;font-weight:400;text-decoration:none;vertical-align:baseline;white-space:pre-wrap;\"> Yu thch v c nh hng theo ngnh Sale Logistics.</span></span></p><p style=\"background-color:#ffffff;line-height:1.38;margin-bottom:0pt;margin-top:0pt;padding:0pt 0pt 8pt;\" dir=\"ltr\"><span style=\"background-color:transparent;color:#333333;font-family:Arial;font-size:10.5pt;\"><span style=\"font-style:normal;font-variant:normal;font-weight:400;text-decoration:none;vertical-align:baseline;white-space:pre-wrap;\"> Nhanh nhn, nhit tnh v k nng giao tip.</span></span></p><p style=\"background-color:#ffffff;line-height:1.38;margin-bottom:8pt;margin-top:0pt;\" dir=\"ltr\"><span style=\"background-color:transparent;color:#333333;font-family:Arial;font-size:10.5pt;\"><span style=\"font-style:normal;font-variant:normal;font-weight:400;text-decoration:none;vertical-align:baseline;white-space:pre-wrap;\">a ch nhn HS v lm vic:</span></span></p><ul style=\"margin-bottom:0;margin-top:0;padding-inline-start:48px;\"><li style=\"background-color:transparent;color:#333333;font-family:Arial;font-size:10.5pt;font-style:normal;font-variant:normal;font-weight:400;list-style-type:disc;text-decoration:none;vertical-align:baseline;white-space:pre;\" dir=\"ltr\" aria-level=\"1\"><p style=\"margin-left:15pt;\"><span style=\"background-color:transparent;color:#333333;font-family:Arial;font-size:10.5pt;\"><span style=\"font-style:normal;font-variant:normal;font-weight:400;text-decoration:none;vertical-align:baseline;white-space:pre-wrap;\">Ti H Ni: Km12, QL32, P. Minh Khai, Q. Bc T Lim, TP. HN</span></span></p></li><li style=\"background-color:transparent;color:#333333;font-family:Arial;font-size:10.5pt;font-style:normal;font-variant:normal;font-weight:400;list-style-type:disc;text-decoration:none;vertical-align:baseline;white-space:pre;\" dir=\"ltr\" aria-level=\"1\"><p style=\"margin-left:15pt;\"><span style=\"background-color:transparent;color:#333333;font-family:Arial;font-size:10.5pt;\"><span style=\"font-style:normal;font-variant:normal;font-weight:400;text-decoration:none;vertical-align:baseline;white-space:pre-wrap;\">Ti  Nng: S 92 Hunh Tn Pht, P. Ha Cng Bc, Q. Hi Chu,  Nng</span></span></p></li><li style=\"background-color:transparent;color:#333333;font-family:Arial;font-size:10.5pt;font-style:normal;font-variant:normal;font-weight:400;list-style-type:disc;text-decoration:none;vertical-align:baseline;white-space:pre;\" dir=\"ltr\" aria-level=\"1\"><p style=\"margin-left:15pt;\"><span style=\"background-color:transparent;color:#333333;font-family:Arial;font-size:10.5pt;\"><span style=\"font-style:normal;font-variant:normal;font-weight:400;text-decoration:none;vertical-align:baseline;white-space:pre-wrap;\">Ti HCM: S 306 L Thng Kit, P.6, Q. Tn Bnh, TP. HCM</span></span></p></li></ul><p style=\"background-color:#ffffff;line-height:1.38;margin-bottom:0pt;margin-top:0pt;padding:0pt 0pt 8pt;\" dir=\"ltr\"><span style=\"background-color:transparent;color:#333333;font-family:Arial;font-size:10.5pt;\"><span style=\"font-style:normal;font-variant:normal;font-weight:400;text-decoration:none;vertical-align:baseline;white-space:pre-wrap;\">Thi gian lm vic: T Th 2 n sng Th 7. Sng t 8h00  12h00, Chiu t 13h30  17h30. Ngh Chiu Th 7 + CN.</span></span></p><h3 style=\"background-color:#ffffff;line-height:1.32;margin-bottom:0pt;margin-top:0pt;padding:7pt 0pt 8pt;\" dir=\"ltr\"><span style=\"background-color:transparent;color:#000000;font-family:Arial;font-size:13.5pt;\"><span style=\"font-style:normal;font-variant:normal;text-decoration:none;vertical-align:baseline;white-space:pre-wrap;\"><strong>Quyn li</strong></span></span></h3><p style=\"background-color:#ffffff;line-height:1.38;margin-bottom:0pt;margin-top:0pt;padding:0pt 0pt 8pt;\" dir=\"ltr\"><span style=\"background-color:transparent;color:#333333;font-family:Arial;font-size:10.5pt;\"><span style=\"font-style:normal;font-variant:normal;font-weight:400;text-decoration:none;vertical-align:baseline;white-space:pre-wrap;\">Ti Cng ty TNHH MTV Logistics Viettel, cc ng vin s c lm vic trong mi trng nng ng, tr trung v chuyn nghip, vi cc i ng hp dn sau:</span></span></p><p style=\"background-color:#ffffff;line-height:1.38;margin-bottom:0pt;margin-top:0pt;padding:0pt 0pt 8pt;\" dir=\"ltr\"><span style=\"background-color:transparent;color:#333333;font-family:Arial;font-size:10.5pt;\"><span style=\"font-style:normal;font-variant:normal;font-weight:400;text-decoration:none;vertical-align:baseline;white-space:pre-wrap;\">1. Ch  v lng thng, thu nhp</span></span></p><p style=\"background-color:#ffffff;line-height:1.38;margin-bottom:0pt;margin-top:0pt;padding:0pt 0pt 8pt;\" dir=\"ltr\"><span style=\"background-color:transparent;color:#333333;font-family:Arial;font-size:10.5pt;\"><span style=\"font-style:normal;font-variant:normal;font-weight:400;text-decoration:none;vertical-align:baseline;white-space:pre-wrap;\">- Thu nhp: Ln n 30tr/thng (Mc lng khng gii hn  Lng cng t 6-15 triu ng + Lng KD).</span></span></p><p style=\"background-color:#ffffff;line-height:1.38;margin-bottom:0pt;margin-top:0pt;padding:0pt 0pt 8pt;\" dir=\"ltr\"><span style=\"background-color:transparent;color:#333333;font-family:Arial;font-size:10.5pt;\"><span style=\"font-style:normal;font-variant:normal;font-weight:400;text-decoration:none;vertical-align:baseline;white-space:pre-wrap;\">- C ch  h tr tin in thoi v n tra, ngh mt hng nm; cc khon thng vo cc dp l ln theo quy nh ca Cng ty (30/4&amp;1/5, 1/6, 1/7, 2/9, 22/12&amp; tt dng lch, Tt m lch,)</span></span></p><p style=\"background-color:#ffffff;line-height:1.38;margin-bottom:0pt;margin-top:0pt;padding:0pt 0pt 8pt;\" dir=\"ltr\"><span style=\"background-color:transparent;color:#333333;font-family:Arial;font-size:10.5pt;\"><span style=\"font-style:normal;font-variant:normal;font-weight:400;text-decoration:none;vertical-align:baseline;white-space:pre-wrap;\">2. Chng trnh o to, chm sc sc khe.</span></span></p><p style=\"background-color:#ffffff;line-height:1.38;margin-bottom:0pt;margin-top:0pt;padding:0pt 0pt 8pt;\" dir=\"ltr\"><span style=\"background-color:transparent;color:#333333;font-family:Arial;font-size:10.5pt;\"><span style=\"font-style:normal;font-variant:normal;font-weight:400;text-decoration:none;vertical-align:baseline;white-space:pre-wrap;\">- Hng nm CBNV c tham gia khm sc khe nh k ti cc bnh vin ln.</span></span></p><p style=\"background-color:#ffffff;line-height:1.38;margin-bottom:0pt;margin-top:0pt;padding:0pt 0pt 8pt;\" dir=\"ltr\"><span style=\"background-color:transparent;color:#333333;font-family:Arial;font-size:10.5pt;\"><span style=\"font-style:normal;font-variant:normal;font-weight:400;text-decoration:none;vertical-align:baseline;white-space:pre-wrap;\">3. Hot ng tp th hp dn, phong ph</span></span></p><p style=\"background-color:#ffffff;line-height:1.38;margin-bottom:0pt;margin-top:0pt;padding:0pt 0pt 8pt;\" dir=\"ltr\"><span style=\"background-color:transparent;color:#333333;font-family:Arial;font-size:10.5pt;\"><span style=\"font-style:normal;font-variant:normal;font-weight:400;text-decoration:none;vertical-align:baseline;white-space:pre-wrap;\">- Tham gia vo hot ng \'Happy Time\" chiu th 6 hng tun cng vi chng trnh sinh nht thng.</span></span></p><p style=\"background-color:#ffffff;line-height:1.38;margin-bottom:0pt;margin-top:0pt;padding:0pt 0pt 8pt;\" dir=\"ltr\"><span style=\"background-color:transparent;color:#333333;font-family:Arial;font-size:10.5pt;\"><span style=\"font-style:normal;font-variant:normal;font-weight:400;text-decoration:none;vertical-align:baseline;white-space:pre-wrap;\">- Chng trnh teambuilding, vn ha, du lch ngh mt hp dn v a dng.</span></span></p><p style=\"background-color:#ffffff;line-height:1.38;margin-bottom:0pt;margin-top:0pt;padding:0pt 0pt 12pt;\" dir=\"ltr\"><span style=\"background-color:transparent;color:#212529;font-family:Arial;font-size:13pt;\"><span style=\"font-style:normal;font-variant:normal;text-decoration:none;vertical-align:baseline;white-space:pre-wrap;\"><strong>ng tuyn:</strong></span></span></p><p style=\"background-color:#ffffff;line-height:1.38;margin-bottom:0pt;margin-top:0pt;padding:0pt 0pt 12pt;\" dir=\"ltr\"><span style=\"background-color:transparent;color:#212529;font-family:Arial;font-size:12pt;\"><span style=\"font-style:normal;font-variant:normal;font-weight:400;text-decoration:none;vertical-align:baseline;white-space:pre-wrap;\">ng vin c th ng tuyn bng cch gi CV v a ch email:&nbsp;</span></span><span style=\"background-color:#ffffff;color:#050505;font-family:Arial;font-size:11.5pt;\"><span style=\"font-style:normal;font-variant:normal;font-weight:400;text-decoration:none;vertical-align:baseline;white-space:pre-wrap;\">tuyendung.viettellogistics@gmail.com</span></span><span style=\"background-color:transparent;color:#212529;font-family:Arial;font-size:12pt;\"><span style=\"font-style:normal;font-variant:normal;font-weight:400;text-decoration:none;vertical-align:baseline;white-space:pre-wrap;\">  Tiu  email: V tr ng tuyn  H tn</span></span></p><p style=\"background-color:#ffffff;line-height:1.38;margin-bottom:12pt;margin-top:0pt;\" dir=\"ltr\"><span style=\"background-color:transparent;color:#212529;font-family:Arial;font-size:13pt;\"><span style=\"font-style:normal;font-variant:normal;text-decoration:none;vertical-align:baseline;white-space:pre-wrap;\"><strong>Thng tin lin h:</strong></span></span></p><ul style=\"margin-bottom:0;margin-top:0;padding-inline-start:48px;\"><li style=\"background-color:transparent;color:#212529;font-family:Arial;font-size:12pt;font-style:normal;font-variant:normal;font-weight:400;list-style-type:disc;text-decoration:none;vertical-align:baseline;white-space:pre;\" dir=\"ltr\" aria-level=\"1\"><span style=\"background-color:transparent;color:#212529;font-family:Arial;font-size:12pt;\"><span style=\"font-style:normal;font-variant:normal;font-weight:400;text-decoration:none;vertical-align:baseline;white-space:pre-wrap;\">Ms. Giang  Chuyn vin Tuyn dng Viettel Logistics</span></span></li><li style=\"background-color:transparent;color:#212529;font-family:Arial;font-size:12pt;font-style:normal;font-variant:normal;font-weight:400;list-style-type:disc;text-decoration:none;vertical-align:baseline;white-space:pre;\" dir=\"ltr\" aria-level=\"1\"><span style=\"background-color:transparent;color:#212529;font-family:Arial;font-size:12pt;\"><span style=\"font-style:normal;font-variant:normal;font-weight:400;text-decoration:none;vertical-align:baseline;white-space:pre-wrap;\">Phone:&nbsp; </span></span><span style=\"background-color:#ffffff;color:#050505;font-family:Arial;font-size:11.5pt;\"><span style=\"font-style:normal;font-variant:normal;font-weight:400;text-decoration:none;vertical-align:baseline;white-space:pre-wrap;\">0973161786&nbsp;</span></span><span style=\"background-color:transparent;color:#212529;font-family:Arial;font-size:12pt;\"><span style=\"font-style:normal;font-variant:normal;font-weight:400;text-decoration:none;vertical-align:baseline;white-space:pre-wrap;\">(Call/Add Zalo)</span></span></li><li style=\"background-color:transparent;color:#212529;font-family:Arial;font-size:12pt;font-style:normal;font-variant:normal;font-weight:400;list-style-type:disc;text-decoration:none;vertical-align:baseline;white-space:pre;\" dir=\"ltr\" aria-level=\"1\"><span style=\"background-color:transparent;color:#212529;font-family:Arial;font-size:12pt;\"><span style=\"font-style:normal;font-variant:normal;font-weight:400;text-decoration:none;vertical-align:baseline;white-space:pre-wrap;\">Mail:&nbsp;</span></span><span style=\"background-color:#ffffff;color:#050505;font-family:Arial;font-size:12.499999999999998pt;\"><span style=\"font-style:normal;font-variant:normal;font-weight:400;text-decoration:none;vertical-align:baseline;white-space:pre-wrap;\">tuyendung.viettellogistics@gmail.com</span></span><span style=\"background-color:transparent;color:#212529;font-family:Arial;font-size:13pt;\"><span style=\"font-style:normal;font-variant:normal;font-weight:400;text-decoration:none;vertical-align:baseline;white-space:pre-wrap;\">&nbsp;</span></span></li><li style=\"background-color:transparent;color:#212529;font-family:Arial;font-size:12pt;font-style:normal;font-variant:normal;font-weight:400;list-style-type:disc;text-decoration:none;vertical-align:baseline;white-space:pre;\" dir=\"ltr\" aria-level=\"1\"><span style=\"background-color:transparent;color:#212529;font-family:Arial;font-size:12pt;\"><span style=\"font-style:normal;font-variant:normal;font-weight:400;text-decoration:none;vertical-align:baseline;white-space:pre-wrap;\">a ch: Viettel Post Center, Km12, QL32, phng Minh Khai, qun Bc T Lim, H Ni</span></span></li><li style=\"background-color:transparent;color:#212529;font-family:Arial;font-size:12pt;font-style:normal;font-variant:normal;font-weight:400;list-style-type:disc;text-decoration:none;vertical-align:baseline;white-space:pre;\" dir=\"ltr\" aria-level=\"1\"><span style=\"background-color:transparent;color:#212529;font-family:Arial;font-size:12pt;\"><span style=\"font-style:normal;font-variant:normal;font-weight:400;text-decoration:none;vertical-align:baseline;white-space:pre-wrap;\">Fanpage:</span></span><span style=\"background-color:transparent;color:#0000ff;font-family:Arial;font-size:12pt;\"><span style=\"font-style:normal;font-variant:normal;font-weight:400;text-decoration:none;vertical-align:baseline;white-space:pre-wrap;\"> https://www.facebook.com/ViettlLogisticsTuyenDung</span></span></li></ul>'),(6,'VIETTEL POST L N V LOGISTICS DUY NHT TRN TH GII T GII VNG IT WORLD AWARDS 2023','internal_news','2023-05-30 01:52:55.577000','2023-08-14 06:45:36.323000','2023-05-30 01:52:56.547000',1,1,'vi-VN',NULL,'Theo cng b ca Ban t chc Gii thng cng ngh thng tin ln nht th gii  IT World Awards 2023, Viettel Post lin tip t 3 gii vng cho h thng NOC (Network Operation Center  H thng iu hnh mng li logistics). ','viettel-post-giao-hang-dong-gia-30k-tai-3-dia-diemmn',18,NULL,NULL,'<p><meta charset=\"utf-8\"><b style=\"-webkit-text-stroke-width:0px;background-color:rgb(255, 255, 255);box-sizing:border-box;color:rgb(33, 37, 41);font-family:pfb;font-size:16px;font-style:normal;font-variant-caps:normal;font-variant-ligatures:normal;font-weight:bolder;letter-spacing:normal;orphans:2;outline:none;text-align:justify;text-decoration-color:initial;text-decoration-style:initial;text-decoration-thickness:initial;text-indent:0px;text-transform:none;white-space:normal;widows:2;word-spacing:0px;\"><i style=\"box-sizing:border-box;outline:none;\"><strong>Theo cng b ca Ban t chc Gii thng cng ngh thng tin ln nht th gii  IT World Awards 2023, Viettel Post lin tip t 3 gii vng cho h thng NOC (Network Operation Center  H thng iu hnh mng li logistics).</strong></i></b><span style=\"background-color:rgb(255,255,255);color:rgb(33,37,41);font-family:pfb;font-size:16px;\"><span style=\"-webkit-text-stroke-width:0px;box-sizing:border-box;font-style:normal;font-variant-caps:normal;font-variant-ligatures:normal;font-weight:400;letter-spacing:normal;orphans:2;outline:none;text-align:justify;text-decoration-color:initial;text-decoration-style:initial;text-decoration-thickness:initial;text-indent:0px;text-transform:none;white-space:normal;widows:2;word-spacing:0px;\">&nbsp;</span></span></p><p style=\"-webkit-text-stroke-width:0px;background-color:rgb(255, 255, 255);box-sizing:border-box;color:rgb(33, 37, 41);font-family:pfb;font-size:16px;font-style:normal;font-variant-caps:normal;font-variant-ligatures:normal;font-weight:400;letter-spacing:normal;margin-bottom:1rem;margin-top:0px;orphans:2;outline:none;text-align:justify;text-decoration-color:initial;text-decoration-style:initial;text-decoration-thickness:initial;text-indent:0px;text-transform:none;white-space:normal;widows:2;word-spacing:0px;\"><span style=\"box-sizing:border-box;font-weight:400;outline:none;\">y l mt trong nhng gii thng cng ngh uy tn nht th gii, thu ht s tham gia ca nhiu doanh nghip, tp on ln ti Vit Nam v quc t. Gii thng cng l hot ng thng nin  cc doanh nghip, tp on khng nh cht lng sn phm dch v cng ngh s i vi cc i tc nc ngoi.&nbsp;</span></p><p style=\"-webkit-text-stroke-width:0px;background-color:rgb(255, 255, 255);box-sizing:border-box;color:rgb(33, 37, 41);font-family:pfb;font-size:16px;font-style:normal;font-variant-caps:normal;font-variant-ligatures:normal;font-weight:400;letter-spacing:normal;margin-bottom:1rem;margin-top:0px;orphans:2;outline:none;text-align:justify;text-decoration-color:initial;text-decoration-style:initial;text-decoration-thickness:initial;text-indent:0px;text-transform:none;white-space:normal;widows:2;word-spacing:0px;\"><span style=\"box-sizing:border-box;font-weight:400;outline:none;\">Nm nay, h thng NOC ca Viettel Post git 3 gii vng ti cc hng mc: IT Solutions for Technology (Gii php IT cho Cng ngh), Most Innovative IT Service (Dch v CNTT sng to nht) v Transportation Management Systems (H thng qun l vn ti).</span></p><figure class=\"image image_resized\" style=\"width:53.66%;\"><img alt=\"z4468202106913_0fcffe7a7f5a706a5692861b4f64c2db.jpg\" src=\"https://vtl-cms.grandsways.com/uploads/z4468202106913_0fcffe7a7f5a706a5692861b4f64c2db_cd1f53d34f.jpg\" srcset=\"https://vtl-cms.grandsways.com/uploads/thumbnail_z4468202106913_0fcffe7a7f5a706a5692861b4f64c2db_cd1f53d34f.jpg 234w, https://vtl-cms.grandsways.com/uploads/small_z4468202106913_0fcffe7a7f5a706a5692861b4f64c2db_cd1f53d34f.jpg 500w\" sizes=\"100vw\" width=\"500\"></figure><p style=\"text-align:center;\"><em style=\"-webkit-text-stroke-width:0px;background-color:rgb(255, 255, 255);box-sizing:border-box;color:rgb(33, 37, 41);font-family:pfb;font-size:16px;font-variant-caps:normal;font-variant-ligatures:normal;font-weight:400;letter-spacing:normal;orphans:2;outline:none;text-align:center;text-decoration-color:initial;text-decoration-style:initial;text-decoration-thickness:initial;text-indent:0px;text-transform:none;white-space:normal;widows:2;word-spacing:0px;\"><i>H thng NOC cn c v nh mt thn ca Viettel Post</i></em></p><p style=\"-webkit-text-stroke-width:0px;background-color:rgb(255, 255, 255);box-sizing:border-box;color:rgb(33, 37, 41);font-family:pfb;font-size:16px;font-style:normal;font-variant-caps:normal;font-variant-ligatures:normal;font-weight:400;letter-spacing:normal;margin-bottom:1rem;margin-top:0px;orphans:2;outline:none;text-align:justify;text-decoration-color:initial;text-decoration-style:initial;text-decoration-thickness:initial;text-indent:0px;text-transform:none;white-space:normal;widows:2;word-spacing:0px;\"><span style=\"box-sizing:border-box;font-weight:400;outline:none;\">c bit, Viettel Post ginh chin thng tuyt i khi c n 3/3 hng mc  c u t gii Vng cho h thng NOC. Kt qu ny c nh gi v xt duyt bi cc chuyn gia u ngng lnh vc Cng ngh thng tin t khp ni trn th gii. y cn l nm th 3 lin tip Viettel Post ginh chin thng ti IT World Awards.&nbsp;</span></p><p style=\"-webkit-text-stroke-width:0px;background-color:rgb(255, 255, 255);box-sizing:border-box;color:rgb(33, 37, 41);font-family:pfb;font-size:16px;font-style:normal;font-variant-caps:normal;font-variant-ligatures:normal;font-weight:400;letter-spacing:normal;margin-bottom:1rem;margin-top:0px;orphans:2;outline:none;text-align:justify;text-decoration-color:initial;text-decoration-style:initial;text-decoration-thickness:initial;text-indent:0px;text-transform:none;white-space:normal;widows:2;word-spacing:0px;\"><span style=\"box-sizing:border-box;font-weight:400;outline:none;\">ng ch , trong lnh vc Logistics, Viettel Post l doanh nghip duy nht ti Vit Nam v trn th gii c vinh danh ti IT World Awards 2023.&nbsp;</span></p><p style=\"-webkit-text-stroke-width:0px;background-color:rgb(255, 255, 255);box-sizing:border-box;color:rgb(33, 37, 41);font-family:pfb;font-size:16px;font-style:normal;font-variant-caps:normal;font-variant-ligatures:normal;font-weight:400;letter-spacing:normal;margin-bottom:1rem;margin-top:0px;orphans:2;outline:none;text-align:justify;text-decoration-color:initial;text-decoration-style:initial;text-decoration-thickness:initial;text-indent:0px;text-transform:none;white-space:normal;widows:2;word-spacing:0px;\"><span style=\"box-sizing:border-box;font-weight:400;outline:none;\"> c cng nhn ti  c ny, h thng NOC ca Viettel Post  chng minh c hiu qu trong thc t v c khai thc, s dng thng xuyn. C th, sau 8 thng trin khai, NOC  gim st 372 ch tiu cht lng, 241 ch tiu kinh doanh ca 63 chi nhnh, 72 trung tm khai thc trn a bn tnh, gn 11.088 bu t trn ton quc.&nbsp;</span></p><p style=\"-webkit-text-stroke-width:0px;background-color:rgb(255, 255, 255);box-sizing:border-box;color:rgb(33, 37, 41);font-family:pfb;font-size:16px;font-style:normal;font-variant-caps:normal;font-variant-ligatures:normal;font-weight:400;letter-spacing:normal;margin-bottom:1rem;margin-top:0px;orphans:2;outline:none;text-align:justify;text-decoration-color:initial;text-decoration-style:initial;text-decoration-thickness:initial;text-indent:0px;text-transform:none;white-space:normal;widows:2;word-spacing:0px;\"><span style=\"box-sizing:border-box;font-weight:400;outline:none;\">H thng NOC gip b phn vn hnh ca Viettel Post gim thi gian bo co mi ngy thng qua vic ct d liu 360 . Vic tng hp bo co hng ngy ca nhn vin bu t gim xung cn t 15-30 pht thay v phi mt t 1-2 ting nh trc y. Vic ly d liu ch mt t 1-2 pht so vi vic phi mt t 20-30 pht nh khi x l th cng do phi tng hp nhiu ngun d liu khc nhau.&nbsp;</span></p><p style=\"-webkit-text-stroke-width:0px;background-color:rgb(255, 255, 255);box-sizing:border-box;color:rgb(33, 37, 41);font-family:pfb;font-size:16px;font-style:normal;font-variant-caps:normal;font-variant-ligatures:normal;font-weight:400;letter-spacing:normal;margin-bottom:1rem;margin-top:0px;orphans:2;outline:none;text-align:justify;text-decoration-color:initial;text-decoration-style:initial;text-decoration-thickness:initial;text-indent:0px;text-transform:none;white-space:normal;widows:2;word-spacing:0px;\"><span style=\"box-sizing:border-box;font-weight:400;outline:none;\">Thng tin c trch xut a chiu v a cc con s vo cuc sng bng cch kt ni d liu thuc cc phn h khc nhau t kinh doanh, ti chnh n dch v khch hng Nh , ngi dng c mt bc tranh tng th v logic v hot ng  c ci nhn bao qut gip a ra cc quyt nh nhanh chng, chnh xc.</span></p><figure class=\"image image_resized\" style=\"width:55.9%;\"><img alt=\"z4468203905736_fe1e9f72fd88d3469699699710520675.jpg\" src=\"https://vtl-cms.grandsways.com/uploads/z4468203905736_fe1e9f72fd88d3469699699710520675_5626c876ca.jpg\" srcset=\"https://vtl-cms.grandsways.com/uploads/thumbnail_z4468203905736_fe1e9f72fd88d3469699699710520675_5626c876ca.jpg 245w, https://vtl-cms.grandsways.com/uploads/small_z4468203905736_fe1e9f72fd88d3469699699710520675_5626c876ca.jpg 500w\" sizes=\"100vw\" width=\"500\"></figure><p style=\"-webkit-text-stroke-width:0px;background-color:rgb(255, 255, 255);box-sizing:border-box;color:rgb(33, 37, 41);font-family:pfb;font-size:16px;font-style:normal;font-variant-caps:normal;font-variant-ligatures:normal;font-weight:400;letter-spacing:normal;margin-bottom:1rem;margin-top:0px;orphans:2;outline:none;text-align:justify;text-decoration-color:initial;text-decoration-style:initial;text-decoration-thickness:initial;text-indent:0px;text-transform:none;white-space:normal;widows:2;word-spacing:0px;\"><span style=\"box-sizing:border-box;font-weight:400;outline:none;\">Ngoi ra, h thng NOC ca Viettel Post gip cc cp qun l xc nh c im yu trong tng khu dch v  a ra cc quyt nh kp thi nhm rt ngn thi gian vn hnh, nng cao cht lng dch v v ngn nga cc s c bt thng. Vic cnh bo cc vn  pht sinh c cp nht theo thi gian thc, do , cc sai st s c pht hin v tin hnh x l ngay.&nbsp;</span></p><p style=\"-webkit-text-stroke-width:0px;background-color:rgb(255, 255, 255);box-sizing:border-box;color:rgb(33, 37, 41);font-family:pfb;font-size:16px;font-style:normal;font-variant-caps:normal;font-variant-ligatures:normal;font-weight:400;letter-spacing:normal;margin-bottom:1rem;margin-top:0px;orphans:2;outline:none;text-align:justify;text-decoration-color:initial;text-decoration-style:initial;text-decoration-thickness:initial;text-indent:0px;text-transform:none;white-space:normal;widows:2;word-spacing:0px;\"><span style=\"box-sizing:border-box;font-weight:400;outline:none;\">Trc khi c h thng NOC, mi ngy, b phn vn hnh ca Viettel Post cn lm vic lin tc vi cc ngun d liu th vi s lng ln, iu ny gy ra s bt cp v thi gian v s chnh xc ca cc con s. Do , h thng NOC c ra i t ni au gip iu hnh, gim st tp trung tt c cc phn h chc nng ti Viettel Post t kinh doanh, vn hnh, ti chnh, t chc lao ng n chm sc khch hng&nbsp;&nbsp;</span></p><p style=\"-webkit-text-stroke-width:0px;background-color:rgb(255, 255, 255);box-sizing:border-box;color:rgb(33, 37, 41);font-family:pfb;font-size:16px;font-style:normal;font-variant-caps:normal;font-variant-ligatures:normal;font-weight:400;letter-spacing:normal;margin-bottom:1rem;margin-top:0px;orphans:2;outline:none;text-align:justify;text-decoration-color:initial;text-decoration-style:initial;text-decoration-thickness:initial;text-indent:0px;text-transform:none;white-space:normal;widows:2;word-spacing:0px;\"><span style=\"box-sizing:border-box;font-weight:400;outline:none;\">K hoch trong nm 2023, h thng NOC s tip tc hon thin, b sung thm cc phn h, chc nng mi, a vo vn hnh lung thao tc giao nhim v t ng theo phiu p dng cho cc n v, nng cp hon thin h thng. H thng NOC gim st v vn hnh 100% cc ch s theo thi gian thc gip cnh bo, vn hnh chnh xc, nhanh chng v nng cao tri nghim khch hng. ng thi, i ng pht trin h thng ca Viettel Post cng s b sung giao din trn App  h thng NOC d dng s dng trong gim st, iu hnh.&nbsp;</span></p><p style=\"-webkit-text-stroke-width:0px;background-color:rgb(255, 255, 255);box-sizing:border-box;color:rgb(33, 37, 41);font-family:pfb;font-size:16px;font-style:normal;font-variant-caps:normal;font-variant-ligatures:normal;font-weight:400;letter-spacing:normal;margin-bottom:1rem;margin-top:0px;orphans:2;outline:none;text-align:justify;text-decoration-color:initial;text-decoration-style:initial;text-decoration-thickness:initial;text-indent:0px;text-transform:none;white-space:normal;widows:2;word-spacing:0px;\"><span style=\"box-sizing:border-box;font-weight:400;outline:none;\">S ghi nhn ca Gii thng cng ngh thng tin ln nht th gii  IT World Awards 2023 l mt du mc trong tin trnh chuyn i s ca Viettel Post. Xc nh cht lng dch v l ng lc quan trng nht thc y tng trng, Viettel Post lun khng ngng nghin cu, ng dng cng ngh trong vn hnh, gim st, cnh bo n tng n hng, tng tuyn bu t, tng xe. y cng l cam kt ca Viettel Post nhm cung cp gii php vn chuyn ti u nht cho khch hng vi phng chm Nhanh nht  Tin cy nht.&nbsp;</span></p>'),(7,'Nhn Vin Chng T ( Customer Service ) - Logistics','recruitment','2023-05-30 01:54:51.435000','2023-08-11 19:09:35.784000','2023-05-30 01:55:24.614000',1,1,'vi-VN',1,'M t cng vic\n Lm hp ng nguyn tc vi KH, ly booking t i tc v gi cho KH, lm BL v DO, Khai manifest.\n Theo di l hng trong sut qu trnh vn chuyn, gii quyt trouble pht sinh (nu c).\n Thc hin cc cng vic c giao t Trng B phn.','nhan-vien-chung-tu-customer-service-logistics',98,1,1,'<p><meta charset=\"utf-8\"></p><h3 style=\"background-color:#ffffff;line-height:1.32;margin-bottom:0pt;margin-top:15pt;padding:0pt 0pt 8pt;\" dir=\"ltr\"><span style=\"background-color:transparent;color:#000000;font-family:Arial;font-size:13.5pt;\"><span style=\"font-style:normal;font-variant:normal;text-decoration:none;vertical-align:baseline;white-space:pre-wrap;\"><strong>M t cng vic</strong></span></span></h3><p style=\"background-color:#ffffff;line-height:1.38;margin-bottom:0pt;margin-top:0pt;padding:0pt 0pt 8pt;\" dir=\"ltr\"><span style=\"background-color:transparent;color:#333333;font-family:Arial;font-size:10.5pt;\"><span style=\"font-style:normal;font-variant:normal;font-weight:400;text-decoration:none;vertical-align:baseline;white-space:pre-wrap;\"> Lm hp ng nguyn tc vi KH, ly booking t i tc v gi cho KH, lm BL v DO, Khai manifest.</span></span><br><span style=\"background-color:transparent;color:#333333;font-family:Arial;font-size:10.5pt;\"><span style=\"font-style:normal;font-variant:normal;font-weight:400;text-decoration:none;vertical-align:baseline;white-space:pre-wrap;\"> Theo di l hng trong sut qu trnh vn chuyn, gii quyt trouble pht sinh (nu c).</span></span><br><span style=\"background-color:transparent;color:#333333;font-family:Arial;font-size:10.5pt;\"><span style=\"font-style:normal;font-variant:normal;font-weight:400;text-decoration:none;vertical-align:baseline;white-space:pre-wrap;\"> Thc hin cc cng vic c giao t Trng B phn.</span></span></p><h3 style=\"background-color:#ffffff;line-height:1.32;margin-bottom:0pt;margin-top:0pt;padding:7pt 0pt 8pt;\" dir=\"ltr\"><span style=\"background-color:transparent;color:#000000;font-family:Arial;font-size:13.5pt;\"><span style=\"font-style:normal;font-variant:normal;text-decoration:none;vertical-align:baseline;white-space:pre-wrap;\"><strong>Yu cu ng vin</strong></span></span></h3><p style=\"background-color:#ffffff;line-height:1.38;margin-bottom:0pt;margin-top:0pt;padding:0pt 0pt 8pt;\" dir=\"ltr\"><span style=\"background-color:transparent;color:#333333;font-family:Arial;font-size:10.5pt;\"><span style=\"font-style:normal;font-variant:normal;font-weight:400;text-decoration:none;vertical-align:baseline;white-space:pre-wrap;\">1. Trnh  Hc vn/ Chuyn mn c Lin quan</span></span><br><span style=\"background-color:transparent;color:#333333;font-family:Arial;font-size:10.5pt;\"><span style=\"font-style:normal;font-variant:normal;font-weight:400;text-decoration:none;vertical-align:baseline;white-space:pre-wrap;\"> Bng cp: Tt nghip Cao ng/ i hc chuyn ngnh Kinh t; Ngoi thng; Logistics; Xut nhp khu; Hi quan.</span></span><br><span style=\"background-color:transparent;color:#333333;font-family:Arial;font-size:10.5pt;\"><span style=\"font-style:normal;font-variant:normal;font-weight:400;text-decoration:none;vertical-align:baseline;white-space:pre-wrap;\">2. Kinh nghim v iu kin Lin quan</span></span><br><span style=\"background-color:transparent;color:#333333;font-family:Arial;font-size:10.5pt;\"><span style=\"font-style:normal;font-variant:normal;font-weight:400;text-decoration:none;vertical-align:baseline;white-space:pre-wrap;\"> C kinh nghim &gt; 1 nm  v tr tng ng.</span></span><br><span style=\"background-color:transparent;color:#333333;font-family:Arial;font-size:10.5pt;\"><span style=\"font-style:normal;font-variant:normal;font-weight:400;text-decoration:none;vertical-align:baseline;white-space:pre-wrap;\"> Trnh  ting anh c hiu chng t.</span></span><br><span style=\"background-color:transparent;color:#333333;font-family:Arial;font-size:10.5pt;\"><span style=\"font-style:normal;font-variant:normal;font-weight:400;text-decoration:none;vertical-align:baseline;white-space:pre-wrap;\"> Cn thn, trung thc, c tinh thn trch nhim cao.</span></span></p><h3 style=\"background-color:#ffffff;line-height:1.32;margin-bottom:0pt;margin-top:0pt;padding:7pt 0pt 8pt;\" dir=\"ltr\"><span style=\"background-color:transparent;color:#000000;font-family:Arial;font-size:13.5pt;\"><span style=\"font-style:normal;font-variant:normal;text-decoration:none;vertical-align:baseline;white-space:pre-wrap;\"><strong>Quyn li</strong></span></span></h3><p style=\"background-color:#ffffff;line-height:1.38;margin-bottom:0pt;margin-top:0pt;padding:0pt 0pt 8pt;\" dir=\"ltr\"><span style=\"background-color:transparent;color:#333333;font-family:Arial;font-size:10.5pt;\"><span style=\"font-style:normal;font-variant:normal;font-weight:400;text-decoration:none;vertical-align:baseline;white-space:pre-wrap;\">Ti Cng ty TNHH MTV Logistics Viettel, cc ng vin s c lm vic trong mi trng nng ng, tr trung v chuyn nghip, vi cc i ng hp dn sau:</span></span><br><span style=\"background-color:transparent;color:#333333;font-family:Arial;font-size:10.5pt;\"><span style=\"font-style:normal;font-variant:normal;font-weight:400;text-decoration:none;vertical-align:baseline;white-space:pre-wrap;\">1. Ch  v lng thng, thu nhp</span></span><br><span style=\"background-color:transparent;color:#333333;font-family:Arial;font-size:10.5pt;\"><span style=\"font-style:normal;font-variant:normal;font-weight:400;text-decoration:none;vertical-align:baseline;white-space:pre-wrap;\">- Mc lng: 10-13tr/thng.&nbsp;</span></span><br><span style=\"background-color:transparent;color:#333333;font-family:Arial;font-size:10.5pt;\"><span style=\"font-style:normal;font-variant:normal;font-weight:400;text-decoration:none;vertical-align:baseline;white-space:pre-wrap;\">- C ch  h tr tin in thoi v n tra, ngh mt hng nm; km theo l cc khon thng vo cc dp l ln (30/4, 1/5, 2/9, ngy thnh lp Tp on, Tng Cng ty, Tt Dng/ m) theo quy nh ca Cng ty.</span></span><br><span style=\"background-color:transparent;color:#333333;font-family:Arial;font-size:10.5pt;\"><span style=\"font-style:normal;font-variant:normal;font-weight:400;text-decoration:none;vertical-align:baseline;white-space:pre-wrap;\">2. Chng trnh chm sc sc khe</span></span><br><span style=\"background-color:transparent;color:#333333;font-family:Arial;font-size:10.5pt;\"><span style=\"font-style:normal;font-variant:normal;font-weight:400;text-decoration:none;vertical-align:baseline;white-space:pre-wrap;\">- c ng y  v cc ch  bo him x hi, bo him y t, bo him tht nghip v cc gi bo him sc khe khc.</span></span><br><span style=\"background-color:transparent;color:#333333;font-family:Arial;font-size:10.5pt;\"><span style=\"font-style:normal;font-variant:normal;font-weight:400;text-decoration:none;vertical-align:baseline;white-space:pre-wrap;\">- Hng nm CBCNV c tham gia khm sc khe nh k ti cc bnh vin ln.</span></span><br><span style=\"background-color:transparent;color:#333333;font-family:Arial;font-size:10.5pt;\"><span style=\"font-style:normal;font-variant:normal;font-weight:400;text-decoration:none;vertical-align:baseline;white-space:pre-wrap;\">3. Hot ng tp th hp dn, phong ph</span></span><br><span style=\"background-color:transparent;color:#333333;font-family:Arial;font-size:10.5pt;\"><span style=\"font-style:normal;font-variant:normal;font-weight:400;text-decoration:none;vertical-align:baseline;white-space:pre-wrap;\">- Tham gia cc hot ng, chng trnh sinh nht ti CQV.</span></span><br><span style=\"background-color:transparent;color:#333333;font-family:Arial;font-size:10.5pt;\"><span style=\"font-style:normal;font-variant:normal;font-weight:400;text-decoration:none;vertical-align:baseline;white-space:pre-wrap;\">- Chng trnh teambuilding, vn ha, du lch ngh mt hp dn v a dng.</span></span><br><span style=\"background-color:transparent;color:#333333;font-family:Arial;font-size:10.5pt;\"><span style=\"font-style:normal;font-variant:normal;font-weight:400;text-decoration:none;vertical-align:baseline;white-space:pre-wrap;\">- Cc hot ng th dc th thao cng cc gii u c Tp on t chc.</span></span></p><p style=\"background-color:#ffffff;line-height:1.38;margin-bottom:0pt;margin-top:0pt;padding:0pt 0pt 12pt;\" dir=\"ltr\"><span style=\"background-color:transparent;color:#212529;font-family:Arial;font-size:13pt;\"><span style=\"font-style:normal;font-variant:normal;text-decoration:none;vertical-align:baseline;white-space:pre-wrap;\"><strong>ng tuyn:</strong></span></span></p><p style=\"background-color:#ffffff;line-height:1.38;margin-bottom:0pt;margin-top:0pt;padding:0pt 0pt 12pt;\" dir=\"ltr\"><span style=\"background-color:transparent;color:#212529;font-family:Arial;font-size:12pt;\"><span style=\"font-style:normal;font-variant:normal;font-weight:400;text-decoration:none;vertical-align:baseline;white-space:pre-wrap;\">ng vin c th ng tuyn bng cch gi CV v a ch email:&nbsp;</span></span><span style=\"background-color:#ffffff;color:#050505;font-family:Arial;font-size:11.5pt;\"><span style=\"font-style:normal;font-variant:normal;font-weight:400;text-decoration:none;vertical-align:baseline;white-space:pre-wrap;\">tuyendung.viettellogistics@gmail.com</span></span><span style=\"background-color:transparent;color:#212529;font-family:Arial;font-size:12pt;\"><span style=\"font-style:normal;font-variant:normal;font-weight:400;text-decoration:none;vertical-align:baseline;white-space:pre-wrap;\">  Tiu  email: V tr ng tuyn  H tn</span></span></p><p style=\"background-color:#ffffff;line-height:1.38;margin-bottom:12pt;margin-top:0pt;\" dir=\"ltr\"><span style=\"background-color:transparent;color:#212529;font-family:Arial;font-size:13pt;\"><span style=\"font-style:normal;font-variant:normal;text-decoration:none;vertical-align:baseline;white-space:pre-wrap;\"><strong>Thng tin lin h:</strong></span></span></p><ul style=\"margin-bottom:0;margin-top:0;padding-inline-start:48px;\"><li style=\"background-color:transparent;color:#212529;font-family:Arial;font-size:12pt;font-style:normal;font-variant:normal;font-weight:400;list-style-type:disc;text-decoration:none;vertical-align:baseline;white-space:pre;\" dir=\"ltr\" aria-level=\"1\"><span style=\"background-color:transparent;color:#212529;font-family:Arial;font-size:12pt;\"><span style=\"font-style:normal;font-variant:normal;font-weight:400;text-decoration:none;vertical-align:baseline;white-space:pre-wrap;\">Ms. Giang  Chuyn vin Tuyn dng Viettel Logistics</span></span></li><li style=\"background-color:transparent;color:#212529;font-family:Arial;font-size:12pt;font-style:normal;font-variant:normal;font-weight:400;list-style-type:disc;text-decoration:none;vertical-align:baseline;white-space:pre;\" dir=\"ltr\" aria-level=\"1\"><span style=\"background-color:transparent;color:#212529;font-family:Arial;font-size:12pt;\"><span style=\"font-style:normal;font-variant:normal;font-weight:400;text-decoration:none;vertical-align:baseline;white-space:pre-wrap;\">Phone:&nbsp; </span></span><span style=\"background-color:#ffffff;color:#050505;font-family:Arial;font-size:11.5pt;\"><span style=\"font-style:normal;font-variant:normal;font-weight:400;text-decoration:none;vertical-align:baseline;white-space:pre-wrap;\">0973161786&nbsp;</span></span><span style=\"background-color:transparent;color:#212529;font-family:Arial;font-size:12pt;\"><span style=\"font-style:normal;font-variant:normal;font-weight:400;text-decoration:none;vertical-align:baseline;white-space:pre-wrap;\">(Call/Add Zalo)</span></span></li><li style=\"background-color:transparent;color:#212529;font-family:Arial;font-size:12pt;font-style:normal;font-variant:normal;font-weight:400;list-style-type:disc;text-decoration:none;vertical-align:baseline;white-space:pre;\" dir=\"ltr\" aria-level=\"1\"><span style=\"background-color:transparent;color:#212529;font-family:Arial;font-size:12pt;\"><span style=\"font-style:normal;font-variant:normal;font-weight:400;text-decoration:none;vertical-align:baseline;white-space:pre-wrap;\">Mail:&nbsp;</span></span><span style=\"background-color:#ffffff;color:#050505;font-family:Arial;font-size:12.499999999999998pt;\"><span style=\"font-style:normal;font-variant:normal;font-weight:400;text-decoration:none;vertical-align:baseline;white-space:pre-wrap;\">tuyendung.viettellogistics@gmail.com</span></span><span style=\"background-color:transparent;color:#212529;font-family:Arial;font-size:13pt;\"><span style=\"font-style:normal;font-variant:normal;font-weight:400;text-decoration:none;vertical-align:baseline;white-space:pre-wrap;\">&nbsp;</span></span></li><li style=\"background-color:transparent;color:#212529;font-family:Arial;font-size:12pt;font-style:normal;font-variant:normal;font-weight:400;list-style-type:disc;text-decoration:none;vertical-align:baseline;white-space:pre;\" dir=\"ltr\" aria-level=\"1\"><span style=\"background-color:transparent;color:#212529;font-family:Arial;font-size:12pt;\"><span style=\"font-style:normal;font-variant:normal;font-weight:400;text-decoration:none;vertical-align:baseline;white-space:pre-wrap;\">a ch: Viettel Post Center, Km12, QL32, phng Minh Khai, qun Bc T Lim, H Ni</span></span></li><li style=\"background-color:transparent;color:#212529;font-family:Arial;font-size:12pt;font-style:normal;font-variant:normal;font-weight:400;list-style-type:disc;text-decoration:none;vertical-align:baseline;white-space:pre;\" dir=\"ltr\" aria-level=\"1\"><span style=\"background-color:transparent;color:#212529;font-family:Arial;font-size:12pt;\"><span style=\"font-style:normal;font-variant:normal;font-weight:400;text-decoration:none;vertical-align:baseline;white-space:pre-wrap;\">Fanpage:</span></span><span style=\"background-color:transparent;color:#0000ff;font-family:Arial;font-size:12pt;\"><span style=\"font-style:normal;font-variant:normal;font-weight:400;text-decoration:none;vertical-align:baseline;white-space:pre-wrap;\">&nbsp;</span></span><a style=\"text-decoration:none;\" target=\"_blank\" rel=\"noopener noreferrer\" href=\"https://www.facebook.com/ViettlLogisticsTuyenDung\"><span style=\"background-color:transparent;color:#1155cc;font-family:Arial;font-size:12pt;\"><span style=\"-webkit-text-decoration-skip:none;font-style:normal;font-variant:normal;font-weight:400;text-decoration-skip-ink:none;vertical-align:baseline;white-space:pre-wrap;\"><u>https://www.facebook.com/ViettlLogisticsTuyenDung</u></span></span></a></li></ul>'),(14,'B gnh nng vi th tc hi quan','market_news','2023-06-02 03:50:18.176000','2023-06-14 07:44:14.622000',NULL,1,1,'vi-VN',1,'Thc hin ch o ca Chnh ph, Th tng Chnh ph, cc th tc lin quan ti hot ng xut-nhp khu hng ha thi gian qua lin tc c ci cch, to thun li cho doanh nghip v nng cao nng lc cnh tranh quc gia.','bo-ganh-nang-voi-thu-tuc-hai-quan',38,0,0,'<p><meta charset=\"utf-8\"></p><h2 style=\"background-color:#ffffff;line-height:1.92;margin-bottom:15pt;margin-top:0pt;padding:3.75pt 0pt 0pt;text-align:justify;text-indent:74pt;\" dir=\"ltr\"><span style=\"background-color:transparent;color:#444444;font-family:Arial;font-size:11pt;\"><i><span style=\"font-variant:normal;font-weight:400;text-decoration:none;vertical-align:baseline;white-space:pre-wrap;\">Thc hin ch o ca Chnh ph, Th tng Chnh ph, cc th tc lin quan ti hot ng xut-nhp khu hng ha thi gian qua lin tc c ci cch, to thun li cho doanh nghip v nng cao nng lc cnh tranh quc gia.</span></i></span></h2><p style=\"background-color:#ffffff;line-height:2.4;margin-bottom:0pt;margin-top:0pt;padding:0pt 0pt 15pt;text-align:justify;\" dir=\"ltr\"><span style=\"background-color:transparent;color:#333333;font-family:Arial;font-size:11pt;\"><i><span style=\"font-variant:normal;font-weight:400;text-decoration:none;vertical-align:baseline;white-space:pre-wrap;\">Kt qu kho st mi c Lin on Thng mi v Cng nghip Vit Nam (VCCI) cng b cho thy, s ng doanh nghip t ra hi lng vi C ch mt ca quc gia v ci cch trong kim tra chuyn ngnh, to thun li cho hng ha xut-nhp khu. Thng k kt qu xut-nhp khu hng ha trn thc t cng cho thy iu </span></i></span></p><p style=\"background-color:#ffffff;line-height:2.4;margin-bottom:0pt;margin-top:0pt;padding:0pt 0pt 15pt;text-align:justify;\" dir=\"ltr\"><span style=\"background-color:#ffffff;color:#333333;font-family:Arial;font-size:11.5pt;\"><i><span style=\"font-variant:normal;text-decoration:none;vertical-align:baseline;white-space:pre-wrap;\"><strong>Du hiu tch cc t xut-nhp khu hng ha</strong></span></i></span></p><p style=\"background-color:#ffffff;line-height:2.4;margin-bottom:0pt;margin-top:0pt;padding:0pt 0pt 15pt;text-align:justify;\" dir=\"ltr\"><span style=\"background-color:#ffffff;color:#333333;font-family:Arial;font-size:11.5pt;\"><span style=\"font-style:normal;font-variant:normal;font-weight:400;text-decoration:none;vertical-align:baseline;white-space:pre-wrap;\">T u nm ti nay, nhng h ly do dch Covid-19 gy ra cho nn kinh t ton cu cc k nng n. Thm vo , xung t v kinh t, qun s gia cc quc gia trn th gii cng khin nhng kh khn cho kinh t th gii thm trm trng. Gi c nhin-vt liu tng cao, cc chui cung ng, tiu th hng ha b t gy trn ton cu y gi c hng ha v lm pht tng vt, sn xut, kinh doanh b nh n, phc hi rt yu t  khp ni trn th gii. iu   nh hng rt ln ti tnh hnh sn xut, kinh doanh ca cc doanh nghip Vit Nam.</span></span></p><figure class=\"image image_resized\" style=\"width:100%;\"><img style=\"margin-left:0px;margin-top:0px;\" src=\"https://vtl-cms.grandsways.com/uploads/image_0ea6e7fa20.png\" alt=\"image.png\" srcset=\"https://vtl-cms.grandsways.com/uploads/thumbnail_image_0ea6e7fa20.png 232w, https://vtl-cms.grandsways.com/uploads/small_image_0ea6e7fa20.png 500w, https://vtl-cms.grandsways.com/uploads/medium_image_0ea6e7fa20.png 750w\" sizes=\"100vw\" width=\"750\" height=\"405\" uploadprocessed=\"true\"></figure><p style=\"background-color:#ffffff;line-height:2.4;margin-bottom:0pt;margin-top:0pt;padding:0pt 0pt 15pt;text-align:center;\" dir=\"ltr\"><span style=\"background-color:#ffffff;color:#333333;font-family:Arial;font-size:11.5pt;\"><i><span style=\"font-variant:normal;font-weight:400;text-decoration:none;vertical-align:baseline;white-space:pre-wrap;\">Ngnh hi quan tng cng ng dng cng ngh thng tin, s ha trong quy trnh qun l, thc hin ngnh hi quan.</span></i></span></p><p style=\"background-color:#ffffff;line-height:2.4;margin-bottom:0pt;margin-top:0pt;padding:0pt 0pt 15pt;text-align:justify;\" dir=\"ltr\"><span style=\"background-color:#ffffff;color:#333333;font-family:Arial;font-size:11.5pt;\"><span style=\"font-style:normal;font-variant:normal;font-weight:400;text-decoration:none;vertical-align:baseline;white-space:pre-wrap;\">S liu t&nbsp;</span></span><a style=\"text-decoration:none;\" target=\"_blank\" rel=\"noopener noreferrer\" href=\"https://www.qdnd.vn/tag/tong-cuc-thong-ke-1017.html\"><span style=\"background-color:#ffffff;color:#1155cc;font-family:Arial;font-size:11.5pt;\"><span style=\"-webkit-text-decoration-skip:none;font-style:normal;font-variant:normal;font-weight:400;text-decoration-skip-ink:none;vertical-align:baseline;white-space:pre-wrap;\"><u>Tng cc Thng k&nbsp;</u></span></span></a><span style=\"background-color:#ffffff;color:#333333;font-family:Arial;font-size:11.5pt;\"><span style=\"font-style:normal;font-variant:normal;font-weight:400;text-decoration:none;vertical-align:baseline;white-space:pre-wrap;\">cho thy, tng kim ngch xut-nhp khu hng ha nm 2021 ca Vit Nam t 668,5 t USD, tng 22,6% so vi nm 2020. Cn theo s liu t Tng cc Hi quan, trong thng 10-2022, tng tr gi xut-nhp khu hng ha ca Vit Nam c t 58,27 t USD, tng 70 triu USD so vi thng trc. Trong , tng tr gi xut khu c t 30,27 t USD, tng 1,5% (tng ng tng 452 triu USD) v tng tr gi nhp khu c t 28 t USD, gim 1,3% (tng ng gim 382 triu USD). Tng tr gi xut-nhp khu ca c nc trong 10 thng qua c t 616,24 t USD, tng 14,1%, tng ng tng 75,94 t USD v s tuyt i so vi cng k nm 2021. Trong , tng tr gi xut khu c t 312,82 t USD, tng 15,9% (tng ng tng 42,98 t USD) v tng tr gi nhp khu c t 303,42 t USD, tng 12,2% (tng ng tng 32,95 t USD). Nh vy, trong thng 10, c nc c xut siu 2,27 t USD. Tnh chung t u nm n ht thng 10-2022, c nc c tnh xut siu 9,4 t USD.</span></span></p><p style=\"background-color:#ffffff;line-height:2.4;margin-bottom:0pt;margin-top:0pt;padding:0pt 0pt 15pt;text-align:justify;\" dir=\"ltr\"><span style=\"background-color:#ffffff;color:#333333;font-family:Arial;font-size:11.5pt;\"><span style=\"font-style:normal;font-variant:normal;font-weight:400;text-decoration:none;vertical-align:baseline;white-space:pre-wrap;\">&nbsp;Kt qu ny phn nh nhng c gng to ln ca Tng cc Hi quan, B Ti chnh v cc b, ngnh trong cng tc ci cch th tc hnh chnh v to thun li cho hot ng xut, nhp khu ca doanh nghip, Ph ch tch VCCI Hong Quang Phng nhn nh.</span></span></p><p style=\"background-color:#ffffff;line-height:2.4;margin-bottom:0pt;margin-top:0pt;padding:0pt 0pt 15pt;text-align:justify;\" dir=\"ltr\"><span style=\"background-color:#ffffff;color:#333333;font-family:Arial;font-size:11.5pt;\"><i><span style=\"font-variant:normal;text-decoration:none;vertical-align:baseline;white-space:pre-wrap;\"><strong>a s doanh nghip hi lng vi th tc hi quan</strong></span></i></span></p><p style=\"background-color:#ffffff;line-height:2.4;margin-bottom:0pt;margin-top:0pt;padding:0pt 0pt 15pt;text-align:justify;\" dir=\"ltr\"><span style=\"background-color:#ffffff;color:#333333;font-family:Arial;font-size:11.5pt;\"><span style=\"font-style:normal;font-variant:normal;font-weight:400;text-decoration:none;vertical-align:baseline;white-space:pre-wrap;\">Nhn nh ca ng Hong Quang Phng c a ra trn c s kho st mc  hi lng ca doanh nghip v vic thc hin th tc hnh chnh qua C ch mt ca quc gia v cc th tc qun l, kim tra chuyn ngnh. Hot ng kho st ny c bt u t nm 2019. n nay, mi nm, VCCI u phi hp vi Tng cc Hi quan cng vi h tr t C quan Pht trin quc t Hoa K thng qua d n to thun li thng mi  kho st v cng b bo co.</span></span></p><p style=\"background-color:#ffffff;line-height:2.4;margin-bottom:0pt;margin-top:0pt;padding:0pt 0pt 15pt;text-align:justify;\" dir=\"ltr\"><span style=\"background-color:#ffffff;color:#333333;font-family:Arial;font-size:11.5pt;\"><span style=\"font-style:normal;font-variant:normal;font-weight:400;text-decoration:none;vertical-align:baseline;white-space:pre-wrap;\">Kt qu kho st ca hn 3.000 doanh nghip xut-nhp khu trong nm 2022 va c VCCI cng b cho thy, phn ln doanh nghip cho bit, Cng mt ca quc gia c vn hnh tng i tt; qu trnh thc hin th tc trc tuyn trn cng thun li hn; vic tip nhn v gii quyt th tc hnh chnh qua cng  gip gim thi gian, chi ph cho cc doanh nghip. Cc doanh nghip cng ghi nhn nhng chuyn bin tch cc tng t trong lnh vc qun l, kim tra chuyn ngnh.</span></span></p><p style=\"background-color:#ffffff;line-height:2.4;margin-bottom:0pt;margin-top:0pt;padding:0pt 0pt 15pt;text-align:justify;\" dir=\"ltr\"><span style=\"background-color:#ffffff;color:#333333;font-family:Arial;font-size:11.5pt;\"><span style=\"font-style:normal;font-variant:normal;font-weight:400;text-decoration:none;vertical-align:baseline;white-space:pre-wrap;\">Ph v trng, Ph trng ban ph trch Ban Ci cch, hin i ha hi quan (Tng cc Hi quan) Lng Khnh Thit cho bit: \"Tnh n ngy 17-10-2022, Cng mt ca quc gia  c 250/261 th tc hnh chnh ca 13 b, ngnh kt ni, vi gn 5 triu b h s ca hn 55 nghn doanh nghip. Bn cnh vic trin khai C ch mt ca quc gia, C ch mt ca ASEAN, thi gian qua, ci cch, n gin ha th tc kim tra chuyn ngnh i vi hng ha xut-nhp khu c Chnh ph c bit quan tm, ch o quyt lit nhm to thun li cho doanh nghip, gim thi gian thng quan hng ha, ci thin Ch s giao dch thng mi qua bin gii, nng cao nng lc cnh tranh quc gia\".&nbsp;</span></span></p><p style=\"background-color:#ffffff;line-height:2.4;margin-bottom:0pt;margin-top:0pt;padding:0pt 0pt 15pt;text-align:justify;\" dir=\"ltr\"><span style=\"background-color:#ffffff;color:#333333;font-family:Arial;font-size:11.5pt;\"><i><span style=\"font-variant:normal;text-decoration:none;vertical-align:baseline;white-space:pre-wrap;\"><strong>Cn nhiu vic phi lm</strong></span></i></span></p><p style=\"background-color:#ffffff;line-height:2.4;margin-bottom:0pt;margin-top:0pt;padding:0pt 0pt 15pt;text-align:justify;\" dir=\"ltr\"><span style=\"background-color:#ffffff;color:#333333;font-family:Arial;font-size:11.5pt;\"><span style=\"font-style:normal;font-variant:normal;font-weight:400;text-decoration:none;vertical-align:baseline;white-space:pre-wrap;\">Tuy vy, qua  kin ca cc doanh nghip cho thy, doanh nghip vn mong mun cc b, ngnh, c quan hu quan tip tc quan tm nng cao hiu qu ca Cng mt ca quc gia, ng thi y mnh ci cch th tc qun l, kim tra chuyn ngnh nhm to thun li thng mi nhiu hn na.</span></span></p><p style=\"background-color:#ffffff;line-height:2.4;margin-bottom:0pt;margin-top:0pt;padding:0pt 0pt 15pt;text-align:justify;\" dir=\"ltr\"><span style=\"background-color:#ffffff;color:#333333;font-family:Arial;font-size:11.5pt;\"><span style=\"font-style:normal;font-variant:normal;font-weight:400;text-decoration:none;vertical-align:baseline;white-space:pre-wrap;\">V kim tra chuyn ngnh, cng ng doanh nghip nh gi, trnh t, th tc kim tra cn qua nhiu bc qu mc cn thit, khng thng nht; doanh nghip phi i li nhiu ln, tip xc vi nhiu u mi c quan nh nc; mt s th tc kim tra chuyn ngnh, qun l chuyn ngnh cn thc hin th cng; mt s th tc  chuyn sang hnh thc in t nhng cha ton din, mt s bc vn yu cu h s giy. Cc doanh nghip cng cho rng, s trng lp v kim tra chuyn ngnh gia cc b, ngnh cha c x l thng nht bng vic sa i, ban hnh vn bn quy phm php lut phn cng chc nng, nhim v; nhiu nhm hng cn chu s qun l ca nhiu b. c bit, doanh nghip phn nh cc b, ngnh vn cha p dng cng nhn ln nhau, tha nhn ln nhau; cha p dng truy xut ngun gc trong kim tra chuyn ngnh.</span></span></p><p style=\"background-color:#ffffff;line-height:2.4;margin-bottom:0pt;margin-top:0pt;padding:0pt 0pt 15pt;text-align:justify;\" dir=\"ltr\"><span style=\"background-color:#ffffff;color:#333333;font-family:Arial;font-size:11.5pt;\"><span style=\"font-style:normal;font-variant:normal;font-weight:400;text-decoration:none;vertical-align:baseline;white-space:pre-wrap;\">Cc doanh nghip  ngh cc b, ngnh tip tc ct gim, n gin ha cc khu trong quy trnh kim tra chuyn ngnh, t np h s, kim tra h s, ly mu v thng bo kt qu; p dng y  v rng ri hn nguyn tc qun l ri ro  to iu kin tt hn cho cc doanh nghip c lch s tun th tt; gim n mc thp nht nhng im chng cho gia cc quy nh v kim tra chuyn ngnh.</span></span></p><p style=\"background-color:#ffffff;line-height:2.4;margin-bottom:0pt;margin-top:0pt;padding:0pt 0pt 15pt;text-align:justify;\" dir=\"ltr\"><span style=\"background-color:#ffffff;color:#333333;font-family:Arial;font-size:11.5pt;\"><span style=\"font-style:normal;font-variant:normal;font-weight:400;text-decoration:none;vertical-align:baseline;white-space:pre-wrap;\">Cng vi , cng ng doanh nghip mong mun trin khai C ch mt ca quc gia nhanh hn v trit  hn  gim ti a cc giy t phi np, chuyn ti a sang s ha, trnh tnh trng doanh nghip va phi khai thng tin trn Cng mt ca quc gia, va phi lm th tc trc tip ti c quan qun l nh nc. Cc c quan nh nc cng cn c c ch kt ni, chia s thng tin  trnh yu cu trng lp vi cc doanh nghip.</span></span></p><p style=\"background-color:#ffffff;line-height:2.4;margin-bottom:0pt;margin-top:0pt;padding:0pt 0pt 15pt;text-align:justify;\" dir=\"ltr\"><span style=\"background-color:#ffffff;color:#333333;font-family:Arial;font-size:11.5pt;\"><span style=\"font-style:normal;font-variant:normal;font-weight:400;text-decoration:none;vertical-align:baseline;white-space:pre-wrap;\"> to thun li hn na cho doanh nghip, gim thi gian thng quan hng ha xut-nhp khu, Ph tng cc trng Tng cc Hi quan Hong Vit Cng khng nh, c quan hi quan s n lc phi hp vi cc b, ngnh, ng hnh vi doanh nghip  trin khai C ch mt ca quc gia, C ch mt ca ASEAN ng tin ; ci cch th tc kim tra chuyn ngnh  gim thi gian thng quan hng ha xut-nhp khu, to thun li cho doanh nghip, gp phn nng cao nng lc cnh tranh quc gia.&nbsp;</span></span></p><p style=\"background-color:#ffffff;line-height:2.4;margin-bottom:0pt;margin-top:0pt;padding:0pt 0pt 15pt;text-align:justify;\" dir=\"ltr\"><span style=\"background-color:#ffffff;color:#333333;font-family:Arial;font-size:11.5pt;\"><i><span style=\"font-variant:normal;font-weight:400;text-decoration:none;vertical-align:baseline;white-space:pre-wrap;\">Ngun: Bo Qun i Nhn dn Vit Nam&nbsp;</span></i></span></p><p style=\"background-color:#ffffff;line-height:2.4;margin-bottom:15pt;margin-top:0pt;text-align:justify;\" dir=\"ltr\"><a style=\"text-decoration:none;\" target=\"_blank\" rel=\"noopener noreferrer\" href=\"https://www.qdnd.vn/kinh-te/cac-van-de/bo-ganh-nang-voi-thu-tuc-hai-quan-710384\"><span style=\"background-color:#ffffff;color:#1155cc;font-family:Arial;font-size:11.5pt;\"><i><span style=\"-webkit-text-decoration-skip:none;font-variant:normal;font-weight:400;text-decoration-skip-ink:none;vertical-align:baseline;white-space:pre-wrap;\"><u>https://www.qdnd.vn/kinh-te/cac-van-de/bo-ganh-nang-voi-thu-tuc-hai-quan-710384</u></span></i></span></a></p>'),(16,'Ln u tin t chc Trin lm Quc t chuyn ngnh Logistics','specialized_news','2023-06-02 08:20:47.148000','2023-08-10 16:59:15.735000','2023-06-02 08:22:05.388000',1,1,'vi-VN',1,'Logistics l mt trong nhng ngnh tng trng nhanh v n nh nht ca Vit Nam, vi tc  bnh qun t 14 - 16% mt nm, vi quy m 40 - 42 T /nm. Theo bng xp hng Agility 2022, Vit Nam c xp hng th 11 trong nhm 50 th trng logistics mi ni ton cu.','lan-dau-tien-to-chuc-trien-lam-quoc-te-chuyen-nganh-logistics',43,-1,0,'<p><meta charset=\"utf-8\"></p><p style=\"background-color:#ffffff;line-height:2.4;margin-bottom:0pt;margin-top:0pt;padding:0pt 0pt 15pt;\" dir=\"ltr\"><span style=\"background-color:#ffffff;color:#333333;font-family:Arial;font-size:11.5pt;\"><i><span style=\"font-variant:normal;font-weight:400;text-decoration:none;vertical-align:baseline;white-space:pre-wrap;\">Logistics l mt trong nhng ngnh tng trng nhanh v n nh nht ca Vit Nam, vi tc  bnh qun t 14 - 16% mt nm, vi quy m 40 - 42 T /nm. Theo bng xp hng Agility 2022, Vit Nam c xp hng th 11 trong nhm 50 th trng logistics mi ni ton cu.</span></i></span></p><p style=\"background-color:#ffffff;line-height:2.4;margin-bottom:0pt;margin-top:0pt;padding:0pt 0pt 15pt;\" dir=\"ltr\">&nbsp;</p><p style=\"background-color:#ffffff;line-height:2.4;margin-bottom:0pt;margin-top:0pt;padding:0pt 0pt 15pt;\" dir=\"ltr\"><span style=\"background-color:#ffffff;color:#333333;font-family:Arial;font-size:11.5pt;\"><span style=\"font-style:normal;font-variant:normal;font-weight:400;text-decoration:none;vertical-align:baseline;white-space:pre-wrap;\">Ln u tin ti Vit Nam, Trin lm quc t Logistics Vit Nam (tn vit tt VILOG) thuc s ch tr ca B Cng Thng Vit Nam (c th hai n v u mi l Cc y tin thng mi v Cc xut nhp khu) , c thc hin bi Hip hi Doanh nghip Dch v Logistics Vit Nam (VLA) v VINEXAD s chnh thc din ra trong 03 ngy, t ngy 10-12/8/2023 ti SECC (Nh B), 799 Nguyn Vn Linh, Qun 7 ,TPHCM.</span></span></p><figure class=\"image image_resized\" style=\"width:75%;\"><img style=\"margin-left:0px;margin-top:0px;\" src=\"https://vtl-cms.grandsways.com/uploads/image_58c50d767b.png\" width=\"1000\" height=\"401\" uploadprocessed=\"true\" alt=\"image.png\" srcset=\"https://vtl-cms.grandsways.com/uploads/thumbnail_image_58c50d767b.png 234w, https://vtl-cms.grandsways.com/uploads/small_image_58c50d767b.png 500w, https://vtl-cms.grandsways.com/uploads/medium_image_58c50d767b.png 750w, https://vtl-cms.grandsways.com/uploads/large_image_58c50d767b.png 1000w\" sizes=\"100vw\"></figure><p style=\"background-color:#ffffff;line-height:2.4;margin-bottom:0pt;margin-top:0pt;padding:0pt 0pt 15pt;\" dir=\"ltr\"><span style=\"background-color:#ffffff;color:#333333;font-family:Arial;font-size:11.5pt;\"><span style=\"font-style:normal;font-variant:normal;font-weight:400;text-decoration:none;vertical-align:baseline;white-space:pre-wrap;\">Nh s n nh v chnh tr, x hi v v tr a l thun li, Vit Nam ang hng li t ln sng dch chuyn chui cung ng. Thm na, Vit Nam  tn dng nhng li th t ng b bin di  c h thng cng bin t c thnh cng ti u; Cng vi , tc  tng trng kinh t lc quan, sn xut duy tr n nh, c bit s bng n ca thng mi in t ang pht trin nh v bo  c hai chiu xut khu v tiu dng trong nc gip Vit Nam nng cao tnh cnh tranh tr thnh mt trung tm chung chuyn hng ha ca th gii, l mt chui trong chui cung ng ton cu. Vit Nam c k vng tr thnh ngi sao hu cn ca Chu  trong thi gian ti.</span></span></p><p style=\"background-color:#ffffff;line-height:2.4;margin-bottom:0pt;margin-top:0pt;padding:0pt 0pt 15pt;\" dir=\"ltr\"><span style=\"background-color:#ffffff;color:#333333;font-family:Arial;font-size:11.5pt;\"><span style=\"font-style:normal;font-variant:normal;font-weight:400;text-decoration:none;vertical-align:baseline;white-space:pre-wrap;\">Bn cnh li th, nhng kh khn v ch  ng thi hin hu nh chi ph dch v cao, p lc ln c s h tng ngy mt ln. Theo cc chuyn gia, ngnh Logistics vn rt cn pht trin chui kt ni h tng, hp tc cng t m rng thnh cc trung tm Logistics v chui cung ng ton din v lu thng tin, ch bin, bo qun, vn chuyn v phn phi.</span></span></p><figure class=\"image image_resized\" style=\"width:75%;\"><img style=\"margin-left:0px;margin-top:0px;\" src=\"https://vtl-cms.grandsways.com/uploads/image_28702898fa.png\" width=\"1000\" height=\"401\" uploadprocessed=\"true\" alt=\"image.png\" srcset=\"https://vtl-cms.grandsways.com/uploads/thumbnail_image_28702898fa.png 234w, https://vtl-cms.grandsways.com/uploads/small_image_28702898fa.png 500w, https://vtl-cms.grandsways.com/uploads/medium_image_28702898fa.png 750w, https://vtl-cms.grandsways.com/uploads/large_image_28702898fa.png 1000w\" sizes=\"100vw\"></figure><p style=\"background-color:#ffffff;line-height:2.4;margin-bottom:0pt;margin-top:0pt;padding:0pt 0pt 15pt;\" dir=\"ltr\"><span style=\"background-color:#f3f4f5;color:#333333;font-family:Arial;font-size:12pt;\"><i><span style=\"font-variant:normal;font-weight:400;text-decoration:none;vertical-align:baseline;white-space:pre-wrap;\">Ln u tin ti Vit Nam, trin lm quc t chuyn ngnh Logistisc c t chc di s ch tr ca B Cng Thng Vit nam, Ch o bi Cc Xc tin thng mi, cng s phi hp cht ch vi Cc Xut nhp khu.</span></i></span></p><p style=\"background-color:#ffffff;line-height:2.4;margin-bottom:0pt;margin-top:0pt;padding:0pt 0pt 15pt;\" dir=\"ltr\"><span style=\"background-color:#ffffff;color:#333333;font-family:Arial;font-size:11.5pt;\"><span style=\"font-style:normal;font-variant:normal;font-weight:400;text-decoration:none;vertical-align:baseline;white-space:pre-wrap;\">Trin lm c t chc bi Hip hi Doanh nghip Dch v Logistics Vit Nam (VLA) v Nh t chc VINEXAD. S kt hp gia Hip hi mang \'ting ni c trng lng gia ngnh Logistics v mt nh t chc chuyn nghip vi kinh nghim v h thng mng li i tc su rng, k vng s to ra mt s kin gip thc y ngnh cng nghip Logistics Vit Nam pht trin tm nhn xa vi tim nng vn c, ng thi to ra ting vang ku gi thu ht u t nc ngoi, chuyn giao cng ngh vn hnh vn ti, o to nhn lc, thit lp h thng sinh thi xanh trong ngnh Logistics.</span></span></p><p style=\"background-color:#ffffff;line-height:2.4;margin-bottom:0pt;margin-top:0pt;padding:0pt 0pt 15pt;\" dir=\"ltr\">&nbsp;</p><p style=\"background-color:#ffffff;line-height:2.4;margin-bottom:0pt;margin-top:0pt;padding:0pt 0pt 15pt;\" dir=\"ltr\"><span style=\"background-color:#ffffff;color:#333333;font-family:Arial;font-size:11.5pt;\"><span style=\"font-style:normal;font-variant:normal;font-weight:400;text-decoration:none;vertical-align:baseline;white-space:pre-wrap;\">Nm 2023, Trin lm s c t chc ln u tin ti TP.HCM, t ngy 10-12 thng 08. Vi quy m d kin 250 doanh nghip tham gia trng by trong cc nhm ngnh:</span></span></p><p style=\"background-color:#ffffff;line-height:2.4;margin-bottom:0pt;margin-top:0pt;padding:0pt 0pt 15pt;\" dir=\"ltr\"><span style=\"background-color:#ffffff;color:#333333;font-family:Arial;font-size:11.5pt;\"><span style=\"font-style:normal;font-variant:normal;font-weight:400;text-decoration:none;vertical-align:baseline;white-space:pre-wrap;\">1. Vn ti &amp; Giao nhn</span></span></p><p style=\"background-color:#ffffff;line-height:2.4;margin-bottom:0pt;margin-top:0pt;padding:0pt 0pt 15pt;\" dir=\"ltr\"><span style=\"background-color:#ffffff;color:#333333;font-family:Arial;font-size:11.5pt;\"><span style=\"font-style:normal;font-variant:normal;font-weight:400;text-decoration:none;vertical-align:baseline;white-space:pre-wrap;\">2. H thng Kho &amp; sp xp kho hng ha</span></span></p><p style=\"background-color:#ffffff;line-height:2.4;margin-bottom:0pt;margin-top:0pt;padding:0pt 0pt 15pt;\" dir=\"ltr\"><span style=\"background-color:#ffffff;color:#333333;font-family:Arial;font-size:11.5pt;\"><span style=\"font-style:normal;font-variant:normal;font-weight:400;text-decoration:none;vertical-align:baseline;white-space:pre-wrap;\">3. ng gi</span></span></p><p style=\"background-color:#ffffff;line-height:2.4;margin-bottom:0pt;margin-top:0pt;padding:0pt 0pt 15pt;\" dir=\"ltr\"><span style=\"background-color:#ffffff;color:#333333;font-family:Arial;font-size:11.5pt;\"><span style=\"font-style:normal;font-variant:normal;font-weight:400;text-decoration:none;vertical-align:baseline;white-space:pre-wrap;\">4. Dch v &amp;ng dng</span></span></p><p style=\"background-color:#ffffff;line-height:2.4;margin-bottom:0pt;margin-top:0pt;padding:0pt 0pt 15pt;\" dir=\"ltr\"><span style=\"background-color:#ffffff;color:#333333;font-family:Arial;font-size:11.5pt;\"><span style=\"font-style:normal;font-variant:normal;font-weight:400;text-decoration:none;vertical-align:baseline;white-space:pre-wrap;\">5. Cng ngh thng tin</span></span></p><p style=\"background-color:#ffffff;line-height:2.4;margin-bottom:0pt;margin-top:0pt;padding:0pt 0pt 15pt;\" dir=\"ltr\"><span style=\"background-color:#ffffff;color:#333333;font-family:Arial;font-size:11.5pt;\"><span style=\"font-style:normal;font-variant:normal;font-weight:400;text-decoration:none;vertical-align:baseline;white-space:pre-wrap;\">im c bit, trin lm Logistics s c t chc ng thi v a im vi Trin lm Quc t chuyn ch Vietfood &amp; Beverage - Propack ln th 27. Cuc u giao thoa gia 02 trin lm ngnh F&amp;B v Logistics s to thnh chui lin kt gia tng hiu qu thng mi, a dng ha ngun cung ng, thc y cnh tranh gia doanh nghip ni v ngoi khi.</span></span></p><p style=\"background-color:#ffffff;line-height:2.4;margin-bottom:0pt;margin-top:0pt;padding:0pt 0pt 15pt;\" dir=\"ltr\"><span style=\"background-color:#ffffff;color:#333333;font-family:Arial;font-size:11.5pt;\"><span style=\"font-style:normal;font-variant:normal;font-weight:400;text-decoration:none;vertical-align:baseline;white-space:pre-wrap;\">M hnh trin lm lin kt tip tc l Kim ch nam trong nm 2023 c nh t chc VINEXAD la chn vi mc tiu a dng tp khch hng, pht trin chuyn ngnh mc tiu, ng thi kt thc giao thng hai chiu gia cc doanh nghip nghip trong v ngoi nc.</span></span></p><p style=\"background-color:#ffffff;line-height:2.4;margin-bottom:0pt;margin-top:0pt;padding:0pt 0pt 15pt;\" dir=\"ltr\"><span style=\"background-color:#ffffff;color:#333333;font-family:Arial;font-size:11.5pt;\"><i><span style=\"font-variant:normal;font-weight:400;text-decoration:none;vertical-align:baseline;white-space:pre-wrap;\">Ngun: B Cng thng</span></i></span></p><p style=\"background-color:#ffffff;line-height:2.4;margin-bottom:15pt;margin-top:0pt;\" dir=\"ltr\"><a style=\"text-decoration:none;\" target=\"_blank\" rel=\"noopener noreferrer\" href=\"https://moit.gov.vn/tin-tuc/phat-trien-cong-nghiep/lan-dau-tien-to-chuc-trien-lam-quoc-te-chuyen-nganh-logistics.html\"><span style=\"background-color:#ffffff;color:#1155cc;font-family:Arial;font-size:11.5pt;\"><span style=\"-webkit-text-decoration-skip:none;font-style:normal;font-variant:normal;font-weight:400;text-decoration-skip-ink:none;vertical-align:baseline;white-space:pre-wrap;\"><u>https://moit.gov.vn/tin-tuc/phat-trien-cong-nghiep/lan-dau-tien-to-chuc-trien-lam-quoc-te-chuyen-nganh-logistics.html</u></span></span></a></p>'),(18,'Logistics ha hn nhiu c hi tip tc tng trng nhanh trong nm 2023','market_news','2023-06-02 08:31:49.583000','2023-08-11 06:18:09.499000','2023-06-02 08:31:56.257000',1,1,'vi-VN',1,'Th trng B Cng Thng  Thng Hi cho bit, logistics l mt trong nhng ngnh tng trng nhanh v n nh nht vi mc tng trng trung bnh 14-16% mi nm,','logistics-hua-hen-nhieu-co-hoi-tiep-tuc-tang-truong-nhanh-trong-nam-2023',231,0,0,'<p><meta charset=\"utf-8\"></p><p style=\"line-height:1.38;margin-bottom:0pt;margin-top:0pt;\" dir=\"ltr\"><span style=\"background-color:transparent;color:#000000;font-family:Arial;font-size:11.5pt;\"><i><span style=\"font-variant:normal;font-weight:400;text-decoration:none;vertical-align:baseline;white-space:pre-wrap;\">Th trng B Cng Thng  Thng Hi cho bit, logistics l mt trong nhng ngnh tng trng nhanh v n nh nht vi mc tng trng trung bnh 14-16% mi nm, ng gp vo GDP t 4 n 5%. Trong bi cnh hi nhp kinh t quc t ngy cng su rng v qu trnh dch chuyn, ti c cu cc chui cung ng quc t ang din ra mnh m, ngnh logistics Vit Nam c nh gi l ngnh kinh t tim nng c c hi pht trin trong nm 2023.</span></i></span></p><h2 style=\"line-height:1.56;margin-bottom:14pt;margin-top:14pt;\" dir=\"ltr\"><span style=\"background-color:transparent;color:#333333;font-family:Arial;font-size:11.5pt;\"><i><span style=\"font-variant:normal;text-decoration:none;vertical-align:baseline;white-space:pre-wrap;\"><strong>C hi v thch thc an xen</strong></span></i></span></h2><p style=\"line-height:1.8599999999999999;margin-bottom:11pt;margin-top:0pt;\" dir=\"ltr\"><span style=\"background-color:transparent;color:#333333;font-family:Arial;font-size:11.5pt;\"><span style=\"font-style:normal;font-variant:normal;font-weight:400;text-decoration:none;vertical-align:baseline;white-space:pre-wrap;\">Th trng B Cng thng  Thng Hi cho bit, bo co v ch s logistics th trng mi ni nm 2022 do Agility va cng b, Vit Nam ng th 11 trong bng xp hng top 50 quc gia ng u th trng logistics mi ni, ng th 4 ti khu vc ng Nam . S pht trin ca ngnh logistics gn lin vi nhng thnh tu quan trng trong pht trin kinh t, nh vo vic y mnh m ca, hi nhp kinh t quc t, tch cc tham gia cc Hip nh thng mi t do (FTA) vi nhng cam kt su rng v ton din, mang ti nhiu c hi cho cng ng doanh nghip Vit Nam ni chung v cc doanh nghip logistics ni ring.</span></span></p><figure class=\"image image_resized\" style=\"width:75%;\"><img style=\"margin-left:0px;margin-top:0px;\" src=\"https://vtl-cms.grandsways.com/uploads/image_a5818b314b.png\" width=\"750\" height=\"379\" uploadprocessed=\"true\" alt=\"image.png\" srcset=\"https://vtl-cms.grandsways.com/uploads/thumbnail_image_a5818b314b.png 232w, https://vtl-cms.grandsways.com/uploads/small_image_a5818b314b.png 500w, https://vtl-cms.grandsways.com/uploads/medium_image_a5818b314b.png 750w\" sizes=\"100vw\"></figure><p style=\"line-height:1.8599999999999999;margin-bottom:11pt;margin-top:0pt;text-align:center;\" dir=\"ltr\"><span style=\"background-color:transparent;color:#333333;font-family:Arial;font-size:11.5pt;\"><i><span style=\"font-variant:normal;font-weight:400;text-decoration:none;vertical-align:baseline;white-space:pre-wrap;\">Logistics c kh nng tip tc tng trng nhanh trong nm 2023</span></i></span></p><p style=\"line-height:1.8599999999999999;margin-bottom:11pt;margin-top:0pt;\" dir=\"ltr\"><span style=\"background-color:transparent;color:#333333;font-family:Arial;font-size:11.5pt;\"><span style=\"font-style:normal;font-variant:normal;font-weight:400;text-decoration:none;vertical-align:baseline;white-space:pre-wrap;\">Bn cnh nhng thun li, Th trng  Thng Hi cng chia s, doanh nghip Vit Nam khi trao i thng mi vi th gii ni chung v vi khu vc chu u  chu M hin nay vn phi i mt vi rt nhiu kh khn, thch thc, trong  phi k n cc vn  nh, c s h tng hn ch, thiu ng b, c bit l h tng giao thng v h tng logistics nh kho bi, trung tm logistics; doanh nghip logistics cn thiu thng tin; thiu lin kt, ng dng cng ngh lc hu... y l nhng hn ch rt ln khin chi ph logistics ca Vit Nam lun  mc rt cao, l gnh nng cho doanh nghip.</span></span></p><p style=\"line-height:1.8599999999999999;margin-bottom:11pt;margin-top:0pt;\" dir=\"ltr\"><span style=\"background-color:transparent;color:#333333;font-family:Arial;font-size:11.5pt;\"><span style=\"font-style:normal;font-variant:normal;font-weight:400;text-decoration:none;vertical-align:baseline;white-space:pre-wrap;\">ng thun quan im nu trn, b V Th Phng Lan - Ph Ch tch Hip hi Logistics TP. H Ch Minh (HLA) cho bit, hin nay chi ph logistics trung bnh ca Vit Nam  mc 16,8  17% gi tr hng ha. Tuy nhin, trn thc t c nhng doanh nghip phi chi tr ti 20  25% cho chi ph ny.</span></span></p><p style=\"line-height:1.8599999999999999;margin-bottom:11pt;margin-top:0pt;\" dir=\"ltr\"><span style=\"background-color:transparent;color:#333333;font-family:Arial;font-size:11.5pt;\"><span style=\"font-style:normal;font-variant:normal;font-weight:400;text-decoration:none;vertical-align:baseline;white-space:pre-wrap;\"> gim thiu chi ph logistics cho doanh nghip, b V Th Phng Lan cho rng, cc doanh nghip xut nhp khu nn thay i iu kin bn hng t FOB sang mua hng CIF nhm ch ng hn trong vic s dng cc lch vn chuyn ph hp, tm kim nh cung cp cnh tranh uy tn nhm tit kim chi ph cc tu v cc ri ro trong qu trnh vn chuyn.</span></span></p><p style=\"line-height:1.8599999999999999;margin-bottom:11pt;margin-top:0pt;\" dir=\"ltr\"><span style=\"background-color:transparent;color:#333333;font-family:Arial;font-size:11.5pt;\"><i><span style=\"font-variant:normal;text-decoration:none;vertical-align:baseline;white-space:pre-wrap;\"><strong>a Vit Nam tr thnh mt u mi logistics quan trng trong khu vc</strong></span></i></span></p><p style=\"line-height:1.8599999999999999;margin-bottom:11pt;margin-top:0pt;\" dir=\"ltr\"><span style=\"background-color:transparent;color:#333333;font-family:Arial;font-size:11.5pt;\"><span style=\"font-style:normal;font-variant:normal;font-weight:400;text-decoration:none;vertical-align:baseline;white-space:pre-wrap;\">nh gi v s pht trin ca ngnh logistics trong nm 2023, ng Trn Thanh Hi - Ph Cc trng Cc Xut nhp khu, B Cng thng cho bit, Chnh ph v cc b, ngnh c bit quan tm n pht trin logistics a Vit Nam tr thnh mt u mi logistics quan trng trong khu vc. Ph Th tng L Minh Khi va k Ngh quyt s 163/NQ-CP ngy 16/12/2022 v vic y mnh trin khai ng b cc nhim v, gii php ch yu nhm nng cao nng lc cnh tranh v pht trin dch v logistics Vit Nam. ng thi, hin nay rt nhiu a phng  xy dng k hoch, quy hoch v pht trin logistics.</span></span></p><p style=\"line-height:1.8599999999999999;margin-bottom:11pt;margin-top:0pt;text-align:center;\" dir=\"ltr\"><span style=\"background-color:transparent;color:#333333;font-family:Arial;font-size:11.5pt;\"><span style=\"border-style:none;display:inline-block;font-style:normal;font-variant:normal;font-weight:400;height:433px;overflow:hidden;text-decoration:none;vertical-align:baseline;white-space:pre-wrap;width:602px;\"><img style=\"margin-left:0px;margin-top:0px;\" src=\"https://vtl-cms.grandsways.com/uploads/image_0ea9e974d9.png\" width=\"750\" height=\"433\" uploadprocessed=\"true\" alt=\"image.png\" srcset=\"https://vtl-cms.grandsways.com/uploads/thumbnail_image_0ea9e974d9.png 199w, https://vtl-cms.grandsways.com/uploads/small_image_0ea9e974d9.png 500w, https://vtl-cms.grandsways.com/uploads/medium_image_0ea9e974d9.png 750w\" sizes=\"100vw\"></span></span></p><p style=\"line-height:1.8599999999999999;margin-bottom:11pt;margin-top:0pt;text-align:center;\" dir=\"ltr\"><span style=\"background-color:transparent;color:#333333;font-family:Arial;font-size:11.5pt;\"><i><span style=\"font-variant:normal;font-weight:400;text-decoration:none;vertical-align:baseline;white-space:pre-wrap;\">Hot ng xut nhp khu hng ha ti cng Hi Phng</span></i></span></p><p style=\"line-height:1.8599999999999999;margin-bottom:11pt;margin-top:0pt;\" dir=\"ltr\"><span style=\"background-color:transparent;color:#333333;font-family:Arial;font-size:11.5pt;\"><span style=\"font-style:normal;font-variant:normal;font-weight:400;text-decoration:none;vertical-align:baseline;white-space:pre-wrap;\">Ti Ngh quyt s 163/NQ-CP nu r, quan im l pht trin dch v logistics thnh mt ngnh dch v em li gi tr gia tng cao, gn dch v logistics vi pht trin sn xut hng ha, xut nhp khu v thng mi trong nc, pht trin h tng giao thng vn ti v cng ngh thng tin; pht trin th trng dch v logistics, tp trung nng cao nng lc cnh tranh ca doanh nghip dch v logistics; pht huy ti a li th v tr a l, tng cng kt ni  a Vit Nam tr thnh mt u mi logistics quan trng trong khu vc; pht trin logistics gn vi chui cung ng bn vng, nng cao cht lng ngun nhn lc, y mnh chuyn i s v ng dng cng ngh.</span></span></p><p style=\"line-height:1.8599999999999999;margin-bottom:11pt;margin-top:0pt;\" dir=\"ltr\"><span style=\"background-color:transparent;color:#333333;font-family:Arial;font-size:11.5pt;\"><span style=\"font-style:normal;font-variant:normal;font-weight:400;text-decoration:none;vertical-align:baseline;white-space:pre-wrap;\">Trong , Ngh quyt s 163/NQ-CP giao nhim v, B Ti chnh tip tc r sot, tho g vng mc v chnh sch thu, ph, l ph, gi dch v  to iu kin cho doanh nghip cung cp dch v logistics; ch tr, phi hp vi cc b, ngnh y mnh cc hot ng to thun li thng mi, ci cch th tc hi quan, gim v n gin ha th tc kim tra chuyn ngnh, chun ha h s, trin khai cc cam kt ti Hip nh v thun li ha thng mi ca WTO...</span></span></p><p style=\"line-height:1.8599999999999999;margin-bottom:11pt;margin-top:0pt;\" dir=\"ltr\"><span style=\"background-color:transparent;color:#333333;font-family:Arial;font-size:11.5pt;\"><span style=\"font-style:normal;font-variant:normal;font-weight:400;text-decoration:none;vertical-align:baseline;white-space:pre-wrap;\">B Cng thng n c cc b, ngnh, a phng, hip hi trin khai thc hin ng b, quyt lit cc gii php, c ch, chnh sch  thc hin ng b, hiu qu K hoch hnh ng nng cao nng lc cnh tranh v pht trin dch v logistics Vit Nam n nm 2025 theo Quyt nh s 200/Q-TTg v Quyt nh s 221/Q-TTg....</span></span></p><p style=\"line-height:1.8599999999999999;margin-bottom:11pt;margin-top:0pt;\" dir=\"ltr\"><span style=\"background-color:transparent;color:#333333;font-family:Arial;font-size:11.5pt;\"><span style=\"font-style:normal;font-variant:normal;font-weight:400;text-decoration:none;vertical-align:baseline;white-space:pre-wrap;\">\"Thun li tip theo l hot ng sn xut thng mi ca Vit Nam ang phc hi v gia tng rt tt. Ngy 15/12, ghi nhn tng kim ngch xut nhp khu ca Vit Nam ln u tin t mc k lc 700 t USD. Cch y 5 nm vo nm 2017, Vit Nam mi t c con s 400 t USD y l thun li ln v khi lng hng ha sn xut, lun chuyn trong nc v giao dch vi thng mi quc t gia tng, s ko theo nhu cu s dng dch v logistics\" - ng Trn Thanh Hi nhn mnh.</span></span></p><p style=\"line-height:1.8599999999999999;margin-bottom:11pt;margin-top:0pt;\" dir=\"ltr\"><span style=\"background-color:transparent;color:#333333;font-family:Arial;font-size:11.5pt;\"><i><span style=\"font-variant:normal;font-weight:400;text-decoration:none;vertical-align:baseline;white-space:pre-wrap;\">Ngun: Thi bo Ti chnh (C quan ca B Ti chnh)</span></i></span></p><p style=\"line-height:1.8599999999999999;margin-bottom:11pt;margin-top:0pt;\" dir=\"ltr\"><a style=\"text-decoration:none;\" target=\"_blank\" rel=\"noopener noreferrer\" href=\"https://thoibaotaichinhvietnam.vn/logistics-hua-hen-nhieu-co-hoi-tiep-tuc-tang-truong-nhanh-trong-nam-2023-119274.html\"><span style=\"background-color:transparent;color:#1155cc;font-family:Arial;font-size:11.5pt;\"><i><span style=\"-webkit-text-decoration-skip:none;font-variant:normal;font-weight:400;text-decoration-skip-ink:none;vertical-align:baseline;white-space:pre-wrap;\"><u>https://thoibaotaichinhvietnam.vn/logistics-hua-hen-nhieu-co-hoi-tiep-tuc-tang-truong-nhanh-trong-nam-2023-119274.html</u></span></i></span></a></p>'),(23,'Logistics trong thi i chuyn i s','specialized_news','2023-06-02 10:38:03.913000','2023-08-11 02:02:42.105000','2023-06-02 10:38:09.193000',1,1,'vi-VN',1,'Cng vi s nhn thc v n lc ca cng ng doanh nghip trong lnh vc chuyn i s, vic xy dng v thc thi hiu qu cc chnh sch lin quan ca Chnh ph s nh v ngnh logistics ca Vit Nam ng vai tr ngy cng quan trng khng nhng trong cc ngun lc pht trin kinh t x hi ca t nc m cn trong s chuyn dch ca kinh t khu vc v ton cu.\n','logistics-trong-thoi-dai-chuyen-doi-so',66,0,0,'<p><meta charset=\"utf-8\"></p><h2 style=\"background-color:#ffffff;line-height:1.7249999999999999;margin-bottom:0pt;margin-top:0pt;padding:0pt 0pt 33pt;\" dir=\"ltr\"><span style=\"background-color:transparent;color:#555555;font-family:Arial;font-size:12pt;\"><i><span style=\"font-variant:normal;font-weight:400;text-decoration:none;vertical-align:baseline;white-space:pre-wrap;\">Cng vi s nhn thc v n lc ca cng ng doanh nghip trong lnh vc chuyn i s, vic xy dng v thc thi hiu qu cc chnh sch lin quan ca Chnh ph s nh v ngnh logistics ca Vit Nam ng vai tr ngy cng quan trng khng nhng trong cc ngun lc pht trin kinh t x hi ca t nc m cn trong s chuyn dch ca kinh t khu vc v ton cu.</span></i></span></h2><p style=\"line-height:1.38;margin-bottom:0pt;margin-top:0pt;\" dir=\"ltr\"><span style=\"background-color:transparent;color:#000000;font-family:Arial;font-size:11pt;\"><span style=\"border-style:none;display:inline-block;font-style:normal;font-variant:normal;font-weight:400;height:301px;overflow:hidden;text-decoration:none;vertical-align:baseline;white-space:pre-wrap;width:602px;\"><img style=\"margin-left:0px;margin-top:0px;\" src=\"\" width=\"602\" height=\"301\" uploadprocessed=\"true\"></span></span></p><p style=\"line-height:1.38;margin-bottom:0pt;margin-top:0pt;text-align:center;\" dir=\"ltr\"><span style=\"background-color:transparent;color:#000000;font-family:Arial;font-size:11pt;\"><i><span style=\"font-variant:normal;font-weight:400;text-decoration:none;vertical-align:baseline;white-space:pre-wrap;\">Hnh nh minh ha</span></i></span></p><p style=\"background-color:#ffffff;line-height:2.076923076923077;margin-bottom:0pt;margin-top:0pt;padding:12pt 0pt;\" dir=\"ltr\"><span style=\"background-color:transparent;color:#333333;font-family:Arial;font-size:11.5pt;\"><span style=\"font-style:normal;font-variant:normal;font-weight:400;text-decoration:none;vertical-align:baseline;white-space:pre-wrap;\">i vi nn kinh t ngy nay, c hai lnh vc trng tm ln nht c t: Tiu chun v chui cung ng sn phm. Ngnh hu cn logistics l mt phn ca qun l chui cung ng lin quan n dng chy hiu qu ca hng ha, dch v v thng tin lin quan, t im xut pht n im tiu th theo nhu cu ca khch hng. Vi s pht trin ca cng ngh s, logistics ngy cng ng vai tr trung tm ca chui cung ng. Logistics khng ch c chi ph u t ln v tc ng mnh n gi c sn phm (trung bnh chim khong 5% GDP, 20% gi cui cng ca hng ha) m cn c tnh cht quyt nh cht lng ca thng mi quc t khi mi khch hng u mong mun sn phm mnh mua c giao mt cch nhanh chng v hon ho nht bt k khong cch.</span></span></p><p style=\"background-color:#ffffff;line-height:2.076923076923077;margin-bottom:0pt;margin-top:0pt;padding:0pt 0pt 12pt;\" dir=\"ltr\"><span style=\"background-color:transparent;color:#333333;font-family:Arial;font-size:11.5pt;\"><span style=\"font-style:normal;font-variant:normal;font-weight:400;text-decoration:none;vertical-align:baseline;white-space:pre-wrap;\">Trong 5 nm tr li y, ngnh cng nghip logistics  chng kin s xut hin ngy cng nhiu doanh nghip hp tc cht ch hn vi cc cng ty cng ngh, m ra mt th trng tr gi hng trm t  la.</span></span></p><p style=\"background-color:#ffffff;line-height:2.076923076923077;margin-bottom:0pt;margin-top:0pt;padding:0pt 0pt 12pt;\" dir=\"ltr\"><span style=\"background-color:transparent;color:#333333;font-family:Arial;font-size:11.5pt;\"><span style=\"font-style:normal;font-variant:normal;font-weight:400;text-decoration:none;vertical-align:baseline;white-space:pre-wrap;\">Kinh t Vit Nam l mt nn kinh t m, da vo thng mi quc t khi c quan h kinh t song phng vi trn 230 nc v vng lnh th. Vit Nam cng  k kt 16 hip nh thng mi t do (FTA) vi 60 nn kinh t.</span></span></p><p style=\"background-color:#ffffff;line-height:2.076923076923077;margin-bottom:0pt;margin-top:0pt;padding:0pt 0pt 12pt;\" dir=\"ltr\"><span style=\"background-color:transparent;color:#333333;font-family:Arial;font-size:11.5pt;\"><span style=\"font-style:normal;font-variant:normal;font-weight:400;text-decoration:none;vertical-align:baseline;white-space:pre-wrap;\">Ngh quyt i hi ng ln th XIII  xc nh xy dng kt cu h tng ng b l 1 trong 3 t ph chin lc  pht trin t nc. Thc hin nhim v trn, chng ta  tng bc nng cp ng b, ng st, ng khng, ng bin, ng thy ni a gia cc a phng v kt ni ng thi vi cc nc.</span></span></p><p style=\"background-color:#ffffff;line-height:2.076923076923077;margin-bottom:0pt;margin-top:0pt;padding:0pt 0pt 12pt;\" dir=\"ltr\"><span style=\"background-color:transparent;color:#333333;font-family:Arial;font-size:11.5pt;\"><span style=\"font-style:normal;font-variant:normal;font-weight:400;text-decoration:none;vertical-align:baseline;white-space:pre-wrap;\">Tuy nhin, vic ng dng cng ngh s trong doanh nghip logistics ni ring v trong cc doanh nghip Vit Nam ni chung cn nhiu hn ch v ang i mt vi khong cch ln v Tr tu nhn to (AI). Theo s liu thng k, u t vo cc cng ty gii php AI th Vit Nam v Philippines u di mc 1 USD trn u ngi trong khi Singapore vi 68 USD, Trung Quc 21 USD v Hoa K t 155 USD. iu  i hi Vit Nam cn phi u t mnh m hn na  tn dng nn tng k thut s trong sn xut v phn phi hng ha, thc y tng trng kinh t ca t nc.</span></span></p><p style=\"background-color:#ffffff;line-height:2.076923076923077;margin-bottom:0pt;margin-top:0pt;padding:0pt 0pt 12pt;\" dir=\"ltr\"><span style=\"background-color:transparent;color:#333333;font-family:Arial;font-size:11.5pt;\"><span style=\"font-style:normal;font-variant:normal;font-weight:400;text-decoration:none;vertical-align:baseline;white-space:pre-wrap;\">Ngoi ra, chuyn i k thut s (DT) cng c ri ro bi cng ngh k thut s cung cp kh nng tng hiu qu v lm hi lng khch hng nhng nu doanh nghip thiu t duy  thay i, h tng khng ng b v khng c phng thc t chc trin khai thc hin chin lc chuyn i ph hp th s dn n tht bi v khi  DT tr thnh cng c phng i nhng tht bi .</span></span></p><p style=\"background-color:#ffffff;line-height:2.076923076923077;margin-bottom:0pt;margin-top:0pt;padding:0pt 0pt 12pt;\" dir=\"ltr\"><span style=\"background-color:transparent;color:#333333;font-family:Arial;font-size:11.5pt;\"><span style=\"font-style:normal;font-variant:normal;font-weight:400;text-decoration:none;vertical-align:baseline;white-space:pre-wrap;\">Thc t cho thy cng ngh s s gip ngnh logistics vt qua cc thch thc bng cch ti u ha quy trnh, giao tip t u n cui, qun l chui cung ng, ci thin tri nghim ca khch hng v kim sot chi ph. Tuy nhin, qu trnh ng dng cng ngh s trong doanh nghip logistics l qu trnh chuyn i t ph mang tnh khoa hc cao, i hi s tin phong nghin cu v  xut m hnh ph hp vi quy hoch kinh t x hi tng khu vc cng nh mi trng thin nhin. Qu trnh  i hi nhng bc pht trin v m hnh thi gian ph hp  m bo s thnh cng.</span></span></p><p style=\"background-color:#ffffff;line-height:2.076923076923077;margin-bottom:0pt;margin-top:0pt;padding:0pt 0pt 12pt;\" dir=\"ltr\"><span style=\"background-color:transparent;color:#333333;font-family:Arial;font-size:11.5pt;\"><span style=\"font-style:normal;font-variant:normal;font-weight:400;text-decoration:none;vertical-align:baseline;white-space:pre-wrap;\"> xy dng mi trng kinh doanh k thut s m bo em li li ch thit thc v h tr doanh nghip khi nghip cng nh chuyn i kinh doanh k thut s hiu qu, nn chng cn xy dng 5 chnh sch v m c th:</span></span></p><p style=\"background-color:#ffffff;line-height:2.076923076923077;margin-bottom:0pt;margin-top:0pt;padding:0pt 0pt 12pt;\" dir=\"ltr\"><span style=\"background-color:transparent;color:#333333;font-family:Arial;font-size:11.5pt;\"><i><span style=\"font-variant:normal;text-decoration:none;vertical-align:baseline;white-space:pre-wrap;\"><strong>Chnh sch tiu chun logistics chung ca quc gia</strong></span></i><span style=\"font-style:normal;font-variant:normal;font-weight:400;text-decoration:none;vertical-align:baseline;white-space:pre-wrap;\">: Trong k thut cng ngh, tiu chun l u tin s 1 nn cn xy dng chnh sch tiu chun logistics chung ca Vit Nam ph hp vi xu hng tiu chun v quy tc chuyn i s ca cc nc cng nghip pht trin. m bo s kt ni hon ho tt c cc tiu chun phn mm v phn cng ca h thng logistics v giao thng nhm to sc mnh cng hng.</span></span></p><p style=\"background-color:#ffffff;line-height:2.076923076923077;margin-bottom:0pt;margin-top:0pt;padding:0pt 0pt 12pt;\" dir=\"ltr\"><span style=\"background-color:transparent;color:#333333;font-family:Arial;font-size:11.5pt;\"><i><span style=\"font-variant:normal;text-decoration:none;vertical-align:baseline;white-space:pre-wrap;\"><strong>o to k nng k thut s</strong></span></i><span style=\"font-style:normal;font-variant:normal;font-weight:400;text-decoration:none;vertical-align:baseline;white-space:pre-wrap;\">: Bt k gii php cng ngh no cng phi tnh n nh hng ti ngi lao ng v t con ngi ln hng u. Cn xy dng cam kt chung  o to k nng k thut s cho lc lng lao ng.</span></span></p><p style=\"background-color:#ffffff;line-height:2.076923076923077;margin-bottom:0pt;margin-top:0pt;padding:0pt 0pt 12pt;\" dir=\"ltr\"><span style=\"background-color:transparent;color:#333333;font-family:Arial;font-size:11.5pt;\"><i><span style=\"font-variant:normal;text-decoration:none;vertical-align:baseline;white-space:pre-wrap;\"><strong>Lin kt cc ngun lc kinh t x hi (capital cluster)</strong></span></i><span style=\"font-style:normal;font-variant:normal;text-decoration:none;vertical-align:baseline;white-space:pre-wrap;\"><strong>:</strong></span><span style=\"font-style:normal;font-variant:normal;font-weight:400;text-decoration:none;vertical-align:baseline;white-space:pre-wrap;\"> Logistics cn thit khng ch cho tt c cc hot ng ca chui cung ng m cn cho tt c hot ng kinh t nh du lch, thng mi v u t. Tuy nhin, y cng l lnh vc cn nhiu ngun lc nht  u t v ngc li, cng vi h thng giao thng, ngnh logistics vi s ng dng ca cng ngh s s l ngun lc quan trng nht v l nn tng kt ni cht ch vi 4 ngun lc ch yu cn li: ti nguyn, con ngi, ti chnh v x hi. Ch c s lin kt cht ch cc ngun lc ny mi m bo s thnh cng cho ngnh logistics pht trin v to iu kin  khi xng, t ph v lan ta cng cuc i mi kinh t ln th hai ca t nc, nh v quy m kinh t quc gia trn trng quc t.&nbsp;</span></span></p><p style=\"background-color:#ffffff;line-height:2.076923076923077;margin-bottom:0pt;margin-top:0pt;padding:0pt 0pt 12pt;\" dir=\"ltr\"><span style=\"background-color:transparent;color:#333333;font-family:Arial;font-size:11.5pt;\"><i><span style=\"font-variant:normal;text-decoration:none;vertical-align:baseline;white-space:pre-wrap;\"><strong>Hp tc quc t trong vic pht trin cc trung tm logistics:&nbsp;</strong></span></i><span style=\"font-style:normal;font-variant:normal;font-weight:400;text-decoration:none;vertical-align:baseline;white-space:pre-wrap;\">Chui cung ng l mt lnh vc kinh doanh ton cu v hin nay ang trong qu trnh chuyn i, v vy cn c chnh sch y mnh vic hp tc quc t trong vic pht trin cc trung tm logistics, nht l cc vng kinh t trng im nh ng bng sng Mekong, ng bng sng Hng v khu vc min Trung. Cn coi trng pht trin hi nhp kinh t trong ASEAN v coi  l trng tm  m phn thng mi quc t v xy dng chin lc chui cung ng quc gia, m bo v tr quan trng ca Vit Nam trong khu vc.</span></span></p><p style=\"background-color:#ffffff;line-height:2.076923076923077;margin-bottom:0pt;margin-top:0pt;padding:0pt 0pt 12pt;\" dir=\"ltr\"><span style=\"background-color:transparent;color:#333333;font-family:Arial;font-size:11.5pt;\"><i><span style=\"font-variant:normal;text-decoration:none;vertical-align:baseline;white-space:pre-wrap;\"><strong>An ninh mng</strong></span></i><span style=\"font-style:normal;font-variant:normal;text-decoration:none;vertical-align:baseline;white-space:pre-wrap;\"><strong>:</strong></span><span style=\"font-style:normal;font-variant:normal;font-weight:400;text-decoration:none;vertical-align:baseline;white-space:pre-wrap;\"> Chuyn i cng ngh s em li nhiu li ch, tuy nhin vic ng dng n cng em li nhiu ri ro. V vy, cn tng cng hp tc v nng cao nng lc trong lnh vc an ninh mng khi xy dng v trin khai chin lc ng dng cng ngh.</span></span></p><p style=\"background-color:#ffffff;line-height:2.076923076923077;margin-bottom:0pt;margin-top:0pt;padding:0pt 0pt 12pt;\" dir=\"ltr\"><span style=\"background-color:transparent;color:#333333;font-family:Arial;font-size:11.5pt;\"><span style=\"font-style:normal;font-variant:normal;font-weight:400;text-decoration:none;vertical-align:baseline;white-space:pre-wrap;\">Cng vi s nhn thc v n lc ca cng ng doanh nghip trong lnh vc chuyn i s, vic xy dng v thc thi hiu qu cc chnh sch lin quan ca Chnh ph s nh v ngnh logistics ca Vit Nam ng vai tr ngy cng quan trng khng nhng trong cc ngun lc pht trin kinh t x hi ca t nc m cn trong s chuyn dch ca kinh t khu vc v ton cu.</span></span></p><p style=\"background-color:#ffffff;line-height:2.076923076923077;margin-bottom:0pt;margin-top:0pt;padding:0pt 0pt 12pt;\" dir=\"ltr\"><span style=\"background-color:transparent;color:#333333;font-family:Arial;font-size:11.5pt;\"><i><span style=\"font-variant:normal;font-weight:400;text-decoration:none;vertical-align:baseline;white-space:pre-wrap;\">Ngun: Bo in t Chnh ph</span></i></span></p><p style=\"background-color:#ffffff;line-height:2.076923076923077;margin-bottom:12pt;margin-top:0pt;\" dir=\"ltr\"><a style=\"text-decoration:none;\" target=\"_blank\" rel=\"noopener noreferrer\" href=\"https://baochinhphu.vn/logistics-trong-thoi-dai-chuyen-doi-so-102230301094955492.htm\"><span style=\"background-color:transparent;color:#1155cc;font-family:Arial;font-size:11.5pt;\"><i><span style=\"-webkit-text-decoration-skip:none;font-variant:normal;font-weight:400;text-decoration-skip-ink:none;vertical-align:baseline;white-space:pre-wrap;\"><u>https://baochinhphu.vn/logistics-trong-thoi-dai-chuyen-doi-so-102230301094955492.htm</u></span></i></span></a></p>'),(26,'TRUNG TM KHU VC 3 - CNG TY LOGISTICS KHAI TRNG GARAGE SA CHA XE - BC TIN MI CHO S PHT TRIN BN VNG','internal_news','2023-06-03 02:32:26.839000','2023-08-05 11:31:19.802000','2023-06-03 02:32:32.108000',1,1,'vi-VN',1,'Sng ngy 10/04/2023, ti thnh ph mang tn Bc, Trung tm KV3 - Cng ty Logistics  long trng t chc bui l khai trng Garage sa cha xe mi, t tin  cho bc pht trin vt bc trong tng lai ca Trung tm khu vc ni ring v c cng ty Log ni chung.','trung-tam-khu-vuc-3-cong-ty-logistics-khai-truong-garage-sua-chua-xe-buoc-tien-moi-cho-su-phat-trien-ben-vung',14,0,0,'<p><meta charset=\"utf-8\"></p><p style=\"line-height:1.38;margin-bottom:0pt;margin-top:0pt;\" dir=\"ltr\"><span style=\"background-color:transparent;color:#000000;font-family:\'Times New Roman\';font-size:13pt;\"><span style=\"font-style:normal;font-variant:normal;font-weight:400;text-decoration:none;vertical-align:baseline;white-space:pre-wrap;\">Sng ngy 10/04/2023, ti thnh ph mang tn Bc, Trung tm KV3 - Cng ty Logistics  long trng t chc bui l khai trng Garage sa cha xe mi, t tin  cho bc pht trin vt bc trong tng lai ca Trung tm khu vc ni ring v c cng ty Log ni chung.</span></span></p><figure class=\"image image_resized\" style=\"width:75%;\"><img style=\"margin-left:0px;margin-top:0px;\" src=\"https://vtl-cms.grandsways.com/uploads/image_f33e332571.png\" alt=\"image.png\" srcset=\"https://vtl-cms.grandsways.com/uploads/thumbnail_image_f33e332571.png 234w, https://vtl-cms.grandsways.com/uploads/small_image_f33e332571.png 500w, https://vtl-cms.grandsways.com/uploads/medium_image_f33e332571.png 750w, https://vtl-cms.grandsways.com/uploads/large_image_f33e332571.png 1000w\" sizes=\"100vw\" width=\"1000\" height=\"401\" uploadprocessed=\"true\"></figure><p>&nbsp;</p><p style=\"line-height:1.38;margin-bottom:0pt;margin-top:0pt;\" dir=\"ltr\"><span style=\"background-color:transparent;color:#000000;font-family:\'Times New Roman\';font-size:13pt;\"><span style=\"font-style:normal;font-variant:normal;font-weight:400;text-decoration:none;vertical-align:baseline;white-space:pre-wrap;\">Bui l khai trng c s gp mt ca i din Khi c quan Cng ty Log, Chi nhnh Min Nam, BG Chi nhnh Bu chnh TP. HCM, cc i tc xe OS tuyn, Ban gim c cng cc cn b, nhn vin ca TTKV3.&nbsp;</span></span></p><figure class=\"image image_resized\" style=\"width:75%;\"><img style=\"margin-left:0px;margin-top:0px;\" src=\"https://vtl-cms.grandsways.com/uploads/image_75fef4d3bd.png\" alt=\"image.png\" srcset=\"https://vtl-cms.grandsways.com/uploads/thumbnail_image_75fef4d3bd.png 234w, https://vtl-cms.grandsways.com/uploads/small_image_75fef4d3bd.png 500w, https://vtl-cms.grandsways.com/uploads/medium_image_75fef4d3bd.png 750w, https://vtl-cms.grandsways.com/uploads/large_image_75fef4d3bd.png 1000w\" sizes=\"100vw\" width=\"1000\" height=\"401\" uploadprocessed=\"true\"></figure><p style=\"line-height:1.38;margin-bottom:0pt;margin-top:0pt;\" dir=\"ltr\"><span style=\"background-color:transparent;color:#000000;font-family:\'Times New Roman\';font-size:13pt;\"><span style=\"font-style:normal;font-variant:normal;font-weight:400;text-decoration:none;vertical-align:baseline;white-space:pre-wrap;\">Garage mi c m ra vi mc tiu tit kim chi ph khi thu ngoi, ch ng trong cng tc sa cha v bo dng xe, ng thi nghin cu th nghim nhng k thut mi  tit kim thi gian trong cng tc vn hnh.</span></span></p><p style=\"line-height:1.38;margin-bottom:0pt;margin-top:0pt;\" dir=\"ltr\"><span style=\"background-color:transparent;color:#000000;font-family:\'Times New Roman\';font-size:13pt;\"><span style=\"font-style:normal;font-variant:normal;font-weight:400;text-decoration:none;vertical-align:baseline;white-space:pre-wrap;\"> phc v nhng mc tiu , garage mi c trang b nhng my mc, linh kin v cng ngh tn tin nht cng i ng th lnh ngh, nhit huyt, khng ngi kh ngi kh, sn sng hc hi v khng ngng phn u.</span></span></p><figure class=\"image image_resized\" style=\"width:75%;\"><img style=\"margin-left:0px;margin-top:0px;\" src=\"https://vtl-cms.grandsways.com/uploads/image_70b83b9b3e.png\" alt=\"image.png\" srcset=\"https://vtl-cms.grandsways.com/uploads/thumbnail_image_70b83b9b3e.png 234w, https://vtl-cms.grandsways.com/uploads/small_image_70b83b9b3e.png 500w, https://vtl-cms.grandsways.com/uploads/medium_image_70b83b9b3e.png 750w, https://vtl-cms.grandsways.com/uploads/large_image_70b83b9b3e.png 1000w\" sizes=\"100vw\" width=\"1000\" height=\"401\" uploadprocessed=\"true\"></figure><p>&nbsp;</p><p style=\"line-height:1.38;margin-bottom:0pt;margin-top:0pt;\" dir=\"ltr\"><span style=\"background-color:transparent;color:#000000;font-family:\'Times New Roman\';font-size:13pt;\"><span style=\"font-style:normal;font-variant:normal;font-weight:400;text-decoration:none;vertical-align:baseline;white-space:pre-wrap;\">Trong tng lai, Garage chc chn s cn hon thin, pht trin v m rng hn na, hng n mc tiu nhn sa cha c xe ngoi v sa cha c 100% cc hng mc. Cng chc mng cho TTKV3 cng cng ty Log li c thm mt du mc ng nh trong nm 2023!</span></span></p>'),(27,'Nhn Vin Lm Gi (Pricing - Logistics) Mc Lng Ln n 14Tr/Thng','recruitment','2023-06-03 02:36:56.838000','2023-08-05 09:46:08.896000','2023-06-03 02:37:00.023000',1,1,'vi-VN',NULL,' Lin h check gi cc vn chuyn vi cc Shipping lines/ airlines/ Agents.\n Update gi cho sales.\n Lin h hng tu/ hng air/ i l  ly booking.\n Xy dng, m rng v duy tr mi quan h vi hng tu/ hng air/ i l.','nhan-vien-lam-gia-pricing-logistics-muc-luong-len-den-14trd-thang',12,0,0,'<p><meta charset=\"utf-8\"></p><h3 style=\"background-color:#ffffff;line-height:1.32;margin-bottom:0pt;margin-top:15pt;padding:0pt 0pt 8pt;\" dir=\"ltr\"><span style=\"background-color:transparent;color:#333333;font-family:Arial;font-size:13.5pt;\"><span style=\"font-style:normal;font-variant:normal;text-decoration:none;vertical-align:baseline;white-space:pre-wrap;\"><strong>M t cng vic</strong></span></span></h3><p style=\"background-color:#ffffff;line-height:1.38;margin-bottom:0pt;margin-top:0pt;padding:0pt 0pt 8pt;\" dir=\"ltr\"><span style=\"background-color:transparent;color:#333333;font-family:Arial;font-size:10.5pt;\"><span style=\"font-style:normal;font-variant:normal;font-weight:400;text-decoration:none;vertical-align:baseline;white-space:pre-wrap;\"> Lin h check gi cc vn chuyn vi cc Shipping lines/ airlines/ Agents.</span></span><br><span style=\"background-color:transparent;color:#333333;font-family:Arial;font-size:10.5pt;\"><span style=\"font-style:normal;font-variant:normal;font-weight:400;text-decoration:none;vertical-align:baseline;white-space:pre-wrap;\"> Update gi cho sales.</span></span><br><span style=\"background-color:transparent;color:#333333;font-family:Arial;font-size:10.5pt;\"><span style=\"font-style:normal;font-variant:normal;font-weight:400;text-decoration:none;vertical-align:baseline;white-space:pre-wrap;\"> Lin h hng tu/ hng air/ i l  ly booking.</span></span><br><span style=\"background-color:transparent;color:#333333;font-family:Arial;font-size:10.5pt;\"><span style=\"font-style:normal;font-variant:normal;font-weight:400;text-decoration:none;vertical-align:baseline;white-space:pre-wrap;\"> Xy dng, m rng v duy tr mi quan h vi hng tu/ hng air/ i l.</span></span></p><h3 style=\"background-color:#ffffff;line-height:1.32;margin-bottom:0pt;margin-top:0pt;padding:7pt 0pt 8pt;\" dir=\"ltr\"><span style=\"background-color:transparent;color:#333333;font-family:Arial;font-size:13.5pt;\"><span style=\"font-style:normal;font-variant:normal;text-decoration:none;vertical-align:baseline;white-space:pre-wrap;\"><strong>Yu cu ng vin</strong></span></span></h3><p style=\"background-color:#ffffff;line-height:1.38;margin-bottom:0pt;margin-top:0pt;padding:0pt 0pt 8pt;\" dir=\"ltr\"><span style=\"background-color:transparent;color:#333333;font-family:Arial;font-size:10.5pt;\"><span style=\"font-style:normal;font-variant:normal;font-weight:400;text-decoration:none;vertical-align:baseline;white-space:pre-wrap;\">1. Trnh  Hc vn/ Chuyn mn c Lin quan</span></span><br><span style=\"background-color:transparent;color:#333333;font-family:Arial;font-size:10.5pt;\"><span style=\"font-style:normal;font-variant:normal;font-weight:400;text-decoration:none;vertical-align:baseline;white-space:pre-wrap;\"> Bng cp: Tt nghip Cao ng/ i hc chuyn ngnh Kinh t; Ngoi thng; Logistics; Xut nhp khu; Hi quan.</span></span><br><span style=\"background-color:transparent;color:#333333;font-family:Arial;font-size:10.5pt;\"><span style=\"font-style:normal;font-variant:normal;font-weight:400;text-decoration:none;vertical-align:baseline;white-space:pre-wrap;\">2. Kinh nghim v iu kin Lin quan</span></span><br><span style=\"background-color:transparent;color:#333333;font-family:Arial;font-size:10.5pt;\"><span style=\"font-style:normal;font-variant:normal;font-weight:400;text-decoration:none;vertical-align:baseline;white-space:pre-wrap;\"> C &gt; 1 nm kinh nghim v pricing, freight forwarding.</span></span><br><span style=\"background-color:transparent;color:#333333;font-family:Arial;font-size:10.5pt;\"><span style=\"font-style:normal;font-variant:normal;font-weight:400;text-decoration:none;vertical-align:baseline;white-space:pre-wrap;\"> Thnh tho cc k nng giao tip bng ting Anh, tin hc vn phng.</span></span><br><span style=\"background-color:transparent;color:#333333;font-family:Arial;font-size:10.5pt;\"><span style=\"font-style:normal;font-variant:normal;font-weight:400;text-decoration:none;vertical-align:baseline;white-space:pre-wrap;\"> K nng giao tip v m phn tt.</span></span><br><span style=\"background-color:transparent;color:#333333;font-family:Arial;font-size:10.5pt;\"><span style=\"font-style:normal;font-variant:normal;font-weight:400;text-decoration:none;vertical-align:baseline;white-space:pre-wrap;\"> Cn thn, trung thc, c tinh thn trch nhim cao.</span></span></p><h3 style=\"background-color:#ffffff;line-height:1.32;margin-bottom:0pt;margin-top:0pt;padding:7pt 0pt 8pt;\" dir=\"ltr\"><span style=\"background-color:transparent;color:#333333;font-family:Arial;font-size:13.5pt;\"><span style=\"font-style:normal;font-variant:normal;text-decoration:none;vertical-align:baseline;white-space:pre-wrap;\"><strong>Quyn li</strong></span></span></h3><p style=\"background-color:#ffffff;line-height:1.38;margin-bottom:0pt;margin-top:0pt;padding:0pt 0pt 8pt;\" dir=\"ltr\"><span style=\"background-color:transparent;color:#333333;font-family:Arial;font-size:10.5pt;\"><span style=\"font-style:normal;font-variant:normal;font-weight:400;text-decoration:none;vertical-align:baseline;white-space:pre-wrap;\">Ti Cng ty TNHH MTV Logistics Viettel, cc ng vin s c lm vic trong mi trng nng ng, tr trung v chuyn nghip, vi cc i ng hp dn sau:</span></span><br><span style=\"background-color:transparent;color:#333333;font-family:Arial;font-size:10.5pt;\"><span style=\"font-style:normal;font-variant:normal;font-weight:400;text-decoration:none;vertical-align:baseline;white-space:pre-wrap;\">1. Ch  v lng thng, thu nhp</span></span><br><span style=\"background-color:transparent;color:#333333;font-family:Arial;font-size:10.5pt;\"><span style=\"font-style:normal;font-variant:normal;font-weight:400;text-decoration:none;vertical-align:baseline;white-space:pre-wrap;\">- Mc lng: 11-14tr/thng.&nbsp;</span></span><br><span style=\"background-color:transparent;color:#333333;font-family:Arial;font-size:10.5pt;\"><span style=\"font-style:normal;font-variant:normal;font-weight:400;text-decoration:none;vertical-align:baseline;white-space:pre-wrap;\">- C ch  h tr tin in thoi v n tra, ngh mt hng nm; km theo l cc khon thng vo cc dp l ln (30/4, 1/5, 2/9, ngy thnh lp Tp on, Tng Cng ty, Tt Dng/ m).</span></span><br><span style=\"background-color:transparent;color:#333333;font-family:Arial;font-size:10.5pt;\"><span style=\"font-style:normal;font-variant:normal;font-weight:400;text-decoration:none;vertical-align:baseline;white-space:pre-wrap;\">2. Chng trnh chm sc sc khe</span></span><br><span style=\"background-color:transparent;color:#333333;font-family:Arial;font-size:10.5pt;\"><span style=\"font-style:normal;font-variant:normal;font-weight:400;text-decoration:none;vertical-align:baseline;white-space:pre-wrap;\">- c ng y  v cc ch  bo him x hi, bo him y t, bo him tht nghip v cc gi bo him sc khe khc.</span></span><br><span style=\"background-color:transparent;color:#333333;font-family:Arial;font-size:10.5pt;\"><span style=\"font-style:normal;font-variant:normal;font-weight:400;text-decoration:none;vertical-align:baseline;white-space:pre-wrap;\">- Hng nm CBNV c tham gia khm sc khe nh k ti cc bnh vin ln.</span></span><br><span style=\"background-color:transparent;color:#333333;font-family:Arial;font-size:10.5pt;\"><span style=\"font-style:normal;font-variant:normal;font-weight:400;text-decoration:none;vertical-align:baseline;white-space:pre-wrap;\">3. Hot ng tp th hp dn, phong ph</span></span><br><span style=\"background-color:transparent;color:#333333;font-family:Arial;font-size:10.5pt;\"><span style=\"font-style:normal;font-variant:normal;font-weight:400;text-decoration:none;vertical-align:baseline;white-space:pre-wrap;\">- Tham gia chng trnh sinh nht thng t chc ti CQV.</span></span><br><span style=\"background-color:transparent;color:#333333;font-family:Arial;font-size:10.5pt;\"><span style=\"font-style:normal;font-variant:normal;font-weight:400;text-decoration:none;vertical-align:baseline;white-space:pre-wrap;\">- Chng trnh teambuilding, vn ha, du lch ngh mt hp dn v a dng.</span></span><br><span style=\"background-color:transparent;color:#333333;font-family:Arial;font-size:10.5pt;\"><span style=\"font-style:normal;font-variant:normal;font-weight:400;text-decoration:none;vertical-align:baseline;white-space:pre-wrap;\">- Cc hot ng th dc th thao cng cc gii u c Tp on t chc.</span></span></p><p style=\"background-color:#ffffff;line-height:1.38;margin-bottom:0pt;margin-top:0pt;padding:0pt 0pt 12pt;\" dir=\"ltr\"><span style=\"background-color:transparent;color:#212529;font-family:Arial;font-size:13pt;\"><span style=\"font-style:normal;font-variant:normal;text-decoration:none;vertical-align:baseline;white-space:pre-wrap;\"><strong>ng tuyn:</strong></span></span></p><p style=\"background-color:#ffffff;line-height:1.38;margin-bottom:0pt;margin-top:0pt;padding:0pt 0pt 12pt;\" dir=\"ltr\"><span style=\"background-color:transparent;color:#212529;font-family:Arial;font-size:12pt;\"><span style=\"font-style:normal;font-variant:normal;font-weight:400;text-decoration:none;vertical-align:baseline;white-space:pre-wrap;\">ng vin c th ng tuyn bng cch gi CV v a ch email:&nbsp;</span></span><span style=\"background-color:#ffffff;color:#050505;font-family:Arial;font-size:11.5pt;\"><span style=\"font-style:normal;font-variant:normal;font-weight:400;text-decoration:none;vertical-align:baseline;white-space:pre-wrap;\">tuyendung.viettellogistics@gmail.com</span></span><span style=\"background-color:transparent;color:#212529;font-family:Arial;font-size:12pt;\"><span style=\"font-style:normal;font-variant:normal;font-weight:400;text-decoration:none;vertical-align:baseline;white-space:pre-wrap;\">  Tiu  email: V tr ng tuyn  H tn</span></span></p><p style=\"background-color:#ffffff;line-height:1.38;margin-bottom:12pt;margin-top:0pt;\" dir=\"ltr\"><span style=\"background-color:transparent;color:#212529;font-family:Arial;font-size:13pt;\"><span style=\"font-style:normal;font-variant:normal;text-decoration:none;vertical-align:baseline;white-space:pre-wrap;\"><strong>Thng tin lin h:</strong></span></span></p><ul style=\"margin-bottom:0;margin-top:0;padding-inline-start:48px;\"><li style=\"background-color:transparent;color:#212529;font-family:Arial;font-size:12pt;font-style:normal;font-variant:normal;font-weight:400;list-style-type:disc;text-decoration:none;vertical-align:baseline;white-space:pre;\" dir=\"ltr\" aria-level=\"1\"><span style=\"background-color:transparent;color:#212529;font-family:Arial;font-size:12pt;\"><span style=\"font-style:normal;font-variant:normal;font-weight:400;text-decoration:none;vertical-align:baseline;white-space:pre-wrap;\">Ms. Giang  Chuyn vin Tuyn dng Viettel Logistics</span></span></li><li style=\"background-color:transparent;color:#212529;font-family:Arial;font-size:12pt;font-style:normal;font-variant:normal;font-weight:400;list-style-type:disc;text-decoration:none;vertical-align:baseline;white-space:pre;\" dir=\"ltr\" aria-level=\"1\"><span style=\"background-color:transparent;color:#212529;font-family:Arial;font-size:12pt;\"><span style=\"font-style:normal;font-variant:normal;font-weight:400;text-decoration:none;vertical-align:baseline;white-space:pre-wrap;\">Phone:&nbsp; </span></span><span style=\"background-color:#ffffff;color:#050505;font-family:Arial;font-size:11.5pt;\"><span style=\"font-style:normal;font-variant:normal;font-weight:400;text-decoration:none;vertical-align:baseline;white-space:pre-wrap;\">0973161786&nbsp;</span></span><span style=\"background-color:transparent;color:#212529;font-family:Arial;font-size:12pt;\"><span style=\"font-style:normal;font-variant:normal;font-weight:400;text-decoration:none;vertical-align:baseline;white-space:pre-wrap;\">(Call/Add Zalo)</span></span></li><li style=\"background-color:transparent;color:#212529;font-family:Arial;font-size:12pt;font-style:normal;font-variant:normal;font-weight:400;list-style-type:disc;text-decoration:none;vertical-align:baseline;white-space:pre;\" dir=\"ltr\" aria-level=\"1\"><span style=\"background-color:transparent;color:#212529;font-family:Arial;font-size:12pt;\"><span style=\"font-style:normal;font-variant:normal;font-weight:400;text-decoration:none;vertical-align:baseline;white-space:pre-wrap;\">Mail:&nbsp;</span></span><span style=\"background-color:#ffffff;color:#050505;font-family:Arial;font-size:12.499999999999998pt;\"><span style=\"font-style:normal;font-variant:normal;font-weight:400;text-decoration:none;vertical-align:baseline;white-space:pre-wrap;\">tuyendung.viettellogistics@gmail.com</span></span><span style=\"background-color:transparent;color:#212529;font-family:Arial;font-size:13pt;\"><span style=\"font-style:normal;font-variant:normal;font-weight:400;text-decoration:none;vertical-align:baseline;white-space:pre-wrap;\">&nbsp;</span></span></li><li style=\"background-color:transparent;color:#212529;font-family:Arial;font-size:12pt;font-style:normal;font-variant:normal;font-weight:400;list-style-type:disc;text-decoration:none;vertical-align:baseline;white-space:pre;\" dir=\"ltr\" aria-level=\"1\"><span style=\"background-color:transparent;color:#212529;font-family:Arial;font-size:12pt;\"><span style=\"font-style:normal;font-variant:normal;font-weight:400;text-decoration:none;vertical-align:baseline;white-space:pre-wrap;\">a ch: Viettel Post Center, Km12, QL32, phng Minh Khai, qun Bc T Lim, H Ni</span></span></li><li style=\"background-color:transparent;color:#212529;font-family:Arial;font-size:12pt;font-style:normal;font-variant:normal;font-weight:400;list-style-type:disc;text-decoration:none;vertical-align:baseline;white-space:pre;\" dir=\"ltr\" aria-level=\"1\"><span style=\"background-color:transparent;color:#212529;font-family:Arial;font-size:12pt;\"><span style=\"font-style:normal;font-variant:normal;font-weight:400;text-decoration:none;vertical-align:baseline;white-space:pre-wrap;\">Fanpage:</span></span><span style=\"background-color:transparent;color:#0000ff;font-family:Arial;font-size:12pt;\"><span style=\"font-style:normal;font-variant:normal;font-weight:400;text-decoration:none;vertical-align:baseline;white-space:pre-wrap;\">&nbsp;</span></span><a style=\"text-decoration:none;\" target=\"_blank\" rel=\"noopener noreferrer\" href=\"https://www.facebook.com/ViettlLogisticsTuyenDung\"><span style=\"background-color:transparent;color:#1155cc;font-family:Arial;font-size:12pt;\"><span style=\"-webkit-text-decoration-skip:none;font-style:normal;font-variant:normal;font-weight:400;text-decoration-skip-ink:none;vertical-align:baseline;white-space:pre-wrap;\"><u>https://www.facebook.com/ViettlLogisticsTuyenDung</u></span></span></a></li></ul>'),(43,'VIETTEL POST EXPRESS DELIVERY OF GOODS AUSTRALIA - VIETNAM','internal_news','2023-06-05 02:18:23.366000','2023-08-10 07:44:35.200000','2023-06-05 02:18:26.454000',1,1,'en',1,'Realizing the market potential as well as the strength in the field of Logistics, in June 2023, Viettel Post joined the Australia-Vietnam express delivery network with services including: Delivery of e-commerce goods on behalf of customers. client; Shipping goods from Australia to Vietnam for individual and corporate customers; Services of customs clearance, import.','viettel-post-express-delivery-of-goods-australia-vietnam',211,16,11,'<p><meta charset=\"utf-8\"><span style=\"font-family:\'Times New Roman\', Times, serif;\"><strong>Potential from Vietnam\'s 7th largest trading partner</strong></span></p><p><span style=\"font-family:\'Times New Roman\', Times, serif;\">This information was given at the 4th meeting of the Working Group on Trade under the framework of the Vietnam - Australia Economic Partnership Ministerial Conference held at the end of March 2023. Accordingly, in 2022, two-way trade results between Vietnam and Australia have grown impressively, bilateral turnover in 2022 will reach 15.7 billion USD (Source: Website of the Ministry of Industry and Trade).</span></p><p><span style=\"font-family:\'Times New Roman\', Times, serif;\">Along with that, in response to the 50th anniversary of diplomatic relations between Vietnam and Australia, in order to further promote bilateral trade relations, commensurate with the strategic partnership, and at the same time bring trade relations in a balanced direction. In a fair and sustainable manner, Vietnam and Australia agreed to promote the implementation of a number of important cooperation contents, including cooperation and experience sharing in trade promotion and supply chain (Logistics).</span></p><p><span style=\"font-family:\'Times New Roman\', Times, serif;\">According to Statista (Global Digital Economy Data Portal), currently, Australia is in the TOP 10 countries with the largest global parcel delivery (CEP) revenue with about 12.2 billion USD and is expected to grow at a compound annual rate (CARG) of 5.46% in the period 2022-2027.</span></p><p><span style=\"font-family:\'Times New Roman\', Times, serif;\">In Vietnam, CEP revenue is estimated to reach USD 0.71 billion in 2021 and is expected to reach USD 4.48 billion in 2030 with a CARG of 24.1%. The volume of CEP goods from Australia to Vietnam is estimated at an average of 200 tons/month to Noi Bai and Tan Son Nhat airports.</span></p><p><span style=\"font-family:\'Times New Roman\', Times, serif;\">Besides, with about 335,000 Vietnamese people living, studying and working in Australia, Australia-Vietnam trade and logistics activities are considered to be a promising market.</span></p><p style=\"-webkit-text-stroke-width:0px;background-color:rgb(255, 255, 255);box-sizing:border-box;color:rgb(33, 37, 41);font-family:pfb;font-size:16px;font-style:normal;font-variant-caps:normal;font-variant-ligatures:normal;font-weight:400;letter-spacing:normal;margin-bottom:1rem;margin-top:0px;orphans:2;outline:none;text-align:justify;text-decoration-color:initial;text-decoration-style:initial;text-decoration-thickness:initial;text-indent:0px;text-transform:none;white-space:normal;widows:2;word-spacing:0px;\"><span style=\"font-family:\'Times New Roman\', Times, serif;\"><strong>Viettel Post joins Australia-Vietnam express delivery network</strong></span></p><p><span style=\"font-family:\'Times New Roman\', Times, serif;\">Realizing the market potential as well as the strength in the field of Logistics, in June 2023, Viettel Post joined the Australia-Vietnam express delivery network with services including: Delivery of e-commerce goods on behalf of customers. client; Shipping goods from Australia to Vietnam for individual and corporate customers; Services of customs clearance, import.</span></p><p><span style=\"font-family:\'Times New Roman\', Times, serif;\">With a network of post offices in 63 provinces and cities across the country, Viettel Post\'s Australian - Vietnamese express delivery service makes a difference when providing fast home delivery (D2D) without going through a third party. father. This helps shorten the shipping process when the goods arrive at the customer\'s hands only take from 5 working days.</span></p><p><span style=\"font-family:\'Times New Roman\', Times, serif;\">As of June 2023, Viettel Post is one of the leading delivery companies in Vietnam, owns a network of more than 4,000 delivery points nationwide, nearly 40,000 professional employees, 2,000 trucks type of operation 24/24; with a successful delivery rate always reaching 95%.</span></p><p style=\"text-align:center;\"><br><span style=\"font-family:\'Times New Roman\', Times, serif;\"><img class=\"image_resized\" style=\"width:66.81%;\" src=\"https://vtl-cms.grandsways.com/uploads/vtp_c40559ea71.jpg\" alt=\"vtp.jpg\" srcset=\"https://vtl-cms.grandsways.com/uploads/thumbnail_vtp_c40559ea71.jpg 245w, https://vtl-cms.grandsways.com/uploads/small_vtp_c40559ea71.jpg 500w\" sizes=\"100vw\" width=\"500\"></span></p><p style=\"text-align:center;\"><span style=\"font-family:\'Times New Roman\', Times, serif;\"><i>With a nationwide network of post offices, Viettel Post ensures smooth transportation to all parts of the country</i></span></p><p><span style=\"font-family:\'Times New Roman\', Times, serif;\">Taking advantage of the available potential in the postal sector helps Viettel Post to optimize operating costs. This helps customers to use the service at the best cost. For regular customers, Viettel Post has more favorable discounts for customers.</span></p><p><span style=\"font-family:\'Times New Roman\', Times, serif;\">The presence in Australia helps and provides delivery services to help Viettel Post support and meet the needs of customers quickly and synchronously right from the time of receiving the goods.</span></p><p><span style=\"font-family:\'Times New Roman\', Times, serif;\">Before joining the Australia-Vietnam express delivery route, Viettel Post was the first postal enterprise doing business in foreign markets and successfully connected 23/23 provinces of Cambodia. After Cambodia, Viettel Post continues to develop services in Myanmar and connects with more than 200 countries around the world. In the long-term strategy, the entry of Viettel Post in the Australian market will serve as a basis for Viettel Post to continue to expand return routes from China, Japan, Korea, the US and European countries...</span></p><p><span style=\"font-family:\'Times New Roman\', Times, serif;\">Customers in Australia who want to ship goods to Vietnam can send goods at Viettel Post pick-up point:</span></p><p><span style=\"font-family:\'Times New Roman\', Times, serif;\">Address: Lot.06, 14-16 Belmore Road, Punchbowl NSW 2196.</span></p><p><span style=\"font-family:\'Times New Roman\', Times, serif;\">Hotline in Australia: (+61) 406448688</span></p><p><span style=\"font-family:\'Times New Roman\', Times, serif;\">Hotline in Vietnam: (+84) 19008095 ext 2</span></p>'),(44,'VIETTEL POST IS THE ONLY LOGISTICS UNIT IN THE WORLD WIN IT WORLD AWARDS 2023 GOLD AWARD','internal_news','2023-06-05 02:18:41.790000','2023-08-07 05:21:25.200000','2023-06-05 02:18:42.886000',1,1,'en',NULL,'According to the announcement of the Organizing Committee of the world\'s largest information technology award - IT World Awards 2023, Viettel Post has won 3 consecutive gold awards for the NOC (Network Operation Center) system.','viettel-post-is-the-only-logistics-uniy-in-the-world-win-it-world-awards',38,2,1,'<p><meta charset=\"utf-8\"><b style=\"-webkit-text-stroke-width:0px;background-color:rgb(255, 255, 255);box-sizing:border-box;color:rgb(33, 37, 41);font-family:pfb;font-size:16px;font-style:normal;font-variant-caps:normal;font-variant-ligatures:normal;font-weight:bolder;letter-spacing:normal;orphans:2;outline:none;text-align:justify;text-decoration-color:initial;text-decoration-style:initial;text-decoration-thickness:initial;text-indent:0px;text-transform:none;white-space:normal;widows:2;word-spacing:0px;\"><i style=\"box-sizing:border-box;outline:none;\"><strong>According to the announcement of the Organizing Committee of the world\'s largest information technology award - IT World Awards 2023, Viettel Post has won 3 consecutive gold awards for the NOC (Network Operation Center) system.</strong></i></b></p><p><span style=\"font-family:\'Times New Roman\', Times, serif;\">This is one of the most prestigious technology awards in the world, attracting the participation of many large enterprises and corporations in Vietnam and internationally. The award is also an annual activity for businesses and corporations to affirm the quality of digital technology products and services to foreign partners.</span></p><p><span style=\"font-family:\'Times New Roman\', Times, serif;\">This year, Viettel Post\'s NOC system won 3 gold awards in the following categories: IT Solutions for Technology, Most Innovative IT Service, and Transportation Management Systems. transportation management system).</span></p><figure class=\"image image_resized\" style=\"width:59.69%;\"><img src=\"https://vtl-cms.grandsways.com/uploads/z4468202106913_0fcffe7a7f5a706a5692861b4f64c2db_2615c8e86b.jpg\" alt=\"z4468202106913_0fcffe7a7f5a706a5692861b4f64c2db.jpg\" srcset=\"https://vtl-cms.grandsways.com/uploads/thumbnail_z4468202106913_0fcffe7a7f5a706a5692861b4f64c2db_2615c8e86b.jpg 234w, https://vtl-cms.grandsways.com/uploads/small_z4468202106913_0fcffe7a7f5a706a5692861b4f64c2db_2615c8e86b.jpg 500w\" sizes=\"100vw\" width=\"500\"></figure><p style=\"text-align:center;\"><span style=\"font-family:\'Times New Roman\', Times, serif;\"><em style=\"-webkit-text-stroke-width:0px;background-color:rgb(255, 255, 255);box-sizing:border-box;color:rgb(33, 37, 41);font-family:pfb;font-size:16px;font-variant-caps:normal;font-variant-ligatures:normal;font-weight:400;letter-spacing:normal;orphans:2;outline:none;text-align:center;text-decoration-color:initial;text-decoration-style:initial;text-decoration-thickness:initial;text-indent:0px;text-transform:none;white-space:normal;widows:2;word-spacing:0px;\"><i>The NOC system is also known as the \"magic eye\" of Viettel Post</i></em></span></p><p><span style=\"font-family:\'Times New Roman\', Times, serif;\">In particular, Viettel Post won the absolute victory when up to 3 out of 3 nomination categories all won the Gold award for the NOC system. This result is evaluated and approved by leading experts in the field of Information Technology from all over the world. This is also the third year in a row that Viettel Post has won at the IT World Awards.</span></p><p><span style=\"font-family:\'Times New Roman\', Times, serif;\">Notably, in the field of Logistics, Viettel Post is the only enterprise in Vietnam and in the world to be honored at the IT World Awards 2023.</span></p><p><span style=\"font-family:\'Times New Roman\', Times, serif;\">To be recognized at this nomination, Viettel Post\'s NOC system has proven to be effective in practice and is exploited and used regularly. Specifically, after 8 months of implementation, NOC has monitored 372 quality indicators, 241 business indicators of 63 branches, 72 exploitation centers in the province, and nearly 11,088 postmen nationwide.</span></p><p><span style=\"font-family:\'Times New Roman\', Times, serif;\">The NOC system helps Viettel Post\'s operations department reduce the reporting time per day through 360-degree data cutting. The daily report aggregation of postal staff is reduced to 15-30 minutes instead of 1-2 hours as before. Retrieving data only takes 1-2 minutes compared to 20-30 minutes like when processing manually due to having to aggregate many different data sources.</span></p><p><span style=\"font-family:\'Times New Roman\', Times, serif;\">Information is extracted multi-dimensionally and brought numbers to life by connecting data belonging to different modules from business, finance to customer service... Thanks to that, users have an overall picture. and operational logic to get an overview to help make quick, accurate decisions.</span></p><figure class=\"image image_resized\" style=\"width:68.34%;\"><img src=\"https://vtl-cms.grandsways.com/uploads/z4468203905736_fe1e9f72fd88d3469699699710520675_73bb251f3e.jpg\" alt=\"z4468203905736_fe1e9f72fd88d3469699699710520675.jpg\" srcset=\"https://vtl-cms.grandsways.com/uploads/thumbnail_z4468203905736_fe1e9f72fd88d3469699699710520675_73bb251f3e.jpg 245w, https://vtl-cms.grandsways.com/uploads/small_z4468203905736_fe1e9f72fd88d3469699699710520675_73bb251f3e.jpg 500w\" sizes=\"100vw\" width=\"500\"></figure><p><span style=\"font-family:\'Times New Roman\', Times, serif;\">In addition, Viettel Post\'s NOC system helps management levels to identify \"weaknesses\" in each service stage to make timely decisions to shorten operation time, improve service quality and prevent prevent unexpected incidents. The warning of arising problems is updated in real time, so errors will be detected and handled immediately.</span></p><p><span style=\"font-family:\'Times New Roman\', Times, serif;\">Before the NOC system, every day, Viettel Post\'s operation department needed to work continuously with raw data sources in large quantities, which caused inadequacies in terms of time and accuracy of data. number. Therefore, the NOC system was \"born out of pain\" to help operate and centrally monitor all functional modules at Viettel Post from business, operations, finance, labor organization to customer care. row</span></p><p><span style=\"font-family:\'Times New Roman\', Times, serif;\">As planned in 2023, the NOC system will continue to perfect, add new modules and functions, put into operation the automatic task assignment flow according to vouchers applied to units, fully upgrade improve the system. The NOC system monitors and operates 100% of the indicators in real time to help alert, operate accurately, quickly and improve customer experience. At the same time, the system development team of Viettel Post will also add an interface on the App to make the NOC system easy to use in monitoring and operating.</span></p><p><span style=\"font-family:\'Times New Roman\', Times, serif;\">The recognition of the world\'s largest information technology award - IT World Awards 2023 is a milestone in Viettel Post\'s argument shifting process. Determining that service quality is the most important driving force for growth, Viettel Post always researches and applies technology in operation, monitoring and warning to each order, each postal route, and each vehicle. This is also Viettel Post\'s commitment to provide the most optimal shipping solution for customers with the motto \"Fastest - Most reliable\".</span></p><div class=\"main-content\" style=\"-webkit-text-stroke-width:0px;box-sizing:border-box;color:rgb(33, 37, 41);font-family:pfb;font-size:16px;font-style:normal;font-variant-caps:normal;font-variant-ligatures:normal;font-weight:400;letter-spacing:normal;orphans:2;outline:none;text-align:left;text-decoration-color:initial;text-decoration-style:initial;text-decoration-thickness:initial;text-indent:0px;text-transform:none;white-space:normal;widows:2;word-spacing:0px;\"><div class=\"section-listpost\" style=\"box-sizing:border-box;outline:none;\"><div class=\"container\" style=\"box-sizing:border-box;margin-left:auto;margin-right:auto;max-width:1140px;outline:none;padding-left:15px;padding-right:15px;width:1140px;\"><div class=\"row post-container\" style=\"box-sizing:border-box;display:flex;flex-wrap:wrap;margin-left:-15px;margin-right:-15px;outline:none;\"><div class=\"col-md-8\" style=\"-webkit-box-flex:0;box-sizing:border-box;flex:0 0 66.6667%;max-width:66.6667%;min-height:1px;outline:none;padding-left:15px;padding-right:15px;position:relative;width:760px;\"><div class=\"entry-content\" style=\"box-sizing:border-box;outline:none;\"><div class=\"\" style=\"box-sizing:border-box;outline:none;\" data-block=\"true\" data-editor=\"3m8gv\" data-offset-key=\"7cqmo-0-0\"><div class=\"_1mf _1mj\" style=\"box-sizing:border-box;outline:none;\" data-offset-key=\"7cqmo-0-0\">&nbsp;</div></div></div></div></div></div></div></div>'),(45,'Sales Staff Logistics / Logistics Sales (Earning Up to 30 Million/Month And Unlimited, Experience in Logistics required)','recruitment','2023-06-05 02:18:55.858000','2023-08-14 02:29:49.540000','2023-06-05 02:18:57.463000',1,1,'en',NULL,' Searching for customers who need to use Logistics services (International and Domestic Transportation).\n Contact customers according to available data or search by themselves to introduce Viettel Logistics\' products and services\n Support customers in the process of using services at the Company => ensure customer satisfaction and reliability.\n Developing customers through social networking sites, Google,...','sales-staff-logistics-earning-up-to-30-million',71,3,1,'<p><meta charset=\"utf-8\"></p><h3 style=\"background-color:#ffffff;line-height:1.32;margin-bottom:0pt;margin-top:15pt;padding:0pt 0pt 8pt;\" dir=\"ltr\"><span style=\"background-color:transparent;color:#000000;font-family:\'Times New Roman\', Times, serif;font-size:13.5pt;\"><strong>Job description</strong></span></h3><p><span style=\"font-family:\'Times New Roman\', Times, serif;\"> Searching for customers who need to use Logistics services (International and Domestic Transportation).</span></p><p><span style=\"font-family:\'Times New Roman\', Times, serif;\"> Contact customers according to available data or search by themselves to introduce Viettel Logistics\' products and services</span></p><p><span style=\"font-family:\'Times New Roman\', Times, serif;\"> Support customers in the process of using services at the Company =&gt; ensure customer satisfaction and reliability.</span></p><p><span style=\"font-family:\'Times New Roman\', Times, serif;\"> Developing customers through social networking sites, Google,...</span></p><h3 style=\"background-color:#ffffff;line-height:1.32;margin-bottom:0pt;margin-top:0pt;padding:7pt 0pt 8pt;\" dir=\"ltr\"><span style=\"background-color:transparent;color:#000000;font-family:\'Times New Roman\', Times, serif;font-size:13.5pt;\"><strong>Candidate Requirements</strong></span></h3><p><span style=\"font-family:\'Times New Roman\', Times, serif;\"> Education: Graduated from University majoring in International Business, Business Administration, Economics.</span></p><p><span style=\"font-family:\'Times New Roman\', Times, serif;\"> Experience in Sales Logistics &gt; 1 year.</span></p><p><span style=\"font-family:\'Times New Roman\', Times, serif;\"> Interested and oriented in the Sales Logistics industry.</span></p><p><span style=\"font-family:\'Times New Roman\', Times, serif;\"> Agility, enthusiasm and communication skills.</span></p><p><span style=\"font-family:\'Times New Roman\', Times, serif;\">Address to receive applications and work:</span></p><ul style=\"margin-bottom:0;margin-top:0;padding-inline-start:48px;\"><li style=\"background-color:transparent;color:#333333;font-family:Arial;font-size:10.5pt;font-style:normal;font-variant:normal;font-weight:400;list-style-type:disc;text-decoration:none;vertical-align:baseline;white-space:pre;\" dir=\"ltr\" aria-level=\"1\"><p style=\"margin-left:15pt;\"><span style=\"background-color:transparent;color:#333333;font-family:\'Times New Roman\', Times, serif;font-size:10.5pt;\">In Hanoi: Km12, National Road 32, Minh Khai Ward, Bac Tu Liem District, City. HN</span></p></li><li style=\"background-color:transparent;color:#333333;font-family:Arial;font-size:10.5pt;font-style:normal;font-variant:normal;font-weight:400;list-style-type:disc;text-decoration:none;vertical-align:baseline;white-space:pre;\" dir=\"ltr\" aria-level=\"1\"><p style=\"margin-left:15pt;\"><span style=\"background-color:transparent;color:#333333;font-family:\'Times New Roman\', Times, serif;font-size:10.5pt;\">In Da Nang: No. 92 Huynh Tan Phat, Hoa Cuong Bac Ward, Hai Chau District, Da Nang</span></p></li><li style=\"background-color:transparent;color:#333333;font-family:Arial;font-size:10.5pt;font-style:normal;font-variant:normal;font-weight:400;list-style-type:disc;text-decoration:none;vertical-align:baseline;white-space:pre;\" dir=\"ltr\" aria-level=\"1\"><p style=\"margin-left:15pt;\"><span style=\"background-color:transparent;color:#333333;font-family:\'Times New Roman\', Times, serif;font-size:10.5pt;\">In HCMC: No. 306 Ly Thuong Kiet, Ward 6, Tan Binh District, City. Ho Chi Minh City</span></p></li></ul><p style=\"background-color:#ffffff;line-height:1.38;margin-bottom:0pt;margin-top:0pt;padding:0pt 0pt 8pt;\" dir=\"ltr\"><span style=\"background-color:transparent;color:#333333;font-family:\'Times New Roman\', Times, serif;font-size:10.5pt;\">Working time: From Monday to Saturday morning. Morning from 8:00 to 12:00, Afternoon from 13:30 to 17:30. Afternoon Saturday + Sunday.</span></p><h3 style=\"background-color:#ffffff;line-height:1.32;margin-bottom:0pt;margin-top:0pt;padding:7pt 0pt 8pt;\" dir=\"ltr\"><span style=\"background-color:transparent;color:#000000;font-family:\'Times New Roman\', Times, serif;font-size:13.5pt;\"><strong>Benefits</strong></span></h3><p><span style=\"font-family:\'Times New Roman\', Times, serif;\">At Viettel Logistics Company Limited, candidates will be able to work in a dynamic, youthful and professional environment, with the following attractive incentives:</span></p><p><span style=\"font-family:\'Times New Roman\', Times, serif;\">1. Salary, bonus and income regime</span></p><p><span style=\"font-family:\'Times New Roman\', Times, serif;\">- Income: Up to 30 million VND/month (Unlimited salary - Hard salary from 6-15 million VND + Business salary).</span></p><p><span style=\"font-family:\'Times New Roman\', Times, serif;\">- There is a mode to support phone money and annual lunch and vacation; bonuses on major holidays as prescribed by the Company (April 30 &amp; May 1, June 1, July 1, September 2, December 22 &amp; New Year\'s Day, Lunar New Year, ...)</span></p><p><span style=\"font-family:\'Times New Roman\', Times, serif;\">2. Training program, health care.</span></p><p><span style=\"font-family:\'Times New Roman\', Times, serif;\">- Annually, employees can participate in periodical health check-ups at major hospitals.</span></p><p><span style=\"font-family:\'Times New Roman\', Times, serif;\">3. Attractive and diverse collective activities</span></p><p><span style=\"font-family:\'Times New Roman\', Times, serif;\">- Participate in the \'Happy Time\' activity every Friday afternoon along with the monthly birthday program.</span></p><p><span style=\"font-family:\'Times New Roman\', Times, serif;\">- Attractive and diverse teambuilding, culture, and tourism programs.</span></p><p style=\"background-color:#ffffff;line-height:1.38;margin-bottom:0pt;margin-top:0pt;padding:0pt 0pt 12pt;\" dir=\"ltr\"><span style=\"background-color:transparent;color:#212529;font-family:\'Times New Roman\', Times, serif;font-size:13pt;\"><span style=\"font-style:normal;font-variant:normal;text-decoration:none;vertical-align:baseline;white-space:pre-wrap;\"><strong>Apply:</strong></span></span></p><p style=\"background-color:#ffffff;line-height:1.38;margin-bottom:0pt;margin-top:0pt;padding:0pt 0pt 12pt;\" dir=\"ltr\"><span style=\"background-color:transparent;color:#212529;font-family:\'Times New Roman\', Times, serif;font-size:12pt;\">Candidates can apply by sending their CV to email address:&nbsp;tuyendung.viettellogistics@gmail.com  Email subject: Position applied for  Full name</span></p><p style=\"background-color:#ffffff;line-height:1.38;margin-bottom:12pt;margin-top:0pt;\" dir=\"ltr\"><span style=\"background-color:transparent;color:#212529;font-family:\'Times New Roman\', Times, serif;font-size:13pt;\"><strong>Contact Info:</strong></span></p><ul style=\"margin-bottom:0;margin-top:0;padding-inline-start:48px;\"><li style=\"background-color:transparent;color:#212529;font-family:Arial;font-size:12pt;font-style:normal;font-variant:normal;font-weight:400;list-style-type:disc;text-decoration:none;vertical-align:baseline;white-space:pre;\" dir=\"ltr\" aria-level=\"1\"><span style=\"font-family:\'Times New Roman\', Times, serif;\">Ms. Giang  Recruitment Specialist Viettel LogisticsPhone: 0973161786 (call/add zalo)</span></li><li style=\"background-color:transparent;color:#212529;font-family:Arial;font-size:12pt;font-style:normal;font-variant:normal;font-weight:400;list-style-type:disc;text-decoration:none;vertical-align:baseline;white-space:pre;\" dir=\"ltr\" aria-level=\"1\"><span style=\"font-family:\'Times New Roman\', Times, serif;\">Mail:&nbsp;</span><a href=\"mailto:tuyendung.viettellogistics@gmail.com\"><span style=\"font-family:\'Times New Roman\', Times, serif;\">tuyendung.viettellogistics@gmail.com</span></a></li><li style=\"background-color:transparent;color:#212529;font-family:Arial;font-size:12pt;font-style:normal;font-variant:normal;font-weight:400;list-style-type:disc;text-decoration:none;vertical-align:baseline;white-space:pre;\" dir=\"ltr\" aria-level=\"1\"><span style=\"font-family:\'Times New Roman\', Times, serif;\">Address: Viettel Post Center, Km12, QL32, Minh Khai ward, Bac Tu Liem district, Hanoi</span></li><li style=\"background-color:transparent;color:#212529;font-family:Arial;font-size:12pt;font-style:normal;font-variant:normal;font-weight:400;list-style-type:disc;text-decoration:none;vertical-align:baseline;white-space:pre;\" dir=\"ltr\" aria-level=\"1\"><span style=\"font-family:\'Times New Roman\', Times, serif;\">Fanpage:&nbsp;https: //www.facebook.com/ViettlLogisticsTuyenDung</span></li></ul>'),(46,'VIETTEL POST EXCELLENTLY RECEIVES THE \"ENTERPRISE WITH PRODUCTS HAVING VIETNAM\'S NATIONAL BRANDS\" FOR THE 5TH TIME','internal_news','2023-06-05 02:19:12.398000','2023-08-06 19:20:44.598000','2023-06-05 02:19:14.076000',1,1,'en',NULL,'This year is the 5th year Viettel Post Joint Stock Corporation (Viettel Post) attended the award and won the prize in the category: Viettel Post domestic and international delivery service.','viettel-post-receives-the-enterprise-with-products-having-vietnam-national-brand',29,NULL,NULL,'<p><meta charset=\"utf-8\"><span style=\"font-family:\'Times New Roman\', Times, serif;\">The product announcement ceremony that won the Vietnam National Brand in 2022 with the participation of more than 170 businesses and 325 products, took place on the evening of November 2, 2022 &nbsp;at the Vietnam National Convention Center.</span></p><p><span style=\"font-family:\'Times New Roman\', Times, serif;\">With the theme \"Creating the future - Enabling the future\", the program wishes to convey the message: On the journey to elevate the position of the Vietnamese brand to \"comparable with the powers of the five continents\".</span></p><p><span style=\"font-family:\'Times New Roman\', Times, serif;\">This year is the 5th year Viettel Post Joint Stock Corporation (Viettel Post) attended the award and won the prize in the category: Viettel Post domestic and international delivery service.</span></p><p><span style=\"font-family:\'Times New Roman\', Times, serif;\">Representing Viettel Post to attend the announcement and award ceremony  Deputy General Director Dinh Thanh Son proudly shared: Viettel Post is an enterprise that has won the National Brand Award for many years in a row, Viettel Post is proud to have won the National Brand Award for many years. bringing many things to society, helping Vietnam\'s logistics infrastructure system develop strongly. It is impossible not to mention the people of Viettel Post, who have created the foundation from the delivery network to the buying and selling trends of e-commerce, indirectly creating jobs for more than 40,000 households. At the same time, prestige is what is affirmed by customers, becoming the driving force for Viettel Post to always rise through digital transformation activities, continuously improve products/services, etc. We are confident that the service of Viettel Post is not inferior to any other country.</span></p><p><span style=\"font-family:\'Times New Roman\', Times, serif;\">Viettel Post also provides special delivery services for the market such as cold goods, express delivery, telecommunications - information technology services to each household to help the continuous digital transformation become stronger and stronger and even better.</span></p><figure class=\"image image_resized\" style=\"width:94.1%;\"><img src=\"https://vtl-cms.grandsways.com/uploads/2_0ea5029c96.jpg\" alt=\"2.jpg\" srcset=\"https://vtl-cms.grandsways.com/uploads/thumbnail_2_0ea5029c96.jpg 245w, https://vtl-cms.grandsways.com/uploads/small_2_0ea5029c96.jpg 500w, https://vtl-cms.grandsways.com/uploads/medium_2_0ea5029c96.jpg 750w, https://vtl-cms.grandsways.com/uploads/large_2_0ea5029c96.jpg 1000w\" sizes=\"100vw\" width=\"1000\"></figure><p style=\"-webkit-text-stroke-width:0px;background-color:rgb(255, 255, 255);box-sizing:border-box;color:rgb(33, 37, 41);font-family:pfb;font-size:16px;font-style:normal;font-variant-caps:normal;font-variant-ligatures:normal;font-weight:400;letter-spacing:normal;margin-bottom:1rem;margin-top:0px;orphans:2;outline:none;text-align:justify;text-decoration-color:initial;text-decoration-style:initial;text-decoration-thickness:initial;text-indent:0px;text-transform:none;white-space:normal;widows:2;word-spacing:0px;\"><span style=\"font-family:\'Times New Roman\', Times, serif;\">With a long-term vision and a view of sustainable development, Viettel Post has been and continues to focus on investing in the field of Delivery. With unremitting efforts, Viettel Post has now become one of the leading brands in Vietnam in terms of delivery with a series of post offices, exploitation centers and a wide network of 100% of the provinces and cities in the world. nationwide, trusted by customers.</span></p><p style=\"-webkit-text-stroke-width:0px;background-color:rgb(255, 255, 255);box-sizing:border-box;color:rgb(33, 37, 41);font-family:pfb;font-size:16px;font-style:normal;font-variant-caps:normal;font-variant-ligatures:normal;font-weight:400;letter-spacing:normal;margin-bottom:1rem;margin-top:0px;orphans:2;outline:none;text-align:justify;text-decoration-color:initial;text-decoration-style:initial;text-decoration-thickness:initial;text-indent:0px;text-transform:none;white-space:normal;widows:2;word-spacing:0px;\"><span style=\"font-family:\'Times New Roman\', Times, serif;\"><span style=\"box-sizing:border-box;font-weight:400;outline:none;\"></span></span></p><p style=\"-webkit-text-stroke-width:0px;background-color:rgb(255, 255, 255);box-sizing:border-box;color:rgb(33, 37, 41);font-family:pfb;font-size:16px;font-style:normal;font-variant-caps:normal;font-variant-ligatures:normal;font-weight:400;letter-spacing:normal;margin-bottom:1rem;margin-top:0px;orphans:2;outline:none;text-align:justify;text-decoration-color:initial;text-decoration-style:initial;text-decoration-thickness:initial;text-indent:0px;text-transform:none;white-space:normal;widows:2;word-spacing:0px;\"><span style=\"font-family:\'Times New Roman\', Times, serif;\">The Vietnam National Brand Program is a specific and long-term trade promotion program of the Government aimed at building and developing national brands through product brands. Participation in the Program is a process for enterprises to comprehensively evaluate their activities, production/business results and branding strategies through the Program\'s criteria system; thereby encouraging businesses to share and pursue the core values of the Program, which are Quality - Innovation, creativity - Pioneering capacity.</span></p>'),(47,'Document Officer ( Customer Service ) - Logistics','recruitment','2023-06-05 02:19:25.447000','2023-08-05 08:34:19.439000','2023-06-05 02:19:26.482000',1,1,'en',1,'Job description\n Make a principle contract with the customer, take the booking from the partner and send it to the customer, make BL and DO, declare manifest.\n Track the shipment during transportation, solve arising trouble (if any).\n Perform the assigned tasks from the Head of Department.','nhan-vien-chung-tu-customer-service-logistics-en',100,1,1,'<p><meta charset=\"utf-8\"></p><h3 style=\"background-color:#ffffff;line-height:1.32;margin-bottom:0pt;margin-top:15pt;padding:0pt 0pt 8pt;\" dir=\"ltr\"><span style=\"background-color:transparent;color:#000000;font-family:\'Times New Roman\', Times, serif;font-size:13.5pt;\"><strong>Job description</strong></span></h3><p><span style=\"background-color:transparent;color:#333333;font-family:\'Times New Roman\', Times, serif;font-size:10.5pt;\"> Make a principle contract with the customer, take the booking from the partner and send it to the customer, make BL and DO, declare manifest.</span><br><span style=\"background-color:transparent;color:#333333;font-family:\'Times New Roman\', Times, serif;font-size:10.5pt;\"> Track the shipment during transportation, solve arising trouble (if any).</span><br><span style=\"background-color:transparent;color:#333333;font-family:\'Times New Roman\', Times, serif;font-size:10.5pt;\"> Perform the assigned tasks from the Head of Department.</span></p><h3 style=\"background-color:#ffffff;line-height:1.32;margin-bottom:0pt;margin-top:0pt;padding:7pt 0pt 8pt;\" dir=\"ltr\"><span style=\"background-color:transparent;color:#000000;font-family:\'Times New Roman\', Times, serif;font-size:13.5pt;\"><strong>Candidate Requirements</strong></span></h3><p><span style=\"background-color:transparent;color:#333333;font-family:\'Times New Roman\', Times, serif;font-size:10.5pt;\">1. Relevant Education/Professional Qualification</span><br><span style=\"background-color:transparent;color:#333333;font-family:\'Times New Roman\', Times, serif;font-size:10.5pt;\"> Degree: Graduate from College/University majoring in Economics; Foreign Trade; Logistics; Import and export; Custom.</span><br><span style=\"background-color:transparent;color:#333333;font-family:\'Times New Roman\', Times, serif;font-size:10.5pt;\">2. Relevant Experience and Conditions</span><br><span style=\"background-color:transparent;color:#333333;font-family:\'Times New Roman\', Times, serif;font-size:10.5pt;\"> Experience &gt; 1 year in a similar position.</span><br><span style=\"background-color:transparent;color:#333333;font-family:\'Times New Roman\', Times, serif;font-size:10.5pt;\"> English proficiency in reading and understanding documents.</span><br><span style=\"background-color:transparent;color:#333333;font-family:\'Times New Roman\', Times, serif;font-size:10.5pt;\"> Careful, honest, with a high sense of responsibility.</span></p><h3 style=\"background-color:#ffffff;line-height:1.32;margin-bottom:0pt;margin-top:0pt;padding:7pt 0pt 8pt;\" dir=\"ltr\"><span style=\"background-color:transparent;color:#000000;font-family:\'Times New Roman\', Times, serif;font-size:13.5pt;\"><strong>Benefits</strong></span></h3><p><span style=\"background-color:transparent;color:#333333;font-family:\'Times New Roman\', Times, serif;font-size:10.5pt;\">At Viettel Logistics Company Limited, candidates will be able to work in a dynamic, youthful and professional environment, with the following attractive incentives:</span><br><span style=\"background-color:transparent;color:#333333;font-family:\'Times New Roman\', Times, serif;font-size:10.5pt;\">1. Salary, bonus and income regime</span><br><span style=\"background-color:transparent;color:#333333;font-family:\'Times New Roman\', Times, serif;font-size:10.5pt;\">Salary: 10-13 million VND/month.</span><br><span style=\"background-color:transparent;color:#333333;font-family:\'Times New Roman\', Times, serif;font-size:10.5pt;\">- There is a mode to support phone money and annual lunch and vacation; accompanied by bonuses on major holidays (April 30, May 1, September 2, establishment date of the Group, Corporation, New Year\'s Day/Yin) in accordance with the Company\'s regulations.</span><br><span style=\"background-color:transparent;color:#333333;font-family:\'Times New Roman\', Times, serif;font-size:10.5pt;\">2. Health care plan</span><br><span style=\"background-color:transparent;color:#333333;font-family:\'Times New Roman\', Times, serif;font-size:10.5pt;\">- Fully paid social insurance, health insurance, unemployment insurance and other health insurance packages.</span><br><span style=\"background-color:transparent;color:#333333;font-family:\'Times New Roman\', Times, serif;font-size:10.5pt;\">- Annually, employees are allowed to participate in periodical health check-ups at major hospitals.</span><br><span style=\"background-color:transparent;color:#333333;font-family:\'Times New Roman\', Times, serif;font-size:10.5pt;\">3. Attractive and diverse collective activities</span><br><span style=\"background-color:transparent;color:#333333;font-family:\'Times New Roman\', Times, serif;font-size:10.5pt;\">- Participating in activities and birthday programs at the Military Academy.</span><br><span style=\"background-color:transparent;color:#333333;font-family:\'Times New Roman\', Times, serif;font-size:10.5pt;\">- Attractive and diverse teambuilding, culture, and tourism programs.</span><br><span style=\"background-color:transparent;color:#333333;font-family:\'Times New Roman\', Times, serif;font-size:10.5pt;\">- Sports activities and tournaments organized by the Group.</span></p><p style=\"background-color:#ffffff;line-height:1.38;margin-bottom:0pt;margin-top:0pt;padding:0pt 0pt 12pt;\" dir=\"ltr\"><span style=\"background-color:transparent;color:#212529;font-family:\'Times New Roman\', Times, serif;font-size:13pt;\"><strong>Apply:</strong></span></p><p style=\"background-color:#ffffff;line-height:1.38;margin-bottom:0pt;margin-top:0pt;padding:0pt 0pt 12pt;\" dir=\"ltr\"><span style=\"background-color:transparent;color:#212529;font-family:\'Times New Roman\', Times, serif;font-size:12pt;\">Candidates can apply by sending their CV to email address:&nbsp;tuyendung.viettellogistics@gmail.com  Email subject: Position applied for  Full name</span></p><p style=\"background-color:#ffffff;line-height:1.38;margin-bottom:12pt;margin-top:0pt;\" dir=\"ltr\"><span style=\"background-color:transparent;color:#212529;font-family:\'Times New Roman\', Times, serif;font-size:13pt;\"><strong>Contact Info:</strong></span></p><ul style=\"margin-bottom:0;margin-top:0;padding-inline-start:48px;\"><li style=\"background-color:transparent;color:#212529;font-family:Arial;font-size:12pt;font-style:normal;font-variant:normal;font-weight:400;list-style-type:disc;text-decoration:none;vertical-align:baseline;white-space:pre;\" dir=\"ltr\" aria-level=\"1\"><span style=\"font-family:\'Times New Roman\', Times, serif;\">Ms. Giang  Recruitment Specialist Viettel LogisticsPhone: 0973161786 (call/add zalo)</span></li><li style=\"background-color:transparent;color:#212529;font-family:Arial;font-size:12pt;font-style:normal;font-variant:normal;font-weight:400;list-style-type:disc;text-decoration:none;vertical-align:baseline;white-space:pre;\" dir=\"ltr\" aria-level=\"1\"><span style=\"font-family:\'Times New Roman\', Times, serif;\">Mail:&nbsp;</span><a href=\"mailto:tuyendung.viettellogistics@gmail.com\"><span style=\"font-family:\'Times New Roman\', Times, serif;\">tuyendung.viettellogistics@gmail.com</span></a></li><li style=\"background-color:transparent;color:#212529;font-family:Arial;font-size:12pt;font-style:normal;font-variant:normal;font-weight:400;list-style-type:disc;text-decoration:none;vertical-align:baseline;white-space:pre;\" dir=\"ltr\" aria-level=\"1\"><span style=\"font-family:\'Times New Roman\', Times, serif;\">Address: Viettel Post Center, Km12, QL32, Minh Khai ward, Bac Tu Liem district, Hanoi</span></li><li style=\"background-color:transparent;color:#212529;font-family:Arial;font-size:12pt;font-style:normal;font-variant:normal;font-weight:400;list-style-type:disc;text-decoration:none;vertical-align:baseline;white-space:pre;\" dir=\"ltr\" aria-level=\"1\"><span style=\"font-family:\'Times New Roman\', Times, serif;\">Fanpage:&nbsp;https: //www.facebook.com/ViettlLogisticsTuyenDung</span></li></ul>'),(48,'Eliminate the burden with customs clearance','market_news','2023-06-05 02:19:39.235000','2023-08-05 19:48:20.894000','2023-06-05 02:19:40.251000',1,1,'en',1,'Following the direction of the Government and the Prime Minister, procedures related to import and export activities have been continuously reformed over the past time, create favorable conditions for businesses and improve national competitiveness.','Eliminate-the-burden-with-customs-clearance',1015,NULL,0,'<p><meta charset=\"utf-8\"></p><h2 style=\"background-color:#ffffff;line-height:1.92;margin-bottom:15pt;margin-top:0pt;padding:3.75pt 0pt 0pt;text-align:justify;text-indent:74pt;\" dir=\"ltr\"><span style=\"background-color:transparent;color:#444444;font-family:Arial;font-size:11pt;\"><i>Following the direction of the Government and the Prime Minister, procedures related to import and export activities have been continuously reformed over the past time, create favorable conditions for businesses and improve national competitiveness.</i></span></h2><p style=\"background-color:#ffffff;line-height:2.4;margin-bottom:0pt;margin-top:0pt;padding:0pt 0pt 15pt;text-align:justify;\" dir=\"ltr\"><span style=\"background-color:transparent;color:#333333;font-family:Arial;font-size:11pt;\"><i>The results of a new survey published by the Vietnam Confederation of Trade and Industry (VCCI) show that the majority of businesses are satisfied with the National Single Window and reforms in specialized inspection, creating favorable conditions. for import and export goods. Statistics on the results of import and export of goods in fact also show that.</i></span></p><p style=\"background-color:#ffffff;line-height:2.4;margin-bottom:0pt;margin-top:0pt;padding:0pt 0pt 15pt;text-align:justify;\" dir=\"ltr\"><span style=\"background-color:#ffffff;color:#333333;font-family:Arial;font-size:11.5pt;\"><i><strong>Positive signs from import and export of goods</strong></i></span></p><p style=\"background-color:#ffffff;line-height:2.4;margin-bottom:0pt;margin-top:0pt;padding:0pt 0pt 15pt;text-align:justify;\" dir=\"ltr\"><span style=\"background-color:#ffffff;color:#333333;font-family:Arial;font-size:11.5pt;\">Since the beginning of the year, the consequences of the Covid-19 epidemic on the global economy have been extremely heavy. In addition, economic and military conflicts between countries around the world have aggravated difficulties for the world economy. Rising fuel and material prices, broken supply chains and commodity consumption globally, pushed commodity prices and inflation soaring, production and business stalled, recovery was very weak in Vietnam and all over the world. That has greatly affected the production and business situation of Vietnamese enterprises.</span></p><figure class=\"image image_resized\" style=\"width:75%;\"><img style=\"margin-left:0px;margin-top:0px;\" src=\"https://vtl-cms.grandsways.com/uploads/image_0ea6e7fa20.png\" alt=\"image.png\" srcset=\"https://vtl-cms.grandsways.com/uploads/thumbnail_image_0ea6e7fa20.png 232w, https://vtl-cms.grandsways.com/uploads/small_image_0ea6e7fa20.png 500w, https://vtl-cms.grandsways.com/uploads/medium_image_0ea6e7fa20.png 750w\" sizes=\"100vw\" width=\"750\" height=\"405\" uploadprocessed=\"true\"></figure><p style=\"background-color:#ffffff;line-height:2.4;margin-bottom:0pt;margin-top:0pt;padding:0pt 0pt 15pt;text-align:center;\" dir=\"ltr\"><span style=\"background-color:#ffffff;color:#333333;font-family:Arial;font-size:11.5pt;\"><i>The customs sector has increased the application of information technology and digitization in the process of managing and implementing the customs sector.</i></span></p><p style=\"background-color:#ffffff;line-height:2.4;margin-bottom:0pt;margin-top:0pt;padding:0pt 0pt 15pt;text-align:justify;\" dir=\"ltr\"><span style=\"background-color:#ffffff;color:#333333;font-family:Arial;font-size:11.5pt;\">Data from the General Statistics Office shows that Vietnam\'s total import-export turnover in 2021 will reach 668.5 billion USD, up 22.6% compared to 2020. According to data from the General Department of Customs In October, 2022, the total import-export value of Vietnam was estimated at 58.27 billion USD, an increase of 70 million USD compared to the previous month. In which, the total export value is estimated at 30.27 billion USD, up 1.5% (equivalent to 452 million USD) and the total import value is estimated at 28 billion USD, down 1.3% (corresponding to the decrease of USD 452 million). 382 million USD). The total import-export value of the whole country in the past 10 months was estimated at USD 616.24 billion, up 14.1%, corresponding to an increase of USD 75.94 billion in absolute terms over the same period in 2021. In which, total export value was estimated at USD 312.82 billion, up 15.9% (equivalent to USD 42.98 billion) and total import value was estimated at USD 303.42 billion, up 12.2% (equivalent to USD 303.42 billion) increased by 32.95 billion USD). Thus, in October, the country had a trade surplus of 2.27 billion USD. In general, from the beginning of the year to the end of October 2022, the country\'s trade surplus was estimated at US$9.4 billion.</span></p><p style=\"background-color:#ffffff;line-height:2.4;margin-bottom:0pt;margin-top:0pt;padding:0pt 0pt 15pt;text-align:justify;\" dir=\"ltr\"><span style=\"background-color:#ffffff;color:#333333;font-family:Arial;font-size:11.5pt;\">\"This result reflects the great efforts of the General Department of Customs, the Ministry of Finance and other ministries and branches in reforming administrative procedures and facilitating import and export activities of enterprises\" Vice Chairman of VCCI Hoang Quang Phong commented.</span></p><p style=\"background-color:#ffffff;line-height:2.4;margin-bottom:0pt;margin-top:0pt;padding:0pt 0pt 15pt;text-align:justify;\" dir=\"ltr\"><span style=\"background-color:#ffffff;color:#333333;font-family:Arial;font-size:11.5pt;\"><i><strong>Most businesses are satisfied with customs procedures</strong></i></span></p><p style=\"background-color:#ffffff;line-height:2.4;margin-bottom:0pt;margin-top:0pt;padding:0pt 0pt 15pt;text-align:justify;\" dir=\"ltr\"><span style=\"background-color:#ffffff;color:#333333;font-family:Arial;font-size:11.5pt;\">Mr. Hoang Quang Phong\'s comments were made on the basis of a survey on the satisfaction of enterprises about the implementation of administrative procedures through the National Single Window and specialized management and inspection procedures. This survey activity started in 2019. Up to now, each year, VCCI has coordinated with the General Department of Customs plus support from the US Agency for International Development through the trade facilitation project to survey and report publication.</span></p><p style=\"background-color:#ffffff;line-height:2.4;margin-bottom:0pt;margin-top:0pt;padding:0pt 0pt 15pt;text-align:justify;\" dir=\"ltr\"><span style=\"background-color:#ffffff;color:#333333;font-family:Arial;font-size:11.5pt;\">The survey results of more than 3,000 import-export businesses in 2022 have just been announced by VCCI, showing that, most businesses said, the National Single Window is relatively well operated; the process of performing online procedures on the portal is more convenient; the reception and settlement of administrative procedures through the gate has helped reduce time and costs for businesses. Businesses also recorded similar positive changes in the field of specialized management and inspection.</span></p><p style=\"background-color:#ffffff;line-height:2.4;margin-bottom:0pt;margin-top:0pt;padding:0pt 0pt 15pt;text-align:justify;\" dir=\"ltr\"><span style=\"background-color:#ffffff;color:#333333;font-family:Arial;font-size:11.5pt;\">Deputy Director, Deputy Head of Department in charge of Customs Reform and Modernization Department (General Department of Customs) Luong Khanh Thiet said: \"As of October 17, 2022, the National Single Window has 250/261 administrative procedures of 13 ministries and branches connected, with nearly 5 million dossiers of more than 55,000 enterprises.Besides the implementation of the National Single Window, the ASEAN Single Window, over the past time, reforms have been carried out, simplifying specialized inspection procedures for import and export goods of special interest to the Government, drastically directed to create favorable conditions for businesses, reduce customs clearance time, and improve the Index. cross-border trade transactions, improve national competitiveness\".</span></p><p style=\"background-color:#ffffff;line-height:2.4;margin-bottom:0pt;margin-top:0pt;padding:0pt 0pt 15pt;text-align:justify;\" dir=\"ltr\"><span style=\"background-color:#ffffff;color:#333333;font-family:Arial;font-size:11.5pt;\"><i><strong>There\'s still a lot of work to do</strong></i></span></p><p style=\"background-color:#ffffff;line-height:2.4;margin-bottom:0pt;margin-top:0pt;padding:0pt 0pt 15pt;text-align:justify;\" dir=\"ltr\"><span style=\"background-color:#ffffff;color:#333333;font-family:Arial;font-size:11.5pt;\">However, through the opinions of businesses, businesses still want relevant ministries, branches and agencies to continue paying attention to improving the effectiveness of the National Single Window, and at the same time speeding up procedural reform specialized management and inspection to facilitate more trade.</span></p><p style=\"background-color:#ffffff;line-height:2.4;margin-bottom:0pt;margin-top:0pt;padding:0pt 0pt 15pt;text-align:justify;\" dir=\"ltr\"><span style=\"background-color:#ffffff;color:#333333;font-family:Arial;font-size:11.5pt;\">Regarding specialized inspection, the business community assessed that the order and procedures for inspection still went through many steps beyond necessary and inconsistent; enterprises have to travel many times, contact with many focal points of state agencies; a number of specialized inspection procedures, specialized management are still carried out manually; Some procedures have moved to electronic form but are not yet comprehensive, some steps still require paper documents. Enterprises also said that the duplication of specialized inspection among ministries and branches has not been uniformly handled by amending and promulgating legal documents on assignment of functions and tasks; many groups of goods are also under the management of many ministries. In particular, enterprises reflect that ministries and branches have not yet applied mutual recognition and mutual recognition; Traceability has not been applied in specialized inspection.</span></p><p style=\"background-color:#ffffff;line-height:2.4;margin-bottom:0pt;margin-top:0pt;padding:0pt 0pt 15pt;text-align:justify;\" dir=\"ltr\"><span style=\"background-color:#ffffff;color:#333333;font-family:Arial;font-size:11.5pt;\">The enterprises suggested the ministries and branches continue to reduce and simplify the stages in the specialized inspection process, from submitting dossiers, examining dossiers, taking samples and announcing results; fully and more widely apply the principles of risk management to better facilitate businesses with a good history of compliance; minimize the overlap between the regulations on specialized inspection.</span></p><p style=\"background-color:#ffffff;line-height:2.4;margin-bottom:0pt;margin-top:0pt;padding:0pt 0pt 15pt;text-align:justify;\" dir=\"ltr\"><span style=\"background-color:#ffffff;color:#333333;font-family:Arial;font-size:11.5pt;\">Along with that, the business community wishes to implement the National Single Window more quickly and thoroughly to minimize the required paperwork, maximize the shift to digitization, and avoid the situation that businesses have to declare information on the same day. information on the National Single Window, while having to do the procedures directly at the state management agency. State agencies also need to have a mechanism to connect and share information to avoid duplicate requests with businesses.</span></p><p style=\"background-color:#ffffff;line-height:2.4;margin-bottom:0pt;margin-top:0pt;padding:0pt 0pt 15pt;text-align:justify;\" dir=\"ltr\"><span style=\"background-color:#ffffff;color:#333333;font-family:Arial;font-size:11.5pt;\">In order to further facilitate businesses and reduce the time for customs clearance of import and export goods, Deputy General Director of the General Department of Customs Hoang Viet Cuong affirmed that the customs authority will make efforts to coordinate with ministries and sectors. , accompanying businesses to implement the National Single Window, the ASEAN Single Window on schedule; reforming specialized inspection procedures to reduce the time for customs clearance of import and export goods, creating favorable conditions for businesses, contributing to improving national competitiveness.</span></p><p style=\"background-color:#ffffff;line-height:2.4;margin-bottom:0pt;margin-top:0pt;padding:0pt 0pt 15pt;text-align:justify;\" dir=\"ltr\">&nbsp;</p>'),(49,'The first time to organize the International Exhibition specialized in Logistics','specialized_news','2023-06-05 02:19:51.957000','2023-06-27 10:42:05.565000',NULL,1,1,'en',1,'Logistics is one of the fastest growing and most stable industries in Vietnam, with an average growth rate of 14 - 16% a year, with a scale of 40 - 42 billion USD/year. According to the Agility Ranking 2022, Vietnam is ranked 11th in the group of 50 emerging logistics markets globally.','The-first-time-to-organize-the-International-Exhibition-specialized-in-Logistics',19,-1,0,'<p><meta charset=\"utf-8\"></p><p style=\"background-color:#ffffff;line-height:2.4;margin-bottom:0pt;margin-top:0pt;padding:0pt 0pt 15pt;\" dir=\"ltr\"><span style=\"background-color:#ffffff;color:#333333;font-family:Arial;font-size:11.5pt;\"><i>Logistics is one of the fastest growing and most stable industries in Vietnam, with an average growth rate of 14 - 16% a year, with a scale of 40 - 42 billion USD/year. According to the Agility Ranking 2022, Vietnam is ranked 11th in the group of 50 emerging logistics markets globally.</i></span></p><p style=\"background-color:#ffffff;line-height:2.4;margin-bottom:0pt;margin-top:0pt;padding:0pt 0pt 15pt;\" dir=\"ltr\"><span style=\"background-color:#ffffff;color:#333333;font-family:Arial;font-size:11.5pt;\">For the first time in Vietnam, Vietnam International Logistics Exhibition (abbreviated VILOG) is chaired by the Ministry of Industry and Trade of Vietnam (specifically, the two focal units are the Trade Promotion Department and the Import-Export Department), conducted by Vietnam Logistics Business Association (VLA) and VINEXAD will officially take place in 03 days, from 10-12/8/2023 at SECC (House B), 799 Nguyen Van Linh, District 7, Ho Chi Minh City.</span></p><figure class=\"image image_resized\" style=\"width:75%;\"><img style=\"margin-left:0px;margin-top:0px;\" src=\"https://vtl-cms.grandsways.com/uploads/image_58c50d767b.png\" alt=\"image.png\" srcset=\"https://vtl-cms.grandsways.com/uploads/thumbnail_image_58c50d767b.png 234w, https://vtl-cms.grandsways.com/uploads/small_image_58c50d767b.png 500w, https://vtl-cms.grandsways.com/uploads/medium_image_58c50d767b.png 750w, https://vtl-cms.grandsways.com/uploads/large_image_58c50d767b.png 1000w\" sizes=\"100vw\" width=\"1000\" height=\"401\" uploadprocessed=\"true\"></figure><p style=\"background-color:#ffffff;line-height:2.4;margin-bottom:0pt;margin-top:0pt;padding:0pt 0pt 15pt;\" dir=\"ltr\"><span style=\"background-color:#ffffff;color:#333333;font-family:Arial;font-size:11.5pt;\">Thanks to its political and social stability and favorable geographical location, Vietnam is benefiting from a wave of supply chain shifts. In addition, Vietnam has taken advantage of the long coastline to have a successful seaport system; Along with that, the economic growth rate is optimistic, production remains stable, especially the boom of e-commerce is developing like a storm in both export and domestic consumption directions. enhance competitiveness to become a common hub for the world\'s goods movement, a \"chain link\" in the global supply chain. Vietnam is expected to become Asia\'s \"logistics star\" in the near future.</span></p><p style=\"background-color:#ffffff;line-height:2.4;margin-bottom:0pt;margin-top:0pt;padding:0pt 0pt 15pt;\" dir=\"ltr\"><span style=\"background-color:#ffffff;color:#333333;font-family:Arial;font-size:11.5pt;\">Besides advantages, difficulties and conditions exist at the same time such as high service costs, increasing pressure on infrastructure. According to experts, the logistics industry still needs to develop an infrastructure connection chain, public-private partnership to expand into logistics centers and a comprehensive supply chain in terms of information circulation, processing, storage, transportation and distribution.</span></p><figure class=\"image image_resized\" style=\"width:75%;\"><img style=\"margin-left:0px;margin-top:0px;\" src=\"https://vtl-cms.grandsways.com/uploads/image_28702898fa.png\" alt=\"image.png\" srcset=\"https://vtl-cms.grandsways.com/uploads/thumbnail_image_28702898fa.png 234w, https://vtl-cms.grandsways.com/uploads/small_image_28702898fa.png 500w, https://vtl-cms.grandsways.com/uploads/medium_image_28702898fa.png 750w, https://vtl-cms.grandsways.com/uploads/large_image_28702898fa.png 1000w\" sizes=\"100vw\" width=\"1000\" height=\"401\" uploadprocessed=\"true\"></figure><p style=\"background-color:#ffffff;line-height:2.4;margin-bottom:0pt;margin-top:0pt;padding:0pt 0pt 15pt;\" dir=\"ltr\"><span style=\"background-color:#f3f4f5;color:#333333;font-family:Arial;font-size:12pt;\"><i>For the first time in Vietnam, the International Logistics Exhibition was held under the chairmanship of the Vietnam Ministry of Industry and Trade, directed by the Trade Promotion Department, and in close coordination with the Import-Export Department.</i></span></p><p style=\"background-color:#ffffff;line-height:2.4;margin-bottom:0pt;margin-top:0pt;padding:0pt 0pt 15pt;\" dir=\"ltr\"><span style=\"background-color:#ffffff;color:#333333;font-family:Arial;font-size:11.5pt;\">The exhibition is organized by Vietnam Logistics Service Association (VLA) and VINEXAD Organizer. The combination of the Association that carries the \'weighty voice\' between the Logistics industry and a professional organizer with extensive experience and partner network, is expected to create an event that helps promote the industry. Vietnam\'s logistics industry develops a long-term vision with inherent potential, at the same time creates a buzz to attract foreign investment, transfer technology for transport operation, train human resources, and establish an ecological system &nbsp;in Logistics.</span></p><p style=\"background-color:#ffffff;line-height:2.4;margin-bottom:0pt;margin-top:0pt;padding:0pt 0pt 15pt;\" dir=\"ltr\"><span style=\"background-color:#ffffff;color:#333333;font-family:Arial;font-size:11.5pt;\">In 2023, the exhibition will be held for the first time in Ho Chi Minh City, from August 10-12. With an expected scale of 250 exhibitors in the following industry groups:</span></p><p>1. Transport &amp; Delivery</p><p>2. Warehouse system &amp; warehouse arrangement</p><p>3. Packing</p><p>4. Services &amp; Applications</p><p>5. Information technology</p><p style=\"background-color:#ffffff;line-height:2.4;margin-bottom:0pt;margin-top:0pt;padding:0pt 0pt 15pt;\" dir=\"ltr\"><span style=\"background-color:#ffffff;color:#333333;font-family:Arial;font-size:11.5pt;\">A special feature, Logistics exhibition will be held at the same time and location with the 27th Vietfood &amp; Beverage - Propack International Special Exhibition. The clash between 02 exhibitions of F&amp;B and Logistics industry will form a chain of linkages. increase trade efficiency, diversify supply sources, promote competition between domestic and foreign enterprises.</span></p><p style=\"background-color:#ffffff;line-height:2.4;margin-bottom:0pt;margin-top:0pt;padding:0pt 0pt 15pt;\" dir=\"ltr\"><span style=\"background-color:#ffffff;color:#333333;font-family:Arial;font-size:11.5pt;\">The affiliate exhibition model continues to be the \"Guideline\" in 2023, selected by VINEXAD organizers with the goal of diversifying customer files, developing target industries, and at the same time ending two-way trade between businesses. domestic and foreign enterprises.</span></p><p style=\"background-color:#ffffff;line-height:2.4;margin-bottom:0pt;margin-top:0pt;padding:0pt 0pt 15pt;\" dir=\"ltr\">&nbsp;</p>'),(50,'Logistics promises many opportunities for rapid growth in 2023','market_news','2023-06-05 02:20:03.790000','2023-08-01 07:30:58.952000','2023-06-05 02:20:05.042000',1,1,'en',1,'Deputy Minister of Industry and Trade Do Thang Hai said that logistics is one of the fastest growing and most stable industries with an average growth rate of 14-16% per year.','Logistics-promises-many-opportunities-for-rapid-growth-in-2023',204,0,0,'<p><meta charset=\"utf-8\"></p><p style=\"line-height:1.38;margin-bottom:0pt;margin-top:0pt;\" dir=\"ltr\"><span style=\"background-color:transparent;color:#000000;font-family:Arial;font-size:11.5pt;\"><i>Deputy Minister of Industry and Trade Do Thang Hai said that logistics is one of the fastest growing and most stable industries with an average growth of 14-16% per year, contributing to GDP from 4 to 5%. In the context of deepening international economic integration and the strong process of shifting and restructuring international supply chains, Vietnam\'s logistics industry is considered as a potential economic industry with great opportunities. development in 2023.</i></span></p><h2 style=\"line-height:1.56;margin-bottom:14pt;margin-top:14pt;\" dir=\"ltr\"><span style=\"background-color:transparent;color:#333333;font-family:Arial;font-size:11.5pt;\"><i><strong>Opportunities and challenges are intertwined</strong></i></span></h2><p style=\"line-height:1.8599999999999999;margin-bottom:11pt;margin-top:0pt;\" dir=\"ltr\"><span style=\"background-color:transparent;color:#333333;font-family:Arial;font-size:11.5pt;\">Deputy Minister of Industry and Trade Do Thang Hai said that in the report on the emerging market logistics index in 2022 released by Agility, Vietnam ranked 11th in the ranking of the top 50 countries leading the emerging logistics market. ranked 4th in Southeast Asia. The development of the logistics industry is associated with important achievements in economic development, thanks to the promotion of opening up, international economic integration, and active participation in Free Trade Agreements (FTAs) with Vietnam. extensive and comprehensive commitments, bringing many opportunities to the Vietnamese business community in general and logistics businesses in particular.</span></p><figure class=\"image image_resized\" style=\"width:75%;\"><img style=\"margin-left:0px;margin-top:0px;\" src=\"https://vtl-cms.grandsways.com/uploads/image_a5818b314b.png\" alt=\"image.png\" srcset=\"https://vtl-cms.grandsways.com/uploads/thumbnail_image_a5818b314b.png 232w, https://vtl-cms.grandsways.com/uploads/small_image_a5818b314b.png 500w, https://vtl-cms.grandsways.com/uploads/medium_image_a5818b314b.png 750w\" sizes=\"100vw\" width=\"750\" height=\"379\" uploadprocessed=\"true\"></figure><p style=\"line-height:1.8599999999999999;margin-bottom:11pt;margin-top:0pt;text-align:center;\" dir=\"ltr\"><span style=\"background-color:transparent;color:#333333;font-family:Arial;font-size:11.5pt;\"><i>Logistics is likely to continue to grow rapidly in 2023</i></span></p><p style=\"line-height:1.8599999999999999;margin-bottom:11pt;margin-top:0pt;\" dir=\"ltr\"><span style=\"background-color:transparent;color:#333333;font-family:Arial;font-size:11.5pt;\">In addition to the advantages, Deputy Minister Do Thang Hai also shared, Vietnamese businesses when exchanging trade with the world in general and with the Europe - America region currently still face many difficulties. challenges, including problems such as limited infrastructure, lack of synchronization, especially transport infrastructure and logistics infrastructure such as warehouses and logistics centers; logistics enterprises lack information; lack of links, outdated technology application... These are huge limitations that make Vietnam\'s logistics costs always very high, a burden for businesses.</span></p><p style=\"line-height:1.8599999999999999;margin-bottom:11pt;margin-top:0pt;\" dir=\"ltr\"><span style=\"background-color:transparent;color:#333333;font-family:Arial;font-size:11.5pt;\">Agreeing with the above point of view, Ms. Vo Thi Phuong Lan - Vice President of Ho Chi Minh City Logistics Association. According to Ho Chi Minh City (HLA), currently, the average logistics cost of Vietnam is at 16.8-17% of the value of goods. However, in fact, there are businesses that have to pay up to 20-25% for this cost.</span></p><p style=\"line-height:1.8599999999999999;margin-bottom:11pt;margin-top:0pt;\" dir=\"ltr\"><span style=\"background-color:transparent;color:#333333;font-family:Arial;font-size:11.5pt;\">In order to reduce logistics costs for businesses, Ms. Vo Thi Phuong Lan said that import-export businesses should change their sales conditions from FOB to CIF to be more proactive in using appropriate shipping schedules. If possible, look for a reputable competitive supplier to save freight costs and risks in the transportation process.</span></p><p style=\"line-height:1.8599999999999999;margin-bottom:11pt;margin-top:0pt;\" dir=\"ltr\"><span style=\"background-color:transparent;color:#333333;font-family:Arial;font-size:11.5pt;\"><i><strong>Make Vietnam an important logistics hub in the region</strong></i></span></p><p style=\"line-height:1.8599999999999999;margin-bottom:11pt;margin-top:0pt;\" dir=\"ltr\"><span style=\"background-color:transparent;color:#333333;font-family:Arial;font-size:11.5pt;\">Assessing the development of the logistics industry in 2023, Mr. Tran Thanh Hai - Deputy Director of the Import-Export Department, Ministry of Industry and Trade said that the Government and ministries and branches are especially interested in developing logistics to bring Vietnam to the next level. become an important logistics hub in the region. Deputy Prime Minister Le Minh Khai has just signed Resolution No. 163/NQ-CP dated December 16, 2022 on promoting synchronous implementation of key tasks and solutions to improve competitiveness and develop services. At the same time, many localities have now developed plans and master plans on logistics development.</span></p><p style=\"line-height:1.8599999999999999;margin-bottom:11pt;margin-top:0pt;text-align:center;\" dir=\"ltr\"><span style=\"background-color:transparent;color:#333333;font-family:Arial;font-size:11.5pt;\"><span style=\"border-style:none;display:inline-block;font-style:normal;font-variant:normal;font-weight:400;height:433px;overflow:hidden;text-decoration:none;vertical-align:baseline;white-space:pre-wrap;width:602px;\"><img style=\"margin-left:0px;margin-top:0px;\" src=\"https://vtl-cms.grandsways.com/uploads/image_0ea9e974d9.png\" alt=\"image.png\" srcset=\"https://vtl-cms.grandsways.com/uploads/thumbnail_image_0ea9e974d9.png 199w, https://vtl-cms.grandsways.com/uploads/small_image_0ea9e974d9.png 500w, https://vtl-cms.grandsways.com/uploads/medium_image_0ea9e974d9.png 750w\" sizes=\"100vw\" width=\"750\" height=\"433\" uploadprocessed=\"true\"></span></span></p><p style=\"line-height:1.8599999999999999;margin-bottom:11pt;margin-top:0pt;text-align:center;\" dir=\"ltr\"><span style=\"background-color:transparent;color:#333333;font-family:Arial;font-size:11.5pt;\"><i>Import and export activities at Hai Phong port</i></span></p><p style=\"line-height:1.8599999999999999;margin-bottom:11pt;margin-top:0pt;\" dir=\"ltr\"><span style=\"background-color:transparent;color:#333333;font-family:Arial;font-size:11.5pt;\">In Resolution No. 163/NQ-CP clearly stated, the point of view is to develop logistics services into a service industry that brings high added value, linking logistics services with the development of goods production, import and export and trade. domestic trade, development of transport infrastructure and information technology; developing the logistics service market, focusing on improving the competitiveness of logistics service enterprises; make the most of its geographical advantages, strengthen connectivity to make Vietnam an important logistics hub in the region; develop logistics associated with sustainable supply chains, improve the quality of human resources, promote digital transformation and technology application.</span></p><p style=\"line-height:1.8599999999999999;margin-bottom:11pt;margin-top:0pt;\" dir=\"ltr\"><span style=\"background-color:transparent;color:#333333;font-family:Arial;font-size:11.5pt;\">In particular, Resolution No. 163/NQ-CP assigns the Ministry of Finance to continue to review and remove obstacles on tax policies, fees, charges and service prices to create favorable conditions for service providers. logistics services; assume the prime responsibility for, and coordinate with ministries and branches in, promoting trade facilitation activities, reforming customs procedures, reducing and simplifying specialized inspection procedures, standardizing dossiers, and implementing commitments in the WTO Trade Facilitation Agreement.</span></p><p style=\"line-height:1.8599999999999999;margin-bottom:11pt;margin-top:0pt;\" dir=\"ltr\"><span style=\"background-color:transparent;color:#333333;font-family:Arial;font-size:11.5pt;\">The Ministry of Industry and Trade urges ministries, branches, localities and associations to synchronously and drastically implement solutions, mechanisms and policies to implement synchronously and effectively the Action Plan to improve competitiveness. compete and develop logistics services in Vietnam by 2025 according to Decision No. 200/QD-TTg and Decision No. 221/QD-TTg....</span></p><p style=\"line-height:1.8599999999999999;margin-bottom:11pt;margin-top:0pt;\" dir=\"ltr\"><span style=\"background-color:transparent;color:#333333;font-family:Arial;font-size:11.5pt;\">\"The next advantage is that Vietnam\'s commercial production is recovering and increasing very well. On December 15, Vietnam\'s total import-export turnover reached a record $700 billion for the first time. 5 years ago in 2017, Vietnam only reached the figure of 400 billion USD This is a great advantage because the volume of goods produced, domestically circulated and transacted with international trade increases, which will drag on according to the needs of using logistics services\" - Mr. Tran Thanh Hai emphasized.</span></p><p style=\"line-height:1.8599999999999999;margin-bottom:11pt;margin-top:0pt;\" dir=\"ltr\">&nbsp;</p>'),(51,'Logistics in the age of digital transformation','specialized_news','2023-06-05 02:20:15.786000','2023-08-10 18:57:59.147000','2023-06-05 02:20:17.819000',1,1,'en',1,'Along with the awareness and efforts of the business community in the field of digital transformation, the effective formulation and implementation of relevant policies of the Government will position Vietnam\'s logistics industry to play an increasingly important role, not only in the country\'s socio-economic development resources but also in the regional and global economic transformation.','Logistics-in-the-age-of-digital-transformation',19,0,0,'<p><meta charset=\"utf-8\"></p><h2 style=\"background-color:#ffffff;line-height:1.7249999999999999;margin-bottom:0pt;margin-top:0pt;padding:0pt 0pt 33pt;\" dir=\"ltr\"><span style=\"background-color:transparent;color:#555555;font-family:\'Times New Roman\', Times, serif;font-size:12pt;\"><i>Along with the awareness and efforts of the business community in the field of digital transformation, the effective formulation and implementation of relevant policies of the Government will position Vietnam\'s logistics industry to play an increasingly important role, not only in the country\'s socio-economic development resources but also in the regional and global economic transformation.</i></span></h2><p style=\"background-color:#ffffff;line-height:2.076923076923077;margin-bottom:0pt;margin-top:0pt;padding:12pt 0pt;\" dir=\"ltr\"><span style=\"background-color:transparent;color:#333333;font-family:\'Times New Roman\', Times, serif;font-size:11.5pt;\">For today\'s economy, there are two areas of greatest focus: Standards and product supply chains. The logistics industry is that part of supply chain management that deals with the efficient flow of goods, services and related information, from the point of origin to the point of consumption according to customer needs. With the development of digital technology, logistics plays an increasingly central role in the supply chain. Logistics not only has large investment costs and has a strong impact on product prices (on average, about 5% of GDP, 20% of final prices of goods) but also determines the quality of international trade when every customer wants the product they buy to be delivered quickly and perfectly regardless of the distance.</span></p><p style=\"background-color:#ffffff;line-height:2.076923076923077;margin-bottom:0pt;margin-top:0pt;padding:0pt 0pt 12pt;\" dir=\"ltr\"><span style=\"background-color:transparent;color:#333333;font-family:\'Times New Roman\', Times, serif;font-size:11.5pt;\">Over the past five years, the logistics industry has seen more and more businesses cooperate more closely with technology companies, opening up a market worth hundreds of billions of dollars.</span></p><p style=\"background-color:#ffffff;line-height:2.076923076923077;margin-bottom:0pt;margin-top:0pt;padding:0pt 0pt 12pt;\" dir=\"ltr\"><span style=\"background-color:transparent;color:#333333;font-family:\'Times New Roman\', Times, serif;font-size:11.5pt;\">Vietnam\'s economy is an open economy, based on international trade when it has bilateral economic relations with more than 230 countries and territories. Vietnam has also signed 16 free trade agreements (FTAs) with 60 economies.</span></p><p style=\"background-color:#ffffff;line-height:2.076923076923077;margin-bottom:0pt;margin-top:0pt;padding:0pt 0pt 12pt;\" dir=\"ltr\"><span style=\"background-color:transparent;color:#333333;font-family:\'Times New Roman\', Times, serif;font-size:11.5pt;\">The Resolution of the 13th Party Congress identified the construction of synchronous infrastructure as one of three strategic breakthroughs for the development of the country. To carry out the above task, we have gradually upgraded roads, railways, air, sea and inland waterways between localities and simultaneously connected with other countries.</span></p><p style=\"background-color:#ffffff;line-height:2.076923076923077;margin-bottom:0pt;margin-top:0pt;padding:0pt 0pt 12pt;\" dir=\"ltr\"><span style=\"background-color:transparent;color:#333333;font-family:\'Times New Roman\', Times, serif;font-size:11.5pt;\">However, the application of digital technology in logistics enterprises in particular and in Vietnamese enterprises in general is still limited and is facing a large gap in Artificial Intelligence (AI). According to statistics, investment in AI solution companies, Vietnam and the Philippines are both below 1 USD per capita while Singapore with 68 USD, China 21 USD and the United States reached 155 USD. That requires Vietnam to invest more strongly to take advantage of the digital platform in the production and distribution of goods, boosting the country\'s economic growth.</span></p><p style=\"background-color:#ffffff;line-height:2.076923076923077;margin-bottom:0pt;margin-top:0pt;padding:0pt 0pt 12pt;\" dir=\"ltr\"><span style=\"background-color:transparent;color:#333333;font-family:\'Times New Roman\', Times, serif;font-size:11.5pt;\">In addition, digital transformation (DT) is also risky because digital technology provides the ability to increase efficiency and satisfy customers, but if businesses lack the mindset to change, the infrastructure is not synchronized. and without an appropriate method of implementing the transformation strategy, it will lead to failure and then DT becomes a tool to magnify those failures.</span></p><p style=\"background-color:#ffffff;line-height:2.076923076923077;margin-bottom:0pt;margin-top:0pt;padding:0pt 0pt 12pt;\" dir=\"ltr\"><span style=\"background-color:transparent;color:#333333;font-family:\'Times New Roman\', Times, serif;font-size:11.5pt;\">In fact, digital technology will help the logistics industry overcome challenges by optimizing processes, end-to-end communication, supply chain management, improving customer experience and controlling costs. However, the process of applying digital technology in logistics enterprises is a breakthrough transformation process with high scientific significance, requiring pioneering research and proposing a model suitable for each area\'s socio-economic planning. area as well as the natural environment. That process requires appropriate development steps and timing models to ensure success.</span></p><p style=\"background-color:#ffffff;line-height:2.076923076923077;margin-bottom:0pt;margin-top:0pt;padding:0pt 0pt 12pt;\" dir=\"ltr\"><span style=\"background-color:transparent;color:#333333;font-family:\'Times New Roman\', Times, serif;font-size:11.5pt;\">To build a digital business environment that ensures practical benefits and supports start-ups and effective digital business transformation, it is necessary to develop 5 specific macro policies:</span></p><p style=\"background-color:#ffffff;line-height:2.076923076923077;margin-bottom:0pt;margin-top:0pt;padding:0pt 0pt 12pt;\" dir=\"ltr\"><span style=\"background-color:transparent;color:#333333;font-family:\'Times New Roman\', Times, serif;font-size:11.5pt;\">National common logistics standard policy: In technology and technology, standards are the number one priority, so it is necessary to develop a common logistics standard policy of Vietnam in accordance with the trend of standards and digital transformation rules of the country &nbsp;industrialized countries. Ensure the perfect connection of all software and hardware standards of logistics and transportation systems to create synergies.</span></p><p style=\"background-color:#ffffff;line-height:2.076923076923077;margin-bottom:0pt;margin-top:0pt;padding:0pt 0pt 12pt;\" dir=\"ltr\"><span style=\"font-family:\'Times New Roman\', Times, serif;\">Digital skills training: Any technology solution must take into account the impact on workers and put people first. There is a need to build a shared commitment to digital skills training for the workforce.</span></p><p style=\"background-color:#ffffff;line-height:2.076923076923077;margin-bottom:0pt;margin-top:0pt;padding:0pt 0pt 12pt;\" dir=\"ltr\"><span style=\"font-family:\'Times New Roman\', Times, serif;\">Linking socioeconomic resources (capital cluster): Logistics is necessary not only for all supply chain activities but also for all economic activities such as tourism, trade and investment. However, this is also the field that needs the most resources for investment and vice versa, along with the transport system, the logistics industry with the application of digital technology will be the most important resource and a connection platform. closely with the remaining 4 main resources: resources, people, finance and society. Only the close connection of these resources will ensure the success of the logistics industry development and create conditions for initiating, breaking through and spreading the country\'s second economic innovation, positioning national economic scale in the international arena.</span></p><p style=\"background-color:#ffffff;line-height:2.076923076923077;margin-bottom:0pt;margin-top:0pt;padding:0pt 0pt 12pt;\" dir=\"ltr\"><span style=\"font-family:\'Times New Roman\', Times, serif;\">International cooperation in the development of logistics centers: &nbsp;Supply chain is a global business field and is currently in transition, so it is necessary to have a policy to promote international cooperation in the development of logistics centers. develop logistics centers, especially in key economic regions such as the Mekong River Delta, the Red River Delta and the Central region. It is necessary to attach importance to the development of economic integration in ASEAN and consider it as a focus for international trade negotiations and building a national supply chain strategy, ensuring Vietnam\'s important position in the region.</span></p><p style=\"background-color:#ffffff;line-height:2.076923076923077;margin-bottom:0pt;margin-top:0pt;padding:0pt 0pt 12pt;\" dir=\"ltr\"><span style=\"font-family:\'Times New Roman\', Times, serif;\">Cybersecurity: Digital transformation brings many benefits, but its application also brings many risks. Therefore, it is necessary to strengthen cooperation and improve capacity in the field of cybersecurity when developing and implementing technology application strategies.</span></p><p style=\"background-color:#ffffff;line-height:2.076923076923077;margin-bottom:0pt;margin-top:0pt;padding:0pt 0pt 12pt;\" dir=\"ltr\"><span style=\"background-color:transparent;color:#333333;font-family:\'Times New Roman\', Times, serif;font-size:11.5pt;\">Along with the awareness and efforts of the business community in the field of digital transformation, the effective formulation and implementation of relevant policies of the Government will position Vietnam\'s logistics industry to play an increasingly important role, not only in the country\'s socio-economic development resources but also in the regional and global economic transformation.</span></p><p style=\"background-color:#ffffff;line-height:2.076923076923077;margin-bottom:0pt;margin-top:0pt;padding:0pt 0pt 12pt;\" dir=\"ltr\">&nbsp;</p>'),(52,'CENTER AREA 3 - LOGISTICS COMPANY OPENING VEHICLE REPAIR GARAGE - NEW STEP FOR SUSTAINABLE DEVELOPMENT','internal_news','2023-06-05 02:20:31.574000','2023-08-01 07:58:24.600000','2023-06-05 02:20:34.566000',1,1,'en',1,'In the morning of April 10, 2023, in the city named after Uncle, KV3 Center - Logistics Company solemnly held the opening ceremony of the new car repair garage, laying the premise for the great development in the future of the company.','CENER-AREA-03-LOGISTICS-COMPANY-OPENING-VEHICLE-REPAIR-GARAGE-NEW-STEP-FOR-SUSTAINABLE-DEVELOPMENT',13,0,0,'<p><meta charset=\"utf-8\"></p><p style=\"line-height:1.38;margin-bottom:0pt;margin-top:0pt;\" dir=\"ltr\"><span style=\"background-color:transparent;color:#000000;font-family:\'Times New Roman\';font-size:13pt;\">In the morning of April 10, 2023, in the city named after Uncle, KV3 Center - Logistics Company solemnly held the opening ceremony of the new car repair garage, laying the premise for the great development in the future of the company.</span></p><figure class=\"image image_resized\" style=\"width:75%;\"><img style=\"margin-left:0px;margin-top:0px;\" src=\"https://vtl-cms.grandsways.com/uploads/image_f33e332571.png\" alt=\"image.png\" srcset=\"https://vtl-cms.grandsways.com/uploads/thumbnail_image_f33e332571.png 234w, https://vtl-cms.grandsways.com/uploads/small_image_f33e332571.png 500w, https://vtl-cms.grandsways.com/uploads/medium_image_f33e332571.png 750w, https://vtl-cms.grandsways.com/uploads/large_image_f33e332571.png 1000w\" sizes=\"100vw\" width=\"1000\" height=\"401\" uploadprocessed=\"true\"></figure><p>&nbsp;</p><p style=\"line-height:1.38;margin-bottom:0pt;margin-top:0pt;\" dir=\"ltr\"><span style=\"background-color:transparent;color:#000000;font-family:\'Times New Roman\';font-size:13pt;\">The opening ceremony had the presence of representatives of Log Company, Southern Branch, Board of Directors of Ho Chi Minh City Postal Branch. Ho Chi Minh City, OS car partners, the Board of Directors and officers and employees of TTKV3.</span></p><figure class=\"image image_resized\" style=\"width:75%;\"><img style=\"margin-left:0px;margin-top:0px;\" src=\"https://vtl-cms.grandsways.com/uploads/image_75fef4d3bd.png\" alt=\"image.png\" srcset=\"https://vtl-cms.grandsways.com/uploads/thumbnail_image_75fef4d3bd.png 234w, https://vtl-cms.grandsways.com/uploads/small_image_75fef4d3bd.png 500w, https://vtl-cms.grandsways.com/uploads/medium_image_75fef4d3bd.png 750w, https://vtl-cms.grandsways.com/uploads/large_image_75fef4d3bd.png 1000w\" sizes=\"100vw\" width=\"1000\" height=\"401\" uploadprocessed=\"true\"></figure><p style=\"line-height:1.38;margin-bottom:0pt;margin-top:0pt;\" dir=\"ltr\"><span style=\"background-color:transparent;color:#000000;font-family:\'Times New Roman\';font-size:13pt;\">The new garage was opened with the goal of saving costs when outsourcing, being proactive in vehicle repair and maintenance, and researching and testing new techniques to save time in operation.</span></p><p style=\"line-height:1.38;margin-bottom:0pt;margin-top:0pt;\" dir=\"ltr\"><span style=\"background-color:transparent;color:#000000;font-family:\'Times New Roman\';font-size:13pt;\">To serve those goals, the new garage is equipped with the most advanced machinery, components and technology with a team of skilled, enthusiastic workers who are not afraid to face hardships, are willing to learn and constantly strive. .</span></p><figure class=\"image image_resized\" style=\"width:75%;\"><img style=\"margin-left:0px;margin-top:0px;\" src=\"https://vtl-cms.grandsways.com/uploads/image_70b83b9b3e.png\" alt=\"image.png\" srcset=\"https://vtl-cms.grandsways.com/uploads/thumbnail_image_70b83b9b3e.png 234w, https://vtl-cms.grandsways.com/uploads/small_image_70b83b9b3e.png 500w, https://vtl-cms.grandsways.com/uploads/medium_image_70b83b9b3e.png 750w, https://vtl-cms.grandsways.com/uploads/large_image_70b83b9b3e.png 1000w\" sizes=\"100vw\" width=\"1000\" height=\"401\" uploadprocessed=\"true\"></figure><p>&nbsp;</p><p style=\"line-height:1.38;margin-bottom:0pt;margin-top:0pt;\" dir=\"ltr\"><span style=\"background-color:transparent;color:#000000;font-family:\'Times New Roman\';font-size:13pt;\">In the future, Garage will definitely improve, develop and expand further, aiming to receive repair of both external vehicles and repair 100% of items. Congratulations to TTKV3 and Log company for another memorable milestone in 2023!</span></p>'),(53,'Pricing Staff (Pricing - Logistics) Salary Up to 14 Million VND/Month','recruitment','2023-06-05 02:20:56.061000','2023-08-01 07:59:27.324000','2023-06-05 02:20:57.134000',1,1,'en',NULL,' Contact to check shipping rates with Shipping lines/ airlines/ Agents.\n Update price for sales.\n Contact shipping lines / air carriers / agents to get booking.\n Building, expanding and maintaining relationships with shipping lines/air carriers/agents.','pricing-staff-logistics-salary-up-to-14-million',17,0,0,'<p><meta charset=\"utf-8\"></p><h3 style=\"background-color:#ffffff;line-height:1.32;margin-bottom:0pt;margin-top:15pt;padding:0pt 0pt 8pt;\" dir=\"ltr\"><span style=\"background-color:transparent;color:#333333;font-family:\'Times New Roman\', Times, serif;font-size:13.5pt;\"><strong>Job description</strong></span></h3><p><span style=\"background-color:transparent;color:#333333;font-family:\'Times New Roman\', Times, serif;font-size:10.5pt;\"> Contact to check shipping rates with Shipping lines/ airlines/ Agents.</span><br><span style=\"background-color:transparent;color:#333333;font-family:\'Times New Roman\', Times, serif;font-size:10.5pt;\"> Update price for sales.</span><br><span style=\"background-color:transparent;color:#333333;font-family:\'Times New Roman\', Times, serif;font-size:10.5pt;\"> Contact shipping lines / air carriers / agents to get booking.</span><br><span style=\"background-color:transparent;color:#333333;font-family:\'Times New Roman\', Times, serif;font-size:10.5pt;\"> Building, expanding and maintaining relationships with shipping lines/air carriers/agents.</span></p><h3 style=\"background-color:#ffffff;line-height:1.32;margin-bottom:0pt;margin-top:0pt;padding:7pt 0pt 8pt;\" dir=\"ltr\"><span style=\"background-color:transparent;color:#333333;font-family:\'Times New Roman\', Times, serif;font-size:13.5pt;\"><strong>Candidate Requirements</strong></span></h3><p><span style=\"background-color:transparent;color:#333333;font-family:\'Times New Roman\', Times, serif;font-size:10.5pt;\">1. Relevant Education/Professional Qualification</span><br><span style=\"background-color:transparent;color:#333333;font-family:\'Times New Roman\', Times, serif;font-size:10.5pt;\"> Education: Graduated from College/University majoring in Economics; Foreign Trade; Logistics; Import and export; Custom.</span><br><span style=\"background-color:transparent;color:#333333;font-family:\'Times New Roman\', Times, serif;font-size:10.5pt;\">2. Relevant Experience and Conditions</span><br><span style=\"background-color:transparent;color:#333333;font-family:\'Times New Roman\', Times, serif;font-size:10.5pt;\"> Having &gt; 1 year experience in pricing, freight forwarding.</span><br><span style=\"background-color:transparent;color:#333333;font-family:\'Times New Roman\', Times, serif;font-size:10.5pt;\"> Proficient in English communication skills, office computer skills.</span><br><span style=\"background-color:transparent;color:#333333;font-family:\'Times New Roman\', Times, serif;font-size:10.5pt;\"> Good communication and negotiation skills.</span><br><span style=\"background-color:transparent;color:#333333;font-family:\'Times New Roman\', Times, serif;font-size:10.5pt;\"> Careful, honest, with a high sense of responsibility.</span></p><h3 style=\"background-color:#ffffff;line-height:1.32;margin-bottom:0pt;margin-top:0pt;padding:7pt 0pt 8pt;\" dir=\"ltr\"><span style=\"background-color:transparent;color:#333333;font-family:\'Times New Roman\', Times, serif;font-size:13.5pt;\"><strong>Benefits</strong></span></h3><p><span style=\"background-color:transparent;color:#333333;font-family:\'Times New Roman\', Times, serif;font-size:10.5pt;\">At Viettel Logistics Company Limited, candidates will be able to work in a dynamic, youthful and professional environment, with the following attractive incentives:</span><br><span style=\"background-color:transparent;color:#333333;font-family:\'Times New Roman\', Times, serif;font-size:10.5pt;\">1. Salary, bonus and income regime</span><br><span style=\"background-color:transparent;color:#333333;font-family:\'Times New Roman\', Times, serif;font-size:10.5pt;\">Salary: 11-14 million VND/month.</span><br><span style=\"background-color:transparent;color:#333333;font-family:\'Times New Roman\', Times, serif;font-size:10.5pt;\">- There is a mode to support phone money and annual lunch and vacation; accompanied by bonuses on major holidays (April 30, May 1, September 2, establishment date of the Group, Corporation, New Year\'s Eve).</span><br><span style=\"background-color:transparent;color:#333333;font-family:\'Times New Roman\', Times, serif;font-size:10.5pt;\">2. Health care plan</span><br><span style=\"background-color:transparent;color:#333333;font-family:\'Times New Roman\', Times, serif;font-size:10.5pt;\">- Fully paid social insurance, health insurance, unemployment insurance and other health insurance packages.</span><br><span style=\"background-color:transparent;color:#333333;font-family:\'Times New Roman\', Times, serif;font-size:10.5pt;\">- Annually, employees can participate in periodical health check-ups at major hospitals.</span><br><span style=\"background-color:transparent;color:#333333;font-family:\'Times New Roman\', Times, serif;font-size:10.5pt;\">3. Attractive and diverse collective activities</span><br><span style=\"background-color:transparent;color:#333333;font-family:\'Times New Roman\', Times, serif;font-size:10.5pt;\">- Participating in the monthly birthday program held at CQDV.</span><br><span style=\"background-color:transparent;color:#333333;font-family:\'Times New Roman\', Times, serif;font-size:10.5pt;\">- Attractive and diverse teambuilding, culture, and tourism programs.</span><br><span style=\"background-color:transparent;color:#333333;font-family:\'Times New Roman\', Times, serif;font-size:10.5pt;\">- Sports activities and tournaments organized by the Group.</span></p><p style=\"background-color:#ffffff;line-height:1.38;margin-bottom:0pt;margin-top:0pt;padding:0pt 0pt 12pt;\" dir=\"ltr\"><span style=\"background-color:transparent;color:#212529;font-family:\'Times New Roman\', Times, serif;font-size:13pt;\"><span style=\"font-style:normal;font-variant:normal;text-decoration:none;vertical-align:baseline;white-space:pre-wrap;\"><strong>Apply:</strong></span></span></p><p style=\"background-color:#ffffff;line-height:1.38;margin-bottom:0pt;margin-top:0pt;padding:0pt 0pt 12pt;\" dir=\"ltr\"><span style=\"background-color:transparent;color:#212529;font-family:\'Times New Roman\', Times, serif;font-size:14px;\">Candidates can apply by sending their CV to email address:&nbsp;tuyendung.viettellogistics@gmail.com  Email subject: Position applied for  Full name</span></p><p style=\"background-color:#ffffff;line-height:1.38;margin-bottom:12pt;margin-top:0pt;\" dir=\"ltr\"><span style=\"background-color:transparent;color:#212529;font-family:\'Times New Roman\', Times, serif;font-size:13pt;\"><span style=\"font-style:normal;font-variant:normal;text-decoration:none;vertical-align:baseline;white-space:pre-wrap;\"><strong>Contact Info:</strong></span></span></p><ul style=\"margin-bottom:0;margin-top:0;padding-inline-start:48px;\"><li style=\"background-color:transparent;color:#212529;font-family:Arial;font-size:12pt;font-style:normal;font-variant:normal;font-weight:400;list-style-type:disc;text-decoration:none;vertical-align:baseline;white-space:pre;\" dir=\"ltr\" aria-level=\"1\"><span style=\"background-color:transparent;color:#212529;font-family:\'Times New Roman\', Times, serif;font-size:14px;\">Ms. Giang  Viettel Logistics Recruitment Specialist</span></li><li style=\"background-color:transparent;color:#212529;font-family:Arial;font-size:12pt;font-style:normal;font-variant:normal;font-weight:400;list-style-type:disc;text-decoration:none;vertical-align:baseline;white-space:pre;\" dir=\"ltr\" aria-level=\"1\"><span style=\"background-color:transparent;color:#212529;font-family:\'Times New Roman\', Times, serif;font-size:14px;\"><span style=\"font-style:normal;font-variant:normal;font-weight:400;text-decoration:none;vertical-align:baseline;white-space:pre-wrap;\">Phone:&nbsp; </span></span><span style=\"background-color:#ffffff;color:#050505;font-family:\'Times New Roman\', Times, serif;font-size:14px;\"><span style=\"font-style:normal;font-variant:normal;font-weight:400;text-decoration:none;vertical-align:baseline;white-space:pre-wrap;\">0973161786&nbsp;</span></span><span style=\"background-color:transparent;color:#212529;font-family:\'Times New Roman\', Times, serif;font-size:14px;\"><span style=\"font-style:normal;font-variant:normal;font-weight:400;text-decoration:none;vertical-align:baseline;white-space:pre-wrap;\">(Call/Add Zalo)</span></span></li><li style=\"background-color:transparent;color:#212529;font-family:Arial;font-size:12pt;font-style:normal;font-variant:normal;font-weight:400;list-style-type:disc;text-decoration:none;vertical-align:baseline;white-space:pre;\" dir=\"ltr\" aria-level=\"1\"><span style=\"background-color:transparent;color:#212529;font-family:\'Times New Roman\', Times, serif;font-size:14px;\"><span style=\"font-style:normal;font-variant:normal;font-weight:400;text-decoration:none;vertical-align:baseline;white-space:pre-wrap;\">Mail:&nbsp;</span></span><span style=\"background-color:#ffffff;color:#050505;font-family:\'Times New Roman\', Times, serif;font-size:14px;\"><span style=\"font-style:normal;font-variant:normal;font-weight:400;text-decoration:none;vertical-align:baseline;white-space:pre-wrap;\">tuyendung.viettellogistics@gmail.com</span></span><span style=\"background-color:transparent;color:#212529;font-family:\'Times New Roman\', Times, serif;font-size:14px;\"><span style=\"font-style:normal;font-variant:normal;font-weight:400;text-decoration:none;vertical-align:baseline;white-space:pre-wrap;\">&nbsp;</span></span></li><li style=\"background-color:transparent;color:#212529;font-family:Arial;font-size:12pt;font-style:normal;font-variant:normal;font-weight:400;list-style-type:disc;text-decoration:none;vertical-align:baseline;white-space:pre;\" dir=\"ltr\" aria-level=\"1\"><span style=\"background-color:transparent;color:#212529;font-family:\'Times New Roman\', Times, serif;font-size:14px;\">Address: Viettel Post Center, Km12, National Highway 32, Minh Khai ward, Bac Tu Liem district, Hanoi</span></li><li style=\"background-color:transparent;color:#212529;font-family:Arial;font-size:12pt;font-style:normal;font-variant:normal;font-weight:400;list-style-type:disc;text-decoration:none;vertical-align:baseline;white-space:pre;\" dir=\"ltr\" aria-level=\"1\"><span style=\"background-color:transparent;color:#212529;font-family:\'Times New Roman\', Times, serif;font-size:14px;\"><span style=\"font-style:normal;font-variant:normal;font-weight:400;text-decoration:none;vertical-align:baseline;white-space:pre-wrap;\">Fanpage:</span></span><span style=\"background-color:transparent;color:#0000ff;font-family:\'Times New Roman\', Times, serif;font-size:14px;\"><span style=\"font-style:normal;font-variant:normal;font-weight:400;text-decoration:none;vertical-align:baseline;white-space:pre-wrap;\">&nbsp;</span></span><a style=\"text-decoration:none;\" target=\"_blank\" rel=\"noopener noreferrer\" href=\"https://www.facebook.com/ViettlLogisticsTuyenDung\"><span style=\"background-color:transparent;color:#1155cc;font-family:\'Times New Roman\', Times, serif;font-size:14px;\"><span style=\"-webkit-text-decoration-skip:none;font-style:normal;font-variant:normal;font-weight:400;text-decoration-skip-ink:none;vertical-align:baseline;white-space:pre-wrap;\"><u>https://www.facebook.com/ViettlLogisticsTuyenDung</u></span></span></a></li></ul>'),(56,'iu khon s dng dch v & Chnh sch Viettel Logistic','internal_news','2023-06-30 08:13:06.999000','2023-08-14 00:40:36.404000','2023-06-30 08:13:11.093000',1,1,'vi-VN',NULL,'H thng phn mm ca Viettel Post c thit lp ti a ch website https://viettelpost.com.vn/ c ng k ti B Cng Thng nhm mc ch cung cp cho Khch hng dch v vn chuyn hng ha nhanh chng v tin li.\n\nTrc khi ng k v s dng dch v ca Viettel Post, mong Qu khch vui lng c k cc iu khon s dng. Cc iu khon v iu kin ny c p dng cho vic s dng dch v cng nh tt c cc thng tin, chnh sch c cung cp cho khch hng trn ng dng v website ca Viettel Post.','iu khon s dng dch v & Chnh sch Viettel Logistic',26,0,0,'<p style=\"text-align:justify;\">H thng phn mm ca Viettel Post c thit lp ti a ch website https://viettelpost.com.vn/ c ng k ti B Cng Thng nhm mc ch cung cp cho Khch hng dch v vn chuyn hng ha nhanh chng v tin li.</p><p style=\"text-align:justify;\">Trc khi ng k v s dng dch v ca Viettel Post, mong Qu khch vui lng c k cc iu khon s dng. Cc iu khon v iu kin ny c p dng cho vic s dng dch v cng nh tt c cc thng tin, chnh sch c cung cp cho khch hng trn ng dng v website ca Viettel Post.</p><p style=\"text-align:justify;\"><strong>Th tc gi bu gi</strong></p><p style=\"text-align:justify;\"> M bu gi  giao dch vin kim tra ni dung, chng t i km</p><p style=\"text-align:justify;\"> Gi bc bu gi theo quy nh ca Bu chnh Viettel (VTP), cn, nim phong, i chiu cc ph vi bng gi v gi km y  ha n, chng t.</p><p style=\"text-align:justify;\"> in y  thng tin, k, ghi r h tn vo mt trc v mt sau phiu gi.</p><p style=\"text-align:justify;\"> Lu lin 3 phiu gi.</p><p style=\"text-align:justify;\"><strong>Quyn ca Ngi gi</strong></p><p style=\"text-align:justify;\"> c Viettel Post cung cp y  thng tin lin quan n toan b quy trinh cung ng Dich vu.</p><p style=\"text-align:justify;\"> c Viettel Post m bo b mt thng tin, an ton i vi Bu gi trong toan qu trnh giao hng theo qui nh ca php lut.</p><p style=\"text-align:justify;\"> c Viettel Post gii quyt khiu ni, c giai quyt thoa ang v Dch v cung ng  s dng.  c Viettel Post bi thng thit hi tuy theo thc t tng trng hp.</p><p style=\"text-align:justify;\"><strong>Ngha v ca Ngi gi</strong></p><p style=\"text-align:justify;\"> Thc hin vic i soat cc phi Dch v am bao ung thi han.</p><p style=\"text-align:justify;\"> Khng gi Bu gi cha c lu thng trn th trng, hng cm, hng hn ch vn chuyn/kinh doanh hoc hng kinh doanh c iu kin nhng khng cung cp c giy php.</p><p style=\"text-align:justify;\"> Khch hng c ngha v m hng v phi hp vi Viettel Post trong vic ng kim cng nh nim phong hng ha khi gi hng.</p><p style=\"text-align:justify;\"> Chu trch nhim trc Viettel Post v trc php lut v ni dung Bu gi, ha n, chng t ngun gc xut x cua Bu gi v chng t nh km.</p><p style=\"text-align:justify;\"> Chu trch nhim lm vic, gii quyt vi C quan c thm quyn khi Bu gi tm gi hoc tch thu.</p><p style=\"text-align:justify;\"> Cung cp y  ha n, chng t ca Bu gi cho Viettel Post khi gi Bu gi.</p><p style=\"text-align:justify;\"> Viettel Post s c min tr trch nhim bi thng trong trng hp Bu gi b tm gi hoc tch thu bi c quan c thm quyn do Bu gi khng c ha n, chng t hp php nh km.</p><p style=\"text-align:justify;\"> ng gi Bu gi theo ng tng quy cch, kch thc v tnh cht ca tng mt hng, c bit i vi Bu gi l cc mt hng d v.</p><p style=\"text-align:justify;\"> Cung cp y u ch dn lin quan n Bu gi; thng tin lin quan n Ngi gi, Ngi nhn trn Bu gi.</p><p style=\"text-align:justify;\"> Bi thng thit hi thc t cho Viettel Post v bn th 3 c lin quan khi thit hi xy ra co ngun gc t Khch hng/Ngi gi theo quy nh ca php lut.</p><p style=\"text-align:justify;\"> Chu trch nhim v mi thng tin lin quan n Ngi nhn m Khch hng giao cho Viettel Post. Trng hp xy ra sai st v thng tin Ngi nhn hoc Bu gi khng ng yu cu ca Ngi nhn th Khch hng c trch nhim t gii quyt vi Ngi nhn, ng thi Khch hng vn phi thanh ton Cc ph Dch v i vi n hng trn da trn l trnh  thc hin.</p><p style=\"text-align:justify;\"> Bng chi ph ca mnh, chu trch nhim gii quyt cc vn  lin quan n tranh chp v quyn s hu Bu gi, ngun gc Bu gi vi bn th ba bt k; hoc khiu ni ca Ngi nhn v vic hng ha b li, khng ng yu cu.</p><p style=\"text-align:justify;\"><strong>Tip nhn v gii quyt khiu ni Thi hiu khiu ni</strong></p><p style=\"text-align:justify;\"> Bu gi suy suyn, h hng, gi cc, ni dung khc: 01 thng k t ngy bu gi pht thnh cng.</p><p style=\"text-align:justify;\"> Mt mt, chuyn pht bu gi chm: 06 thng k t ngy kt thc thi gian ton trnh.</p><p style=\"text-align:justify;\"> Thi gian gii quyt khiu ni khng qu 02 thng i vi bu gi trong nc; khng qu 03 thng i vi bu gi quc t.</p><p style=\"text-align:justify;\"> VTP tip nhn, x l khiu ni bng: cng vn, tng i 19008095, hoc giao dch vin trc tip.</p>'),(57,'PAYMENT POLICIES','internal_news','2023-06-30 08:16:07.561000','2023-08-14 01:31:12.418000','2023-06-30 08:19:51.759000',1,1,'en',NULL,'Voso.vn is an e-commerce transaction floor (referred to as Voso.vn) that allows organizations and individuals to buy and sell goods online. Voso.vn is built to provide domestic and international goods buying and selling application, linking with other e-commerce floors to offer many options for buyers.\n\nObjective: To become the number 1 e-commerce trading floor in Vietnam','PAYMENT POLICIES',18,0,0,'<p style=\"-webkit-text-stroke-width:0px;background-color:rgb(255, 255, 255);box-sizing:border-box;color:rgb(33, 37, 41);font-family:pfb;font-size:16px;font-style:normal;font-variant-caps:normal;font-variant-ligatures:normal;font-weight:400;letter-spacing:normal;margin-bottom:1rem;margin-top:0px;orphans:2;outline:none;text-align:left;text-decoration-color:initial;text-decoration-style:initial;text-decoration-thickness:initial;text-indent:0px;text-transform:none;white-space:normal;widows:2;word-spacing:0px;\"><strong style=\"box-sizing:border-box;font-weight:bolder;outline:none;\">Operation regulation</strong></p><p style=\"-webkit-text-stroke-width:0px;background-color:rgb(255, 255, 255);box-sizing:border-box;color:rgb(33, 37, 41);font-family:pfb;font-size:16px;font-style:normal;font-variant-caps:normal;font-variant-ligatures:normal;font-weight:400;letter-spacing:normal;margin-bottom:1rem;margin-top:0px;orphans:2;outline:none;text-align:left;text-decoration-color:initial;text-decoration-style:initial;text-decoration-thickness:initial;text-indent:0px;text-transform:none;white-space:normal;widows:2;word-spacing:0px;\">Voso.vn is an e-commerce transaction floor (referred to as Voso.vn) that allows organizations and individuals to buy and sell goods online. Voso.vn is built to provide domestic and international goods buying and selling application, linking with other e-commerce floors to offer many options for buyers.</p><p style=\"-webkit-text-stroke-width:0px;background-color:rgb(255, 255, 255);box-sizing:border-box;color:rgb(33, 37, 41);font-family:pfb;font-size:16px;font-style:normal;font-variant-caps:normal;font-variant-ligatures:normal;font-weight:400;letter-spacing:normal;margin-bottom:1rem;margin-top:0px;orphans:2;outline:none;text-align:left;text-decoration-color:initial;text-decoration-style:initial;text-decoration-thickness:initial;text-indent:0px;text-transform:none;white-space:normal;widows:2;word-spacing:0px;\">Objective: To become the number 1 e-commerce trading floor in Vietnam</p><p style=\"-webkit-text-stroke-width:0px;background-color:rgb(255, 255, 255);box-sizing:border-box;color:rgb(33, 37, 41);font-family:pfb;font-size:16px;font-style:normal;font-variant-caps:normal;font-variant-ligatures:normal;font-weight:400;letter-spacing:normal;margin-bottom:1rem;margin-top:0px;orphans:2;outline:none;text-align:left;text-decoration-color:initial;text-decoration-style:initial;text-decoration-thickness:initial;text-indent:0px;text-transform:none;white-space:normal;widows:2;word-spacing:0px;\"><em style=\"box-sizing:border-box;outline:none;\"><i><strong style=\"box-sizing:border-box;font-weight:bolder;outline:none;\">I. GENERAL PRINCIPLES</strong></i></em></p><p style=\"-webkit-text-stroke-width:0px;background-color:rgb(255, 255, 255);box-sizing:border-box;color:rgb(33, 37, 41);font-family:pfb;font-size:16px;font-style:normal;font-variant-caps:normal;font-variant-ligatures:normal;font-weight:400;letter-spacing:normal;margin-bottom:1rem;margin-top:0px;orphans:2;outline:none;text-align:left;text-decoration-color:initial;text-decoration-style:initial;text-decoration-thickness:initial;text-indent:0px;text-transform:none;white-space:normal;widows:2;word-spacing:0px;\">1.1. Viettel Post Joint Stock Corporation is a unit with full legal ownership and providing e-commerce services Voso.vn. Voso.vn operates on the principles of publicity, transparency, operational regulations and compliance with the law.</p><p style=\"-webkit-text-stroke-width:0px;background-color:rgb(255, 255, 255);box-sizing:border-box;color:rgb(33, 37, 41);font-family:pfb;font-size:16px;font-style:normal;font-variant-caps:normal;font-variant-ligatures:normal;font-weight:400;letter-spacing:normal;margin-bottom:1rem;margin-top:0px;orphans:2;outline:none;text-align:left;text-decoration-color:initial;text-decoration-style:initial;text-decoration-thickness:initial;text-indent:0px;text-transform:none;white-space:normal;widows:2;word-spacing:0px;\">1.2. This Regulation promulgates mandatory regulations applicable to members (including Merchants and Customers) wishing to trade, exchange, purchase and sell goods and provide services as well as business activities. business, trade promotion to participate on Voso.vn.</p><p style=\"-webkit-text-stroke-width:0px;background-color:rgb(255, 255, 255);box-sizing:border-box;color:rgb(33, 37, 41);font-family:pfb;font-size:16px;font-style:normal;font-variant-caps:normal;font-variant-ligatures:normal;font-weight:400;letter-spacing:normal;margin-bottom:1rem;margin-top:0px;orphans:2;outline:none;text-align:left;text-decoration-color:initial;text-decoration-style:initial;text-decoration-thickness:initial;text-indent:0px;text-transform:none;white-space:normal;widows:2;word-spacing:0px;\">1.3. The Seller and the Customer enter into a contract on the e-commerce floor of Voso.vn on the basis of respecting the principle of voluntary freedom, respect for the legitimate rights and interests of the parties involved in trading activities. The product is not contrary to the provisions of law.</p><p style=\"-webkit-text-stroke-width:0px;background-color:rgb(255, 255, 255);box-sizing:border-box;color:rgb(33, 37, 41);font-family:pfb;font-size:16px;font-style:normal;font-variant-caps:normal;font-variant-ligatures:normal;font-weight:400;letter-spacing:normal;margin-bottom:1rem;margin-top:0px;orphans:2;outline:none;text-align:left;text-decoration-color:initial;text-decoration-style:initial;text-decoration-thickness:initial;text-indent:0px;text-transform:none;white-space:normal;widows:2;word-spacing:0px;\">1.4. The purchase and sale of products and services through Voso.vn must be made openly and transparently, ensuring the interests of consumers.</p><p style=\"-webkit-text-stroke-width:0px;background-color:rgb(255, 255, 255);box-sizing:border-box;color:rgb(33, 37, 41);font-family:pfb;font-size:16px;font-style:normal;font-variant-caps:normal;font-variant-ligatures:normal;font-weight:400;letter-spacing:normal;margin-bottom:1rem;margin-top:0px;orphans:2;outline:none;text-align:left;text-decoration-color:initial;text-decoration-style:initial;text-decoration-thickness:initial;text-indent:0px;text-transform:none;white-space:normal;widows:2;word-spacing:0px;\">1.5. Products participating in transactions on Voso.vn are required to fully meet the provisions of relevant laws, not falling into the cases of business ban as prescribed by law.</p><p style=\"-webkit-text-stroke-width:0px;background-color:rgb(255, 255, 255);box-sizing:border-box;color:rgb(33, 37, 41);font-family:pfb;font-size:16px;font-style:normal;font-variant-caps:normal;font-variant-ligatures:normal;font-weight:400;letter-spacing:normal;margin-bottom:1rem;margin-top:0px;orphans:2;outline:none;text-align:left;text-decoration-color:initial;text-decoration-style:initial;text-decoration-thickness:initial;text-indent:0px;text-transform:none;white-space:normal;widows:2;word-spacing:0px;\">1.6. When selling goods on Voso.vn, sellers must find out their legal responsibilities for the current laws of Vietnam, operating regulations and other policies, regulations of Voso.vn and commitment. Links to strictly comply with relevant regulations.</p><p style=\"-webkit-text-stroke-width:0px;background-color:rgb(255, 255, 255);box-sizing:border-box;color:rgb(33, 37, 41);font-family:pfb;font-size:16px;font-style:normal;font-variant-caps:normal;font-variant-ligatures:normal;font-weight:400;letter-spacing:normal;margin-bottom:1rem;margin-top:0px;orphans:2;outline:none;text-align:left;text-decoration-color:initial;text-decoration-style:initial;text-decoration-thickness:initial;text-indent:0px;text-transform:none;white-space:normal;widows:2;word-spacing:0px;\">1.7. This Regulation and purchase and sale transactions on Voso.vn must always comply with the current laws of Vietnam</p><p style=\"-webkit-text-stroke-width:0px;background-color:rgb(255, 255, 255);box-sizing:border-box;color:rgb(33, 37, 41);font-family:pfb;font-size:16px;font-style:normal;font-variant-caps:normal;font-variant-ligatures:normal;font-weight:400;letter-spacing:normal;margin-bottom:1rem;margin-top:0px;orphans:2;outline:none;text-align:left;text-decoration-color:initial;text-decoration-style:initial;text-decoration-thickness:initial;text-indent:0px;text-transform:none;white-space:normal;widows:2;word-spacing:0px;\"><em style=\"box-sizing:border-box;outline:none;\"><i><strong style=\"box-sizing:border-box;font-weight:bolder;outline:none;\">II. DEFINE</strong></i></em></p><p style=\"-webkit-text-stroke-width:0px;background-color:rgb(255, 255, 255);box-sizing:border-box;color:rgb(33, 37, 41);font-family:pfb;font-size:16px;font-style:normal;font-variant-caps:normal;font-variant-ligatures:normal;font-weight:400;letter-spacing:normal;margin-bottom:1rem;margin-top:0px;orphans:2;outline:none;text-align:left;text-decoration-color:initial;text-decoration-style:initial;text-decoration-thickness:initial;text-indent:0px;text-transform:none;white-space:normal;widows:2;word-spacing:0px;\">Voso.vn or E-commerce floor (or e-commerce floor) Voso.vn is an e-commerce trading floor with the website name and domain address of Voso.vn by Viettel Post Joint Stock Corporation (VTP). ) owned. VTP is Viettel Post Joint Stock Corporation established and operating under the Business Registration Certificate No. 0104093672 issued by the Department of Planning and Investment of Hanoi City, registered for the first time on July 3, 2011. 2009, 15 th change registration September 20, 2018.</p><p style=\"-webkit-text-stroke-width:0px;background-color:rgb(255, 255, 255);box-sizing:border-box;color:rgb(33, 37, 41);font-family:pfb;font-size:16px;font-style:normal;font-variant-caps:normal;font-variant-ligatures:normal;font-weight:400;letter-spacing:normal;margin-bottom:1rem;margin-top:0px;orphans:2;outline:none;text-align:left;text-decoration-color:initial;text-decoration-style:initial;text-decoration-thickness:initial;text-indent:0px;text-transform:none;white-space:normal;widows:2;word-spacing:0px;\">Merchants or Sellers are organizations and individuals having legal business and commercial activities approved by VTP to use services provided by Voso.vn E-commerce Floor and related parties. . Through Voso.vn, the Merchants or Sellers create booths to display, introduce, buy and sell and perform other activities to buy and sell goods and services to customers.</p><p style=\"-webkit-text-stroke-width:0px;background-color:rgb(255, 255, 255);box-sizing:border-box;color:rgb(33, 37, 41);font-family:pfb;font-size:16px;font-style:normal;font-variant-caps:normal;font-variant-ligatures:normal;font-weight:400;letter-spacing:normal;margin-bottom:1rem;margin-top:0px;orphans:2;outline:none;text-align:left;text-decoration-color:initial;text-decoration-style:initial;text-decoration-thickness:initial;text-indent:0px;text-transform:none;white-space:normal;widows:2;word-spacing:0px;\">Customer or Buyer means organizations and individuals that buy goods and services on the e-commerce floor of Voso.vn.</p><p style=\"-webkit-text-stroke-width:0px;background-color:rgb(255, 255, 255);box-sizing:border-box;color:rgb(33, 37, 41);font-family:pfb;font-size:16px;font-style:normal;font-variant-caps:normal;font-variant-ligatures:normal;font-weight:400;letter-spacing:normal;margin-bottom:1rem;margin-top:0px;orphans:2;outline:none;text-align:left;text-decoration-color:initial;text-decoration-style:initial;text-decoration-thickness:initial;text-indent:0px;text-transform:none;white-space:normal;widows:2;word-spacing:0px;\">COD is a method of payment in cash upon receipt of goods.</p><p style=\"-webkit-text-stroke-width:0px;background-color:rgb(255, 255, 255);box-sizing:border-box;color:rgb(33, 37, 41);font-family:pfb;font-size:16px;font-style:normal;font-variant-caps:normal;font-variant-ligatures:normal;font-weight:400;letter-spacing:normal;margin-bottom:1rem;margin-top:0px;orphans:2;outline:none;text-align:left;text-decoration-color:initial;text-decoration-style:initial;text-decoration-thickness:initial;text-indent:0px;text-transform:none;white-space:normal;widows:2;word-spacing:0px;\">Product means the goods sold by the Seller through the E-commerce floor of Voso.vn.</p><p style=\"-webkit-text-stroke-width:0px;background-color:rgb(255, 255, 255);box-sizing:border-box;color:rgb(33, 37, 41);font-family:pfb;font-size:16px;font-style:normal;font-variant-caps:normal;font-variant-ligatures:normal;font-weight:400;letter-spacing:normal;margin-bottom:1rem;margin-top:0px;orphans:2;outline:none;text-align:left;text-decoration-color:initial;text-decoration-style:initial;text-decoration-thickness:initial;text-indent:0px;text-transform:none;white-space:normal;widows:2;word-spacing:0px;\">Member means Customers, Sellers who have registered accounts to use on Voso.vn.</p><p style=\"-webkit-text-stroke-width:0px;background-color:rgb(255, 255, 255);box-sizing:border-box;color:rgb(33, 37, 41);font-family:pfb;font-size:16px;font-style:normal;font-variant-caps:normal;font-variant-ligatures:normal;font-weight:400;letter-spacing:normal;margin-bottom:1rem;margin-top:0px;orphans:2;outline:none;text-align:left;text-decoration-color:initial;text-decoration-style:initial;text-decoration-thickness:initial;text-indent:0px;text-transform:none;white-space:normal;widows:2;word-spacing:0px;\"><em style=\"box-sizing:border-box;outline:none;\"><i><strong style=\"box-sizing:border-box;font-weight:bolder;outline:none;\">III. TRANSACTION PROCESS</strong></i></em></p><p style=\"-webkit-text-stroke-width:0px;background-color:rgb(255, 255, 255);box-sizing:border-box;color:rgb(33, 37, 41);font-family:pfb;font-size:16px;font-style:normal;font-variant-caps:normal;font-variant-ligatures:normal;font-weight:400;letter-spacing:normal;margin-bottom:1rem;margin-top:0px;orphans:2;outline:none;text-align:left;text-decoration-color:initial;text-decoration-style:initial;text-decoration-thickness:initial;text-indent:0px;text-transform:none;white-space:normal;widows:2;word-spacing:0px;\">3.1. Process for Customers (Customer) When they need to buy goods on Voso.vn, the buyer will perform the following steps:</p><p style=\"-webkit-text-stroke-width:0px;background-color:rgb(255, 255, 255);box-sizing:border-box;color:rgb(33, 37, 41);font-family:pfb;font-size:16px;font-style:normal;font-variant-caps:normal;font-variant-ligatures:normal;font-weight:400;letter-spacing:normal;margin-bottom:1rem;margin-top:0px;orphans:2;outline:none;text-align:left;text-decoration-color:initial;text-decoration-style:initial;text-decoration-thickness:initial;text-indent:0px;text-transform:none;white-space:normal;widows:2;word-spacing:0px;\"> Step 1: Search and refer to information about products, services and sellers that buyers are interested in;</p><p style=\"-webkit-text-stroke-width:0px;background-color:rgb(255, 255, 255);box-sizing:border-box;color:rgb(33, 37, 41);font-family:pfb;font-size:16px;font-style:normal;font-variant-caps:normal;font-variant-ligatures:normal;font-weight:400;letter-spacing:normal;margin-bottom:1rem;margin-top:0px;orphans:2;outline:none;text-align:left;text-decoration-color:initial;text-decoration-style:initial;text-decoration-thickness:initial;text-indent:0px;text-transform:none;white-space:normal;widows:2;word-spacing:0px;\"> Step 2: Refer to the price information and support policies of the seller of products and services that the buyer is wishing to buy (origin, origin, quality standards, warranty );</p><p style=\"-webkit-text-stroke-width:0px;background-color:rgb(255, 255, 255);box-sizing:border-box;color:rgb(33, 37, 41);font-family:pfb;font-size:16px;font-style:normal;font-variant-caps:normal;font-variant-ligatures:normal;font-weight:400;letter-spacing:normal;margin-bottom:1rem;margin-top:0px;orphans:2;outline:none;text-align:left;text-decoration-color:initial;text-decoration-style:initial;text-decoration-thickness:initial;text-indent:0px;text-transform:none;white-space:normal;widows:2;word-spacing:0px;\"> Step 3: Based on the reference information from the seller of the product or service, the buyer orders and provides the receiving address information and contact the seller through the contact information posted in content of sales information to inquire about more information about products and services;</p><p style=\"-webkit-text-stroke-width:0px;background-color:rgb(255, 255, 255);box-sizing:border-box;color:rgb(33, 37, 41);font-family:pfb;font-size:16px;font-style:normal;font-variant-caps:normal;font-variant-ligatures:normal;font-weight:400;letter-spacing:normal;margin-bottom:1rem;margin-top:0px;orphans:2;outline:none;text-align:left;text-decoration-color:initial;text-decoration-style:initial;text-decoration-thickness:initial;text-indent:0px;text-transform:none;white-space:normal;widows:2;word-spacing:0px;\"> Step 4: After providing information and making a purchase decision, the buyer can decide to order (the buyer needs to login to the member account before buying, if the buyer is not a member of the system for pre-purchase membership registration);</p><p style=\"-webkit-text-stroke-width:0px;background-color:rgb(255, 255, 255);box-sizing:border-box;color:rgb(33, 37, 41);font-family:pfb;font-size:16px;font-style:normal;font-variant-caps:normal;font-variant-ligatures:normal;font-weight:400;letter-spacing:normal;margin-bottom:1rem;margin-top:0px;orphans:2;outline:none;text-align:left;text-decoration-color:initial;text-decoration-style:initial;text-decoration-thickness:initial;text-indent:0px;text-transform:none;white-space:normal;widows:2;word-spacing:0px;\"> Step 5: Buyers choose the method of payment, delivery and confirm order to complete the order.</p><p style=\"-webkit-text-stroke-width:0px;background-color:rgb(255, 255, 255);box-sizing:border-box;color:rgb(33, 37, 41);font-family:pfb;font-size:16px;font-style:normal;font-variant-caps:normal;font-variant-ligatures:normal;font-weight:400;letter-spacing:normal;margin-bottom:1rem;margin-top:0px;orphans:2;outline:none;text-align:left;text-decoration-color:initial;text-decoration-style:initial;text-decoration-thickness:initial;text-indent:0px;text-transform:none;white-space:normal;widows:2;word-spacing:0px;\"> Step 6: Buyers check the current state of goods, receive products and services;</p><p style=\"-webkit-text-stroke-width:0px;background-color:rgb(255, 255, 255);box-sizing:border-box;color:rgb(33, 37, 41);font-family:pfb;font-size:16px;font-style:normal;font-variant-caps:normal;font-variant-ligatures:normal;font-weight:400;letter-spacing:normal;margin-bottom:1rem;margin-top:0px;orphans:2;outline:none;text-align:left;text-decoration-color:initial;text-decoration-style:initial;text-decoration-thickness:initial;text-indent:0px;text-transform:none;white-space:normal;widows:2;word-spacing:0px;\"> Step 7: Buyer inquires and complains to the seller (if any)</p><p style=\"-webkit-text-stroke-width:0px;background-color:rgb(255, 255, 255);box-sizing:border-box;color:rgb(33, 37, 41);font-family:pfb;font-size:16px;font-style:normal;font-variant-caps:normal;font-variant-ligatures:normal;font-weight:400;letter-spacing:normal;margin-bottom:1rem;margin-top:0px;orphans:2;outline:none;text-align:left;text-decoration-color:initial;text-decoration-style:initial;text-decoration-thickness:initial;text-indent:0px;text-transform:none;white-space:normal;widows:2;word-spacing:0px;\">3.2. Process for Merchants To become a vendor (supplier) of products on Voso.vn, a seller will perform the following steps:</p><p style=\"-webkit-text-stroke-width:0px;background-color:rgb(255, 255, 255);box-sizing:border-box;color:rgb(33, 37, 41);font-family:pfb;font-size:16px;font-style:normal;font-variant-caps:normal;font-variant-ligatures:normal;font-weight:400;letter-spacing:normal;margin-bottom:1rem;margin-top:0px;orphans:2;outline:none;text-align:left;text-decoration-color:initial;text-decoration-style:initial;text-decoration-thickness:initial;text-indent:0px;text-transform:none;white-space:normal;widows:2;word-spacing:0px;\"> Step 1: The seller registers the account according to the process on Voso.vn.</p><p style=\"-webkit-text-stroke-width:0px;background-color:rgb(255, 255, 255);box-sizing:border-box;color:rgb(33, 37, 41);font-family:pfb;font-size:16px;font-style:normal;font-variant-caps:normal;font-variant-ligatures:normal;font-weight:400;letter-spacing:normal;margin-bottom:1rem;margin-top:0px;orphans:2;outline:none;text-align:left;text-decoration-color:initial;text-decoration-style:initial;text-decoration-thickness:initial;text-indent:0px;text-transform:none;white-space:normal;widows:2;word-spacing:0px;\"> Step 2: Seller learns about the seller support policies and programs, select Register.</p><p style=\"-webkit-text-stroke-width:0px;background-color:rgb(255, 255, 255);box-sizing:border-box;color:rgb(33, 37, 41);font-family:pfb;font-size:16px;font-style:normal;font-variant-caps:normal;font-variant-ligatures:normal;font-weight:400;letter-spacing:normal;margin-bottom:1rem;margin-top:0px;orphans:2;outline:none;text-align:left;text-decoration-color:initial;text-decoration-style:initial;text-decoration-thickness:initial;text-indent:0px;text-transform:none;white-space:normal;widows:2;word-spacing:0px;\"> Step 3: Seller provides business information in the form.</p><p style=\"-webkit-text-stroke-width:0px;background-color:rgb(255, 255, 255);box-sizing:border-box;color:rgb(33, 37, 41);font-family:pfb;font-size:16px;font-style:normal;font-variant-caps:normal;font-variant-ligatures:normal;font-weight:400;letter-spacing:normal;margin-bottom:1rem;margin-top:0px;orphans:2;outline:none;text-align:left;text-decoration-color:initial;text-decoration-style:initial;text-decoration-thickness:initial;text-indent:0px;text-transform:none;white-space:normal;widows:2;word-spacing:0px;\"> Step 4: Complete the form and send it to Voso.vn.</p><p style=\"-webkit-text-stroke-width:0px;background-color:rgb(255, 255, 255);box-sizing:border-box;color:rgb(33, 37, 41);font-family:pfb;font-size:16px;font-style:normal;font-variant-caps:normal;font-variant-ligatures:normal;font-weight:400;letter-spacing:normal;margin-bottom:1rem;margin-top:0px;orphans:2;outline:none;text-align:left;text-decoration-color:initial;text-decoration-style:initial;text-decoration-thickness:initial;text-indent:0px;text-transform:none;white-space:normal;widows:2;word-spacing:0px;\"> Step 5: Voso.vn receives, checks and verifies information, the legality of the documents provided by the seller and contact the seller to verify more information, negotiate and sign the contract. providing e-commerce floor services.</p><p style=\"-webkit-text-stroke-width:0px;background-color:rgb(255, 255, 255);box-sizing:border-box;color:rgb(33, 37, 41);font-family:pfb;font-size:16px;font-style:normal;font-variant-caps:normal;font-variant-ligatures:normal;font-weight:400;letter-spacing:normal;margin-bottom:1rem;margin-top:0px;orphans:2;outline:none;text-align:left;text-decoration-color:initial;text-decoration-style:initial;text-decoration-thickness:initial;text-indent:0px;text-transform:none;white-space:normal;widows:2;word-spacing:0px;\">In the case that after Voso.vn checks and authenticates the information and both parties sign the contract, Voso.vn creates a booth and the Seller can post, buy and sell products posted on Voso.vn.</p><p style=\"-webkit-text-stroke-width:0px;background-color:rgb(255, 255, 255);box-sizing:border-box;color:rgb(33, 37, 41);font-family:pfb;font-size:16px;font-style:normal;font-variant-caps:normal;font-variant-ligatures:normal;font-weight:400;letter-spacing:normal;margin-bottom:1rem;margin-top:0px;orphans:2;outline:none;text-align:left;text-decoration-color:initial;text-decoration-style:initial;text-decoration-thickness:initial;text-indent:0px;text-transform:none;white-space:normal;widows:2;word-spacing:0px;\">3.3. Use and warranty of the product</p><p style=\"-webkit-text-stroke-width:0px;background-color:rgb(255, 255, 255);box-sizing:border-box;color:rgb(33, 37, 41);font-family:pfb;font-size:16px;font-style:normal;font-variant-caps:normal;font-variant-ligatures:normal;font-weight:400;letter-spacing:normal;margin-bottom:1rem;margin-top:0px;orphans:2;outline:none;text-align:left;text-decoration-color:initial;text-decoration-style:initial;text-decoration-thickness:initial;text-indent:0px;text-transform:none;white-space:normal;widows:2;word-spacing:0px;\"> The warranty policy is decided by the seller, the product buyer needs to learn carefully how to preserve the product, how long to use the product and discuss directly with the seller before buying. E-commerce platform Voso.vn only provides applications to support buying and selling.</p><p style=\"-webkit-text-stroke-width:0px;background-color:rgb(255, 255, 255);box-sizing:border-box;color:rgb(33, 37, 41);font-family:pfb;font-size:16px;font-style:normal;font-variant-caps:normal;font-variant-ligatures:normal;font-weight:400;letter-spacing:normal;margin-bottom:1rem;margin-top:0px;orphans:2;outline:none;text-align:left;text-decoration-color:initial;text-decoration-style:initial;text-decoration-thickness:initial;text-indent:0px;text-transform:none;white-space:normal;widows:2;word-spacing:0px;\"> Store the product in accordance with the suppliers instructions.</p><p style=\"-webkit-text-stroke-width:0px;background-color:rgb(255, 255, 255);box-sizing:border-box;color:rgb(33, 37, 41);font-family:pfb;font-size:16px;font-style:normal;font-variant-caps:normal;font-variant-ligatures:normal;font-weight:400;letter-spacing:normal;margin-bottom:1rem;margin-top:0px;orphans:2;outline:none;text-align:left;text-decoration-color:initial;text-decoration-style:initial;text-decoration-thickness:initial;text-indent:0px;text-transform:none;white-space:normal;widows:2;word-spacing:0px;\"> Only use the product with expiry date.</p><p style=\"-webkit-text-stroke-width:0px;background-color:rgb(255, 255, 255);box-sizing:border-box;color:rgb(33, 37, 41);font-family:pfb;font-size:16px;font-style:normal;font-variant-caps:normal;font-variant-ligatures:normal;font-weight:400;letter-spacing:normal;margin-bottom:1rem;margin-top:0px;orphans:2;outline:none;text-align:left;text-decoration-color:initial;text-decoration-style:initial;text-decoration-thickness:initial;text-indent:0px;text-transform:none;white-space:normal;widows:2;word-spacing:0px;\"> For food products, do not use in combination with other foods, because it can cause unhealthy reactions such as poisoning, stomachache, nausea </p><p style=\"-webkit-text-stroke-width:0px;background-color:rgb(255, 255, 255);box-sizing:border-box;color:rgb(33, 37, 41);font-family:pfb;font-size:16px;font-style:normal;font-variant-caps:normal;font-variant-ligatures:normal;font-weight:400;letter-spacing:normal;margin-bottom:1rem;margin-top:0px;orphans:2;outline:none;text-align:left;text-decoration-color:initial;text-decoration-style:initial;text-decoration-thickness:initial;text-indent:0px;text-transform:none;white-space:normal;widows:2;word-spacing:0px;\">3.4. Return / exchange policy</p><p style=\"-webkit-text-stroke-width:0px;background-color:rgb(255, 255, 255);box-sizing:border-box;color:rgb(33, 37, 41);font-family:pfb;font-size:16px;font-style:normal;font-variant-caps:normal;font-variant-ligatures:normal;font-weight:400;letter-spacing:normal;margin-bottom:1rem;margin-top:0px;orphans:2;outline:none;text-align:left;text-decoration-color:initial;text-decoration-style:initial;text-decoration-thickness:initial;text-indent:0px;text-transform:none;white-space:normal;widows:2;word-spacing:0px;\"> Buyers and sellers communicate with each other through the information provided by the seller when posting to discuss the return of goods. Voso.vn requires the seller to specify the return policy (or not allow exchange) when posting the sale.</p><p style=\"-webkit-text-stroke-width:0px;background-color:rgb(255, 255, 255);box-sizing:border-box;color:rgb(33, 37, 41);font-family:pfb;font-size:16px;font-style:normal;font-variant-caps:normal;font-variant-ligatures:normal;font-weight:400;letter-spacing:normal;margin-bottom:1rem;margin-top:0px;orphans:2;outline:none;text-align:left;text-decoration-color:initial;text-decoration-style:initial;text-decoration-thickness:initial;text-indent:0px;text-transform:none;white-space:normal;widows:2;word-spacing:0px;\"> Voso.vn floor operates under C2C model, the sale and purchase is agreed between the buyer and the seller in a spirit of voluntariness, honesty and accuracy. To ensure honesty, objectively all goods sold on the floor must check the current state of goods, and co-check the quantity of goods by the buyer before receiving the goods. Checking the goods of the buyer must not damage or damage the manufacturers box and seal.</p><p style=\"-webkit-text-stroke-width:0px;background-color:rgb(255, 255, 255);box-sizing:border-box;color:rgb(33, 37, 41);font-family:pfb;font-size:16px;font-style:normal;font-variant-caps:normal;font-variant-ligatures:normal;font-weight:400;letter-spacing:normal;margin-bottom:1rem;margin-top:0px;orphans:2;outline:none;text-align:left;text-decoration-color:initial;text-decoration-style:initial;text-decoration-thickness:initial;text-indent:0px;text-transform:none;white-space:normal;widows:2;word-spacing:0px;\"> The policy of exchange / return goods is decided by the seller and announced on the floor, the buyer needs to find out before buying. If buyers need more information, they can contact the seller to get an exact decision before buying. The purchase and sale is an independent and voluntary decision of the buyer and the seller, by the act of ordering the buyer to agree to purchase with the information provided by the seller on the floor.</p><p style=\"-webkit-text-stroke-width:0px;background-color:rgb(255, 255, 255);box-sizing:border-box;color:rgb(33, 37, 41);font-family:pfb;font-size:16px;font-style:normal;font-variant-caps:normal;font-variant-ligatures:normal;font-weight:400;letter-spacing:normal;margin-bottom:1rem;margin-top:0px;orphans:2;outline:none;text-align:left;text-decoration-color:initial;text-decoration-style:initial;text-decoration-thickness:initial;text-indent:0px;text-transform:none;white-space:normal;widows:2;word-spacing:0px;\">3.5. Shipping policy</p><p style=\"-webkit-text-stroke-width:0px;background-color:rgb(255, 255, 255);box-sizing:border-box;color:rgb(33, 37, 41);font-family:pfb;font-size:16px;font-style:normal;font-variant-caps:normal;font-variant-ligatures:normal;font-weight:400;letter-spacing:normal;margin-bottom:1rem;margin-top:0px;orphans:2;outline:none;text-align:left;text-decoration-color:initial;text-decoration-style:initial;text-decoration-thickness:initial;text-indent:0px;text-transform:none;white-space:normal;widows:2;word-spacing:0px;\"> After receiving an order from the buyer, Voso.vn will pass the information on the order to the seller and confirm the form of transportation: self-transport or hire a third party to transport.</p><p style=\"-webkit-text-stroke-width:0px;background-color:rgb(255, 255, 255);box-sizing:border-box;color:rgb(33, 37, 41);font-family:pfb;font-size:16px;font-style:normal;font-variant-caps:normal;font-variant-ligatures:normal;font-weight:400;letter-spacing:normal;margin-bottom:1rem;margin-top:0px;orphans:2;outline:none;text-align:left;text-decoration-color:initial;text-decoration-style:initial;text-decoration-thickness:initial;text-indent:0px;text-transform:none;white-space:normal;widows:2;word-spacing:0px;\">+ Self-transport: When a customer places an order on the system, the sales department will reconfirm the order with the customer, this confirmation via email or direct call. When reconfirming the customer about the goods, accompanying service charges if any. Customers agree, orders are ordered, packed and transferred to the sales department. Sales department receives delivery information and delivers goods to customers via motor vehicles.</p><p style=\"-webkit-text-stroke-width:0px;background-color:rgb(255, 255, 255);box-sizing:border-box;color:rgb(33, 37, 41);font-family:pfb;font-size:16px;font-style:normal;font-variant-caps:normal;font-variant-ligatures:normal;font-weight:400;letter-spacing:normal;margin-bottom:1rem;margin-top:0px;orphans:2;outline:none;text-align:left;text-decoration-color:initial;text-decoration-style:initial;text-decoration-thickness:initial;text-indent:0px;text-transform:none;white-space:normal;widows:2;word-spacing:0px;\">+ Hire a third party: The third party to carry out transportation is Viettel Post Corporation. When the sales team has confirmed the order with the customer, issue the order, print the order, and pass the package to the shipping partner.</p><p style=\"-webkit-text-stroke-width:0px;background-color:rgb(255, 255, 255);box-sizing:border-box;color:rgb(33, 37, 41);font-family:pfb;font-size:16px;font-style:normal;font-variant-caps:normal;font-variant-ligatures:normal;font-weight:400;letter-spacing:normal;margin-bottom:1rem;margin-top:0px;orphans:2;outline:none;text-align:left;text-decoration-color:initial;text-decoration-style:initial;text-decoration-thickness:initial;text-indent:0px;text-transform:none;white-space:normal;widows:2;word-spacing:0px;\"> Delivery time: Delivery time starts from the moment the order is successfully delivered by Seller to the carrier until the carrier first contacts the Buyer for delivery. The specific delivery time depends on the geographical distance between Buyer and Seller. However, Voso.vn estimates the delivery time as follows (excluding Sundays, Holidays):</p><p style=\"-webkit-text-stroke-width:0px;background-color:rgb(255, 255, 255);box-sizing:border-box;color:rgb(33, 37, 41);font-family:pfb;font-size:16px;font-style:normal;font-variant-caps:normal;font-variant-ligatures:normal;font-weight:400;letter-spacing:normal;margin-bottom:1rem;margin-top:0px;orphans:2;outline:none;text-align:left;text-decoration-color:initial;text-decoration-style:initial;text-decoration-thickness:initial;text-indent:0px;text-transform:none;white-space:normal;widows:2;word-spacing:0px;\">+ Within the province: 1-2 days.</p><p style=\"-webkit-text-stroke-width:0px;background-color:rgb(255, 255, 255);box-sizing:border-box;color:rgb(33, 37, 41);font-family:pfb;font-size:16px;font-style:normal;font-variant-caps:normal;font-variant-ligatures:normal;font-weight:400;letter-spacing:normal;margin-bottom:1rem;margin-top:0px;orphans:2;outline:none;text-align:left;text-decoration-color:initial;text-decoration-style:initial;text-decoration-thickness:initial;text-indent:0px;text-transform:none;white-space:normal;widows:2;word-spacing:0px;\">+ Interprovincial and distance from seller to buyer less than 300 km: 2-4 days.</p><p style=\"-webkit-text-stroke-width:0px;background-color:rgb(255, 255, 255);box-sizing:border-box;color:rgb(33, 37, 41);font-family:pfb;font-size:16px;font-style:normal;font-variant-caps:normal;font-variant-ligatures:normal;font-weight:400;letter-spacing:normal;margin-bottom:1rem;margin-top:0px;orphans:2;outline:none;text-align:left;text-decoration-color:initial;text-decoration-style:initial;text-decoration-thickness:initial;text-indent:0px;text-transform:none;white-space:normal;widows:2;word-spacing:0px;\">+ Interprovincial and distance from seller to buyer over 300 km: 4-7 days.</p><p style=\"-webkit-text-stroke-width:0px;background-color:rgb(255, 255, 255);box-sizing:border-box;color:rgb(33, 37, 41);font-family:pfb;font-size:16px;font-style:normal;font-variant-caps:normal;font-variant-ligatures:normal;font-weight:400;letter-spacing:normal;margin-bottom:1rem;margin-top:0px;orphans:2;outline:none;text-align:left;text-decoration-color:initial;text-decoration-style:initial;text-decoration-thickness:initial;text-indent:0px;text-transform:none;white-space:normal;widows:2;word-spacing:0px;\">Note: Some orders may take longer because Seller rescheduled the delivery for longer than expected (12 hours since bill of lading was created); or Buyer makes late delivery appointment for personal reasons.</p><p style=\"-webkit-text-stroke-width:0px;background-color:rgb(255, 255, 255);box-sizing:border-box;color:rgb(33, 37, 41);font-family:pfb;font-size:16px;font-style:normal;font-variant-caps:normal;font-variant-ligatures:normal;font-weight:400;letter-spacing:normal;margin-bottom:1rem;margin-top:0px;orphans:2;outline:none;text-align:left;text-decoration-color:initial;text-decoration-style:initial;text-decoration-thickness:initial;text-indent:0px;text-transform:none;white-space:normal;widows:2;word-spacing:0px;\">Note: Some orders may take longer because the Seller is located in remote areas; remote or island areas.</p><p style=\"-webkit-text-stroke-width:0px;background-color:rgb(255, 255, 255);box-sizing:border-box;color:rgb(33, 37, 41);font-family:pfb;font-size:16px;font-style:normal;font-variant-caps:normal;font-variant-ligatures:normal;font-weight:400;letter-spacing:normal;margin-bottom:1rem;margin-top:0px;orphans:2;outline:none;text-align:left;text-decoration-color:initial;text-decoration-style:initial;text-decoration-thickness:initial;text-indent:0px;text-transform:none;white-space:normal;widows:2;word-spacing:0px;\">3.6. Order confirmation / cancellation process</p><p style=\"-webkit-text-stroke-width:0px;background-color:rgb(255, 255, 255);box-sizing:border-box;color:rgb(33, 37, 41);font-family:pfb;font-size:16px;font-style:normal;font-variant-caps:normal;font-variant-ligatures:normal;font-weight:400;letter-spacing:normal;margin-bottom:1rem;margin-top:0px;orphans:2;outline:none;text-align:left;text-decoration-color:initial;text-decoration-style:initial;text-decoration-thickness:initial;text-indent:0px;text-transform:none;white-space:normal;widows:2;word-spacing:0px;\">3.6.1. Order confirmation:</p><p style=\"-webkit-text-stroke-width:0px;background-color:rgb(255, 255, 255);box-sizing:border-box;color:rgb(33, 37, 41);font-family:pfb;font-size:16px;font-style:normal;font-variant-caps:normal;font-variant-ligatures:normal;font-weight:400;letter-spacing:normal;margin-bottom:1rem;margin-top:0px;orphans:2;outline:none;text-align:left;text-decoration-color:initial;text-decoration-style:initial;text-decoration-thickness:initial;text-indent:0px;text-transform:none;white-space:normal;widows:2;word-spacing:0px;\">The information stated in the Terms and Conditions and the details contained on Voso.vn are not intended to be purchased or sold but is an offer. There is no contract for any product that exists between you and Voso.vn until you receive an order confirmation or notice that the order has been shipped to your address from Voso.vn. When you submit your order request, Voso.vn will send you an order number. However, the order request needs to go through an order confirmation step in the form of a Partner or an employee of Voso.vn will call the Customer to confirm order information, personal information or delivery information. Customers item is correct. To request a confirmed order quickly, please provide correct and complete information regarding the delivery, or the terms and conditions of the promotion (if any) that the customer join.</p><p style=\"-webkit-text-stroke-width:0px;background-color:rgb(255, 255, 255);box-sizing:border-box;color:rgb(33, 37, 41);font-family:pfb;font-size:16px;font-style:normal;font-variant-caps:normal;font-variant-ligatures:normal;font-weight:400;letter-spacing:normal;margin-bottom:1rem;margin-top:0px;orphans:2;outline:none;text-align:left;text-decoration-color:initial;text-decoration-style:initial;text-decoration-thickness:initial;text-indent:0px;text-transform:none;white-space:normal;widows:2;word-spacing:0px;\">3.6.2. Cancel order:</p><p style=\"-webkit-text-stroke-width:0px;background-color:rgb(255, 255, 255);box-sizing:border-box;color:rgb(33, 37, 41);font-family:pfb;font-size:16px;font-style:normal;font-variant-caps:normal;font-variant-ligatures:normal;font-weight:400;letter-spacing:normal;margin-bottom:1rem;margin-top:0px;orphans:2;outline:none;text-align:left;text-decoration-color:initial;text-decoration-style:initial;text-decoration-thickness:initial;text-indent:0px;text-transform:none;white-space:normal;widows:2;word-spacing:0px;\">If a customer makes a mistake in placing an order after confirming the order on Voso.vn, the customer should contact Customer Support immediately. Hotline: 1900-989 -888 or Email: hotro@Voso.com.vn, Voso.vn will try to process your request as soon as possible Voso.vn has the right to refuse the customers order for processing. anytime, anywhere, including after you have placed an order successfully. If Voso.vn cancels your order,&nbsp;the customer have paid for the order, the payment amount will be fully refunded by the payee to the customer. Voso.vn reserves the right at its sole discretion to refuse liability to the customer or any other third party for the removal of any product from Voso.vn, even if the product has been sold to the customer.</p><p style=\"-webkit-text-stroke-width:0px;background-color:rgb(255, 255, 255);box-sizing:border-box;color:rgb(33, 37, 41);font-family:pfb;font-size:16px;font-style:normal;font-variant-caps:normal;font-variant-ligatures:normal;font-weight:400;letter-spacing:normal;margin-bottom:1rem;margin-top:0px;orphans:2;outline:none;text-align:left;text-decoration-color:initial;text-decoration-style:initial;text-decoration-thickness:initial;text-indent:0px;text-transform:none;white-space:normal;widows:2;word-spacing:0px;\">3.7. Dispute resolution process, complaints</p><p style=\"-webkit-text-stroke-width:0px;background-color:rgb(255, 255, 255);box-sizing:border-box;color:rgb(33, 37, 41);font-family:pfb;font-size:16px;font-style:normal;font-variant-caps:normal;font-variant-ligatures:normal;font-weight:400;letter-spacing:normal;margin-bottom:1rem;margin-top:0px;orphans:2;outline:none;text-align:left;text-decoration-color:initial;text-decoration-style:initial;text-decoration-thickness:initial;text-indent:0px;text-transform:none;white-space:normal;widows:2;word-spacing:0px;\">Voso.vn is always responsible for receiving and handling customers complaints related to transactions at the e-commerce floor of Voso.vn. When any complaints and disputes arise, Voso.vn upholds the solution of negotiation and mediation between the parties in order to maintain the relationship and trust of the Customer in the service quality of Voso.vn.</p><p style=\"-webkit-text-stroke-width:0px;background-color:rgb(255, 255, 255);box-sizing:border-box;color:rgb(33, 37, 41);font-family:pfb;font-size:16px;font-style:normal;font-variant-caps:normal;font-variant-ligatures:normal;font-weight:400;letter-spacing:normal;margin-bottom:1rem;margin-top:0px;orphans:2;outline:none;text-align:left;text-decoration-color:initial;text-decoration-style:initial;text-decoration-thickness:initial;text-indent:0px;text-transform:none;white-space:normal;widows:2;word-spacing:0px;\">In all cases, the decision of Voso.vn is the highest and final.</p><p style=\"-webkit-text-stroke-width:0px;background-color:rgb(255, 255, 255);box-sizing:border-box;color:rgb(33, 37, 41);font-family:pfb;font-size:16px;font-style:normal;font-variant-caps:normal;font-variant-ligatures:normal;font-weight:400;letter-spacing:normal;margin-bottom:1rem;margin-top:0px;orphans:2;outline:none;text-align:left;text-decoration-color:initial;text-decoration-style:initial;text-decoration-thickness:initial;text-indent:0px;text-transform:none;white-space:normal;widows:2;word-spacing:0px;\">The complaint process follows these steps:</p><p style=\"-webkit-text-stroke-width:0px;background-color:rgb(255, 255, 255);box-sizing:border-box;color:rgb(33, 37, 41);font-family:pfb;font-size:16px;font-style:normal;font-variant-caps:normal;font-variant-ligatures:normal;font-weight:400;letter-spacing:normal;margin-bottom:1rem;margin-top:0px;orphans:2;outline:none;text-align:left;text-decoration-color:initial;text-decoration-style:initial;text-decoration-thickness:initial;text-indent:0px;text-transform:none;white-space:normal;widows:2;word-spacing:0px;\">Step 1: Customers make complaints about the Merchants purchased on the Voso.vn e-commerce floor through: Send an email to the email address: hotro@Voso.com.vn; or Call Hotline 1900 989 888; or Customer sends a complaint at the address: Viettel Post Joint Stock Corporation Address: N1 Building, Thang Long Avenue, Me Tri, Tu Liem, Hanoi</p><p style=\"-webkit-text-stroke-width:0px;background-color:rgb(255, 255, 255);box-sizing:border-box;color:rgb(33, 37, 41);font-family:pfb;font-size:16px;font-style:normal;font-variant-caps:normal;font-variant-ligatures:normal;font-weight:400;letter-spacing:normal;margin-bottom:1rem;margin-top:0px;orphans:2;outline:none;text-align:left;text-decoration-color:initial;text-decoration-style:initial;text-decoration-thickness:initial;text-indent:0px;text-transform:none;white-space:normal;widows:2;word-spacing:0px;\">Step 2: Customer care department will receive complaints, contact to clarify customer requirements as soon as possible and no more than 5 working days from the date of receipt of the request. Depending on the nature and severity of the incident, Voso.vn will have specific measures to assist customers in resolving complaints and disputes.</p><p style=\"-webkit-text-stroke-width:0px;background-color:rgb(255, 255, 255);box-sizing:border-box;color:rgb(33, 37, 41);font-family:pfb;font-size:16px;font-style:normal;font-variant-caps:normal;font-variant-ligatures:normal;font-weight:400;letter-spacing:normal;margin-bottom:1rem;margin-top:0px;orphans:2;outline:none;text-align:left;text-decoration-color:initial;text-decoration-style:initial;text-decoration-thickness:initial;text-indent:0px;text-transform:none;white-space:normal;widows:2;word-spacing:0px;\">Step 3: Voso.vn may request customers and / or the Seller to provide information and evidence related to transactions and products to verify, clarify the case and take appropriate action.</p><p style=\"-webkit-text-stroke-width:0px;background-color:rgb(255, 255, 255);box-sizing:border-box;color:rgb(33, 37, 41);font-family:pfb;font-size:16px;font-style:normal;font-variant-caps:normal;font-variant-ligatures:normal;font-weight:400;letter-spacing:normal;margin-bottom:1rem;margin-top:0px;orphans:2;outline:none;text-align:left;text-decoration-color:initial;text-decoration-style:initial;text-decoration-thickness:initial;text-indent:0px;text-transform:none;white-space:normal;widows:2;word-spacing:0px;\">Step 4: In case Voso.vn tried to resolve the complaint and dispute, but the matter is beyond its capacity and authority, Voso.vn will request the buyer to bring the case to a competent State agency for resolution. decided in accordance with the law.</p><p style=\"-webkit-text-stroke-width:0px;background-color:rgb(255, 255, 255);box-sizing:border-box;color:rgb(33, 37, 41);font-family:pfb;font-size:16px;font-style:normal;font-variant-caps:normal;font-variant-ligatures:normal;font-weight:400;letter-spacing:normal;margin-bottom:1rem;margin-top:0px;orphans:2;outline:none;text-align:left;text-decoration-color:initial;text-decoration-style:initial;text-decoration-thickness:initial;text-indent:0px;text-transform:none;white-space:normal;widows:2;word-spacing:0px;\">Voso.vn respects and seriously implements the provisions of the law on the protection of consumers interests. Therefore, it is recommended that the seller on the e-commerce floor of Voso.vn provide complete, accurate, truthful and detailed information related to the product. All frauds and frauds in business are condemned and must be fully responsible before the law.</p><p style=\"-webkit-text-stroke-width:0px;background-color:rgb(255, 255, 255);box-sizing:border-box;color:rgb(33, 37, 41);font-family:pfb;font-size:16px;font-style:normal;font-variant-caps:normal;font-variant-ligatures:normal;font-weight:400;letter-spacing:normal;margin-bottom:1rem;margin-top:0px;orphans:2;outline:none;text-align:left;text-decoration-color:initial;text-decoration-style:initial;text-decoration-thickness:initial;text-indent:0px;text-transform:none;white-space:normal;widows:2;word-spacing:0px;\">The parties including the Seller and the Buyer play an important and responsible role in actively resolving the matter. Seller should be responsible for providing documents, documents, papers, and other evidence to prove, clarify information related to the incident that is causing conflict for the Customer. Upon request, Voso.vn will provide information relating to Buyer and Seller if agreed by such Buyer or Seller (in relation to disputes) or to the extent permitted by law. After the matter is resolved by the Buyer and the Seller, the Buyer and Seller need to report to the Voso.vn management board of the settlement results.</p><p style=\"-webkit-text-stroke-width:0px;background-color:rgb(255, 255, 255);box-sizing:border-box;color:rgb(33, 37, 41);font-family:pfb;font-size:16px;font-style:normal;font-variant-caps:normal;font-variant-ligatures:normal;font-weight:400;letter-spacing:normal;margin-bottom:1rem;margin-top:0px;orphans:2;outline:none;text-align:left;text-decoration-color:initial;text-decoration-style:initial;text-decoration-thickness:initial;text-indent:0px;text-transform:none;white-space:normal;widows:2;word-spacing:0px;\">In case of transactions arising from complaints and disputes, the fault of which is determined to belong to the Seller, Voso.vn will take measures to warn, close the account or transfer it to the competent State agency for handling depending on the Voso.vn will terminate and remove all articles about the Sellers products on Voso.vn and request Seller to compensate the Customer satisfactorily on the basis of the agreement with the Customer.</p><p style=\"-webkit-text-stroke-width:0px;background-color:rgb(255, 255, 255);box-sizing:border-box;color:rgb(33, 37, 41);font-family:pfb;font-size:16px;font-style:normal;font-variant-caps:normal;font-variant-ligatures:normal;font-weight:400;letter-spacing:normal;margin-bottom:1rem;margin-top:0px;orphans:2;outline:none;text-align:left;text-decoration-color:initial;text-decoration-style:initial;text-decoration-thickness:initial;text-indent:0px;text-transform:none;white-space:normal;widows:2;word-spacing:0px;\">In case Voso.vn and the parties have attempted to resolve through negotiation or agreement but still cannot resolve the conflict arising from a transaction between the Customer and the Seller, either party can to bring the case to a competent State agency for settlement to ensure the legitimate interests of the parties.</p><p style=\"-webkit-text-stroke-width:0px;background-color:rgb(255, 255, 255);box-sizing:border-box;color:rgb(33, 37, 41);font-family:pfb;font-size:16px;font-style:normal;font-variant-caps:normal;font-variant-ligatures:normal;font-weight:400;letter-spacing:normal;margin-bottom:1rem;margin-top:0px;orphans:2;outline:none;text-align:left;text-decoration-color:initial;text-decoration-style:initial;text-decoration-thickness:initial;text-indent:0px;text-transform:none;white-space:normal;widows:2;word-spacing:0px;\">3.8. Payment process</p><p style=\"-webkit-text-stroke-width:0px;background-color:rgb(255, 255, 255);box-sizing:border-box;color:rgb(33, 37, 41);font-family:pfb;font-size:16px;font-style:normal;font-variant-caps:normal;font-variant-ligatures:normal;font-weight:400;letter-spacing:normal;margin-bottom:1rem;margin-top:0px;orphans:2;outline:none;text-align:left;text-decoration-color:initial;text-decoration-style:initial;text-decoration-thickness:initial;text-indent:0px;text-transform:none;white-space:normal;widows:2;word-spacing:0px;\">3.8.1. Payment process for Vendors</p><p style=\"-webkit-text-stroke-width:0px;background-color:rgb(255, 255, 255);box-sizing:border-box;color:rgb(33, 37, 41);font-family:pfb;font-size:16px;font-style:normal;font-variant-caps:normal;font-variant-ligatures:normal;font-weight:400;letter-spacing:normal;margin-bottom:1rem;margin-top:0px;orphans:2;outline:none;text-align:left;text-decoration-color:initial;text-decoration-style:initial;text-decoration-thickness:initial;text-indent:0px;text-transform:none;white-space:normal;widows:2;word-spacing:0px;\">3.8.2. Payment process for Customers Customers can choose the payment methods on Voso.vn including:</p><p style=\"-webkit-text-stroke-width:0px;background-color:rgb(255, 255, 255);box-sizing:border-box;color:rgb(33, 37, 41);font-family:pfb;font-size:16px;font-style:normal;font-variant-caps:normal;font-variant-ligatures:normal;font-weight:400;letter-spacing:normal;margin-bottom:1rem;margin-top:0px;orphans:2;outline:none;text-align:left;text-decoration-color:initial;text-decoration-style:initial;text-decoration-thickness:initial;text-indent:0px;text-transform:none;white-space:normal;widows:2;word-spacing:0px;\"> Option 1: Pay later (COD  pay in cash):</p><p style=\"-webkit-text-stroke-width:0px;background-color:rgb(255, 255, 255);box-sizing:border-box;color:rgb(33, 37, 41);font-family:pfb;font-size:16px;font-style:normal;font-variant-caps:normal;font-variant-ligatures:normal;font-weight:400;letter-spacing:normal;margin-bottom:1rem;margin-top:0px;orphans:2;outline:none;text-align:left;text-decoration-color:initial;text-decoration-style:initial;text-decoration-thickness:initial;text-indent:0px;text-transform:none;white-space:normal;widows:2;word-spacing:0px;\">+ Step 1: Buyers learn information about the product on Voso.vn.</p><p style=\"-webkit-text-stroke-width:0px;background-color:rgb(255, 255, 255);box-sizing:border-box;color:rgb(33, 37, 41);font-family:pfb;font-size:16px;font-style:normal;font-variant-caps:normal;font-variant-ligatures:normal;font-weight:400;letter-spacing:normal;margin-bottom:1rem;margin-top:0px;orphans:2;outline:none;text-align:left;text-decoration-color:initial;text-decoration-style:initial;text-decoration-thickness:initial;text-indent:0px;text-transform:none;white-space:normal;widows:2;word-spacing:0px;\">+ Step 2: The buyer orders the product, chooses the method of cash payment upon delivery.</p><p style=\"-webkit-text-stroke-width:0px;background-color:rgb(255, 255, 255);box-sizing:border-box;color:rgb(33, 37, 41);font-family:pfb;font-size:16px;font-style:normal;font-variant-caps:normal;font-variant-ligatures:normal;font-weight:400;letter-spacing:normal;margin-bottom:1rem;margin-top:0px;orphans:2;outline:none;text-align:left;text-decoration-color:initial;text-decoration-style:initial;text-decoration-thickness:initial;text-indent:0px;text-transform:none;white-space:normal;widows:2;word-spacing:0px;\">+ Step 3: Delivery department of Voso.vn.</p><p style=\"-webkit-text-stroke-width:0px;background-color:rgb(255, 255, 255);box-sizing:border-box;color:rgb(33, 37, 41);font-family:pfb;font-size:16px;font-style:normal;font-variant-caps:normal;font-variant-ligatures:normal;font-weight:400;letter-spacing:normal;margin-bottom:1rem;margin-top:0px;orphans:2;outline:none;text-align:left;text-decoration-color:initial;text-decoration-style:initial;text-decoration-thickness:initial;text-indent:0px;text-transform:none;white-space:normal;widows:2;word-spacing:0px;\">+ Step 4: Buyers receive and pay.</p><p style=\"-webkit-text-stroke-width:0px;background-color:rgb(255, 255, 255);box-sizing:border-box;color:rgb(33, 37, 41);font-family:pfb;font-size:16px;font-style:normal;font-variant-caps:normal;font-variant-ligatures:normal;font-weight:400;letter-spacing:normal;margin-bottom:1rem;margin-top:0px;orphans:2;outline:none;text-align:left;text-decoration-color:initial;text-decoration-style:initial;text-decoration-thickness:initial;text-indent:0px;text-transform:none;white-space:normal;widows:2;word-spacing:0px;\"> Option 2: Pay online via Visa card, ATM card</p><p style=\"-webkit-text-stroke-width:0px;background-color:rgb(255, 255, 255);box-sizing:border-box;color:rgb(33, 37, 41);font-family:pfb;font-size:16px;font-style:normal;font-variant-caps:normal;font-variant-ligatures:normal;font-weight:400;letter-spacing:normal;margin-bottom:1rem;margin-top:0px;orphans:2;outline:none;text-align:left;text-decoration-color:initial;text-decoration-style:initial;text-decoration-thickness:initial;text-indent:0px;text-transform:none;white-space:normal;widows:2;word-spacing:0px;\">+ Step 1: Buyers learn information about the product on Voso.vn.</p><p style=\"-webkit-text-stroke-width:0px;background-color:rgb(255, 255, 255);box-sizing:border-box;color:rgb(33, 37, 41);font-family:pfb;font-size:16px;font-style:normal;font-variant-caps:normal;font-variant-ligatures:normal;font-weight:400;letter-spacing:normal;margin-bottom:1rem;margin-top:0px;orphans:2;outline:none;text-align:left;text-decoration-color:initial;text-decoration-style:initial;text-decoration-thickness:initial;text-indent:0px;text-transform:none;white-space:normal;widows:2;word-spacing:0px;\">+ Step 2: Buyers order products, choose card payment method.</p><p style=\"-webkit-text-stroke-width:0px;background-color:rgb(255, 255, 255);box-sizing:border-box;color:rgb(33, 37, 41);font-family:pfb;font-size:16px;font-style:normal;font-variant-caps:normal;font-variant-ligatures:normal;font-weight:400;letter-spacing:normal;margin-bottom:1rem;margin-top:0px;orphans:2;outline:none;text-align:left;text-decoration-color:initial;text-decoration-style:initial;text-decoration-thickness:initial;text-indent:0px;text-transform:none;white-space:normal;widows:2;word-spacing:0px;\">+ Step 3: The buyer provides the payment card information and completes the payment for the order.</p><p style=\"-webkit-text-stroke-width:0px;background-color:rgb(255, 255, 255);box-sizing:border-box;color:rgb(33, 37, 41);font-family:pfb;font-size:16px;font-style:normal;font-variant-caps:normal;font-variant-ligatures:normal;font-weight:400;letter-spacing:normal;margin-bottom:1rem;margin-top:0px;orphans:2;outline:none;text-align:left;text-decoration-color:initial;text-decoration-style:initial;text-decoration-thickness:initial;text-indent:0px;text-transform:none;white-space:normal;widows:2;word-spacing:0px;\">+ Step 4: Delivery department of Voso.vn.</p><p style=\"-webkit-text-stroke-width:0px;background-color:rgb(255, 255, 255);box-sizing:border-box;color:rgb(33, 37, 41);font-family:pfb;font-size:16px;font-style:normal;font-variant-caps:normal;font-variant-ligatures:normal;font-weight:400;letter-spacing:normal;margin-bottom:1rem;margin-top:0px;orphans:2;outline:none;text-align:left;text-decoration-color:initial;text-decoration-style:initial;text-decoration-thickness:initial;text-indent:0px;text-transform:none;white-space:normal;widows:2;word-spacing:0px;\">+ Step 5: The buyer receives the goods.</p><p style=\"-webkit-text-stroke-width:0px;background-color:rgb(255, 255, 255);box-sizing:border-box;color:rgb(33, 37, 41);font-family:pfb;font-size:16px;font-style:normal;font-variant-caps:normal;font-variant-ligatures:normal;font-weight:400;letter-spacing:normal;margin-bottom:1rem;margin-top:0px;orphans:2;outline:none;text-align:left;text-decoration-color:initial;text-decoration-style:initial;text-decoration-thickness:initial;text-indent:0px;text-transform:none;white-space:normal;widows:2;word-spacing:0px;\"> Note: When the seller participates in the e-commerce floor of Voso.vn, according to the floors operating policy, it can be understood that it is a transaction between the seller and Voso.vn that allows Voso.vn to collect money. of the customer then pay the seller. This is a collection activity according to the agreement of the parties.</p><p style=\"-webkit-text-stroke-width:0px;background-color:rgb(255, 255, 255);box-sizing:border-box;color:rgb(33, 37, 41);font-family:pfb;font-size:16px;font-style:normal;font-variant-caps:normal;font-variant-ligatures:normal;font-weight:400;letter-spacing:normal;margin-bottom:1rem;margin-top:0px;orphans:2;outline:none;text-align:left;text-decoration-color:initial;text-decoration-style:initial;text-decoration-thickness:initial;text-indent:0px;text-transform:none;white-space:normal;widows:2;word-spacing:0px;\">IV. PAYMENT SECURITY POLICY</p><p style=\"-webkit-text-stroke-width:0px;background-color:rgb(255, 255, 255);box-sizing:border-box;color:rgb(33, 37, 41);font-family:pfb;font-size:16px;font-style:normal;font-variant-caps:normal;font-variant-ligatures:normal;font-weight:400;letter-spacing:normal;margin-bottom:1rem;margin-top:0px;orphans:2;outline:none;text-align:left;text-decoration-color:initial;text-decoration-style:initial;text-decoration-thickness:initial;text-indent:0px;text-transform:none;white-space:normal;widows:2;word-spacing:0px;\">4.1. Privacy statement</p><p style=\"-webkit-text-stroke-width:0px;background-color:rgb(255, 255, 255);box-sizing:border-box;color:rgb(33, 37, 41);font-family:pfb;font-size:16px;font-style:normal;font-variant-caps:normal;font-variant-ligatures:normal;font-weight:400;letter-spacing:normal;margin-bottom:1rem;margin-top:0px;orphans:2;outline:none;text-align:left;text-decoration-color:initial;text-decoration-style:initial;text-decoration-thickness:initial;text-indent:0px;text-transform:none;white-space:normal;widows:2;word-spacing:0px;\">The card payment system provided by gateway partners</p><p style=\"-webkit-text-stroke-width:0px;background-color:rgb(255, 255, 255);box-sizing:border-box;color:rgb(33, 37, 41);font-family:pfb;font-size:16px;font-style:normal;font-variant-caps:normal;font-variant-ligatures:normal;font-weight:400;letter-spacing:normal;margin-bottom:1rem;margin-top:0px;orphans:2;outline:none;text-align:left;text-decoration-color:initial;text-decoration-style:initial;text-decoration-thickness:initial;text-indent:0px;text-transform:none;white-space:normal;widows:2;word-spacing:0px;\">payment (Payment Gateway Partner) has been legally licensed to operate in Vietnam. Accordingly, the card payment security standards at Voso.vn ensure compliance with industry security standards.</p><p style=\"-webkit-text-stroke-width:0px;background-color:rgb(255, 255, 255);box-sizing:border-box;color:rgb(33, 37, 41);font-family:pfb;font-size:16px;font-style:normal;font-variant-caps:normal;font-variant-ligatures:normal;font-weight:400;letter-spacing:normal;margin-bottom:1rem;margin-top:0px;orphans:2;outline:none;text-align:left;text-decoration-color:initial;text-decoration-style:initial;text-decoration-thickness:initial;text-indent:0px;text-transform:none;white-space:normal;widows:2;word-spacing:0px;\">4.2. Privacy policy</p><p style=\"-webkit-text-stroke-width:0px;background-color:rgb(255, 255, 255);box-sizing:border-box;color:rgb(33, 37, 41);font-family:pfb;font-size:16px;font-style:normal;font-variant-caps:normal;font-variant-ligatures:normal;font-weight:400;letter-spacing:normal;margin-bottom:1rem;margin-top:0px;orphans:2;outline:none;text-align:left;text-decoration-color:initial;text-decoration-style:initial;text-decoration-thickness:initial;text-indent:0px;text-transform:none;white-space:normal;widows:2;word-spacing:0px;\">Policy on payment transactions by international and domestic cards (internet banking) to ensure compliance with security standards of Payment Gateway Partners including:</p><p style=\"-webkit-text-stroke-width:0px;background-color:rgb(255, 255, 255);box-sizing:border-box;color:rgb(33, 37, 41);font-family:pfb;font-size:16px;font-style:normal;font-variant-caps:normal;font-variant-ligatures:normal;font-weight:400;letter-spacing:normal;margin-bottom:1rem;margin-top:0px;orphans:2;outline:none;text-align:left;text-decoration-color:initial;text-decoration-style:initial;text-decoration-thickness:initial;text-indent:0px;text-transform:none;white-space:normal;widows:2;word-spacing:0px;\">Customers financial information will be protected during transactions using SSL (Secure Sockets Layer) protocol.</p><p style=\"-webkit-text-stroke-width:0px;background-color:rgb(255, 255, 255);box-sizing:border-box;color:rgb(33, 37, 41);font-family:pfb;font-size:16px;font-style:normal;font-variant-caps:normal;font-variant-ligatures:normal;font-weight:400;letter-spacing:normal;margin-bottom:1rem;margin-top:0px;orphans:2;outline:none;text-align:left;text-decoration-color:initial;text-decoration-style:initial;text-decoration-thickness:initial;text-indent:0px;text-transform:none;white-space:normal;widows:2;word-spacing:0px;\">Payment Information Data Security Standard (PCI DSS) certification provided by Trustwave.</p><p style=\"-webkit-text-stroke-width:0px;background-color:rgb(255, 255, 255);box-sizing:border-box;color:rgb(33, 37, 41);font-family:pfb;font-size:16px;font-style:normal;font-variant-caps:normal;font-variant-ligatures:normal;font-weight:400;letter-spacing:normal;margin-bottom:1rem;margin-top:0px;orphans:2;outline:none;text-align:left;text-decoration-color:initial;text-decoration-style:initial;text-decoration-thickness:initial;text-indent:0px;text-transform:none;white-space:normal;widows:2;word-spacing:0px;\">+ One-time password (OTP) is sent via SMS to ensure account access is authenticated.</p><p style=\"-webkit-text-stroke-width:0px;background-color:rgb(255, 255, 255);box-sizing:border-box;color:rgb(33, 37, 41);font-family:pfb;font-size:16px;font-style:normal;font-variant-caps:normal;font-variant-ligatures:normal;font-weight:400;letter-spacing:normal;margin-bottom:1rem;margin-top:0px;orphans:2;outline:none;text-align:left;text-decoration-color:initial;text-decoration-style:initial;text-decoration-thickness:initial;text-indent:0px;text-transform:none;white-space:normal;widows:2;word-spacing:0px;\">+ 128 bit MD5 encryption standard.</p><p style=\"-webkit-text-stroke-width:0px;background-color:rgb(255, 255, 255);box-sizing:border-box;color:rgb(33, 37, 41);font-family:pfb;font-size:16px;font-style:normal;font-variant-caps:normal;font-variant-ligatures:normal;font-weight:400;letter-spacing:normal;margin-bottom:1rem;margin-top:0px;orphans:2;outline:none;text-align:left;text-decoration-color:initial;text-decoration-style:initial;text-decoration-thickness:initial;text-indent:0px;text-transform:none;white-space:normal;widows:2;word-spacing:0px;\">Principles and regulations on information confidentiality in the banking and finance industry in accordance with the State Bank of Vietnam regulations.</p><p style=\"-webkit-text-stroke-width:0px;background-color:rgb(255, 255, 255);box-sizing:border-box;color:rgb(33, 37, 41);font-family:pfb;font-size:16px;font-style:normal;font-variant-caps:normal;font-variant-ligatures:normal;font-weight:400;letter-spacing:normal;margin-bottom:1rem;margin-top:0px;orphans:2;outline:none;text-align:left;text-decoration-color:initial;text-decoration-style:initial;text-decoration-thickness:initial;text-indent:0px;text-transform:none;white-space:normal;widows:2;word-spacing:0px;\">Transaction security policy in payment of Voso.vn applies to Customers:</p><p style=\"-webkit-text-stroke-width:0px;background-color:rgb(255, 255, 255);box-sizing:border-box;color:rgb(33, 37, 41);font-family:pfb;font-size:16px;font-style:normal;font-variant-caps:normal;font-variant-ligatures:normal;font-weight:400;letter-spacing:normal;margin-bottom:1rem;margin-top:0px;orphans:2;outline:none;text-align:left;text-decoration-color:initial;text-decoration-style:initial;text-decoration-thickness:initial;text-indent:0px;text-transform:none;white-space:normal;widows:2;word-spacing:0px;\">+ Voso.vn provides a utility for storing card information to use for the following payments on Voso.vn with the principle that Voso.vn only stores encrypted chains provided to Voso by the Payment Gateway Partner. Therefore, if customers choose to use the card information storage utility, the security of their payment card information is done by a licensed Payment Gateway Partner.</p><p style=\"-webkit-text-stroke-width:0px;background-color:rgb(255, 255, 255);box-sizing:border-box;color:rgb(33, 37, 41);font-family:pfb;font-size:16px;font-style:normal;font-variant-caps:normal;font-variant-ligatures:normal;font-weight:400;letter-spacing:normal;margin-bottom:1rem;margin-top:0px;orphans:2;outline:none;text-align:left;text-decoration-color:initial;text-decoration-style:initial;text-decoration-thickness:initial;text-indent:0px;text-transform:none;white-space:normal;widows:2;word-spacing:0px;\">+ For international cards: Customers payment card information that can be used to establish transactions is not stored on Voso.vns system. Payment Gateway Partner will maintain and secure according to international standard PCI DSS.</p><p style=\"-webkit-text-stroke-width:0px;background-color:rgb(255, 255, 255);box-sizing:border-box;color:rgb(33, 37, 41);font-family:pfb;font-size:16px;font-style:normal;font-variant-caps:normal;font-variant-ligatures:normal;font-weight:400;letter-spacing:normal;margin-bottom:1rem;margin-top:0px;orphans:2;outline:none;text-align:left;text-decoration-color:initial;text-decoration-style:initial;text-decoration-thickness:initial;text-indent:0px;text-transform:none;white-space:normal;widows:2;word-spacing:0px;\">+ For domestic card (internet banking), Voso.vn only stores order code, transaction code and bank name.</p><p style=\"-webkit-text-stroke-width:0px;background-color:rgb(255, 255, 255);box-sizing:border-box;color:rgb(33, 37, 41);font-family:pfb;font-size:16px;font-style:normal;font-variant-caps:normal;font-variant-ligatures:normal;font-weight:400;letter-spacing:normal;margin-bottom:1rem;margin-top:0px;orphans:2;outline:none;text-align:left;text-decoration-color:initial;text-decoration-style:initial;text-decoration-thickness:initial;text-indent:0px;text-transform:none;white-space:normal;widows:2;word-spacing:0px;\">Voso.vn is committed to ensuring that the necessary security measures are strictly implemented for all payments made on the e-commerce trading floor of Voso.vn.</p><p style=\"-webkit-text-stroke-width:0px;background-color:rgb(255, 255, 255);box-sizing:border-box;color:rgb(33, 37, 41);font-family:pfb;font-size:16px;font-style:normal;font-variant-caps:normal;font-variant-ligatures:normal;font-weight:400;letter-spacing:normal;margin-bottom:1rem;margin-top:0px;orphans:2;outline:none;text-align:left;text-decoration-color:initial;text-decoration-style:initial;text-decoration-thickness:initial;text-indent:0px;text-transform:none;white-space:normal;widows:2;word-spacing:0px;\">V. SECURITY TRANSACTION SECURITY</p><p style=\"-webkit-text-stroke-width:0px;background-color:rgb(255, 255, 255);box-sizing:border-box;color:rgb(33, 37, 41);font-family:pfb;font-size:16px;font-style:normal;font-variant-caps:normal;font-variant-ligatures:normal;font-weight:400;letter-spacing:normal;margin-bottom:1rem;margin-top:0px;orphans:2;outline:none;text-align:left;text-decoration-color:initial;text-decoration-style:initial;text-decoration-thickness:initial;text-indent:0px;text-transform:none;white-space:normal;widows:2;word-spacing:0px;\">The seller must provide complete information including name, address, tax code / business code, phone number, email when registering to sell on the e-commerce floor of Voso.vn and take full responsibility. information provided to Voso.vn.</p><p style=\"-webkit-text-stroke-width:0px;background-color:rgb(255, 255, 255);box-sizing:border-box;color:rgb(33, 37, 41);font-family:pfb;font-size:16px;font-style:normal;font-variant-caps:normal;font-variant-ligatures:normal;font-weight:400;letter-spacing:normal;margin-bottom:1rem;margin-top:0px;orphans:2;outline:none;text-align:left;text-decoration-color:initial;text-decoration-style:initial;text-decoration-thickness:initial;text-indent:0px;text-transform:none;white-space:normal;widows:2;word-spacing:0px;\">Voso.vn relies on the information provided by the seller to assess capacity.</p><p style=\"-webkit-text-stroke-width:0px;background-color:rgb(255, 255, 255);box-sizing:border-box;color:rgb(33, 37, 41);font-family:pfb;font-size:16px;font-style:normal;font-variant-caps:normal;font-variant-ligatures:normal;font-weight:400;letter-spacing:normal;margin-bottom:1rem;margin-top:0px;orphans:2;outline:none;text-align:left;text-decoration-color:initial;text-decoration-style:initial;text-decoration-thickness:initial;text-indent:0px;text-transform:none;white-space:normal;widows:2;word-spacing:0px;\">The seller must ensure that all products provided on Voso.vn are not on the list of goods banned from trading and circulation in accordance with the law and are genuine, 100% new, in their original packaging, not yet. After using, the product meets the quality described on Voso.vn and takes full responsibility for its business.</p><p style=\"-webkit-text-stroke-width:0px;background-color:rgb(255, 255, 255);box-sizing:border-box;color:rgb(33, 37, 41);font-family:pfb;font-size:16px;font-style:normal;font-variant-caps:normal;font-variant-ligatures:normal;font-weight:400;letter-spacing:normal;margin-bottom:1rem;margin-top:0px;orphans:2;outline:none;text-align:left;text-decoration-color:initial;text-decoration-style:initial;text-decoration-thickness:initial;text-indent:0px;text-transform:none;white-space:normal;widows:2;word-spacing:0px;\">Members on Voso.vn should not provide payment information to anyone by email or other form of communication, Voso.vn is not responsible for any damages or risks that Members may incur in the exchange, provide such billing information.</p><p style=\"-webkit-text-stroke-width:0px;background-color:rgb(255, 255, 255);box-sizing:border-box;color:rgb(33, 37, 41);font-family:pfb;font-size:16px;font-style:normal;font-variant-caps:normal;font-variant-ligatures:normal;font-weight:400;letter-spacing:normal;margin-bottom:1rem;margin-top:0px;orphans:2;outline:none;text-align:left;text-decoration-color:initial;text-decoration-style:initial;text-decoration-thickness:initial;text-indent:0px;text-transform:none;white-space:normal;widows:2;word-spacing:0px;\">Buyers and sellers absolutely do not use any programs, tools or any other form to interfere with the system or change data structure.</p><p style=\"-webkit-text-stroke-width:0px;background-color:rgb(255, 255, 255);box-sizing:border-box;color:rgb(33, 37, 41);font-family:pfb;font-size:16px;font-style:normal;font-variant-caps:normal;font-variant-ligatures:normal;font-weight:400;letter-spacing:normal;margin-bottom:1rem;margin-top:0px;orphans:2;outline:none;text-align:left;text-decoration-color:initial;text-decoration-style:initial;text-decoration-thickness:initial;text-indent:0px;text-transform:none;white-space:normal;widows:2;word-spacing:0px;\">It is strictly forbidden to distribute, propagate or cheer for any activity aimed at interfering with, destroying or entering the website system. All violations will be handled according to the provisions of law. All transaction information is kept confidential, except when it is required to provide it when requested by the competent state agency.</p><p style=\"-webkit-text-stroke-width:0px;background-color:rgb(255, 255, 255);box-sizing:border-box;color:rgb(33, 37, 41);font-family:pfb;font-size:16px;font-style:normal;font-variant-caps:normal;font-variant-ligatures:normal;font-weight:400;letter-spacing:normal;margin-bottom:1rem;margin-top:0px;orphans:2;outline:none;text-align:left;text-decoration-color:initial;text-decoration-style:initial;text-decoration-thickness:initial;text-indent:0px;text-transform:none;white-space:normal;widows:2;word-spacing:0px;\">BECAUSE. PROTECTING CONSUMERS RIGHTS</p><p style=\"-webkit-text-stroke-width:0px;background-color:rgb(255, 255, 255);box-sizing:border-box;color:rgb(33, 37, 41);font-family:pfb;font-size:16px;font-style:normal;font-variant-caps:normal;font-variant-ligatures:normal;font-weight:400;letter-spacing:normal;margin-bottom:1rem;margin-top:0px;orphans:2;outline:none;text-align:left;text-decoration-color:initial;text-decoration-style:initial;text-decoration-thickness:initial;text-indent:0px;text-transform:none;white-space:normal;widows:2;word-spacing:0px;\">The Management Board of Voso.vn e-commerce floor requires individuals when registering as a member, to provide all relevant personal information such as: Full name, contact address, email  and is responsible for the accuracy and truthfulness of this information.</p><p style=\"-webkit-text-stroke-width:0px;background-color:rgb(255, 255, 255);box-sizing:border-box;color:rgb(33, 37, 41);font-family:pfb;font-size:16px;font-style:normal;font-variant-caps:normal;font-variant-ligatures:normal;font-weight:400;letter-spacing:normal;margin-bottom:1rem;margin-top:0px;orphans:2;outline:none;text-align:left;text-decoration-color:initial;text-decoration-style:initial;text-decoration-thickness:initial;text-indent:0px;text-transform:none;white-space:normal;widows:2;word-spacing:0px;\">The Board of Directors of Voso.vn is not responsible for nor resolves all complaints related to the interests of that customer if the personal information provided by the customer during initial registration is incorrect.</p><p style=\"-webkit-text-stroke-width:0px;background-color:rgb(255, 255, 255);box-sizing:border-box;color:rgb(33, 37, 41);font-family:pfb;font-size:16px;font-style:normal;font-variant-caps:normal;font-variant-ligatures:normal;font-weight:400;letter-spacing:normal;margin-bottom:1rem;margin-top:0px;orphans:2;outline:none;text-align:left;text-decoration-color:initial;text-decoration-style:initial;text-decoration-thickness:initial;text-indent:0px;text-transform:none;white-space:normal;widows:2;word-spacing:0px;\">Voso.vn e-commerce floor always supports buyers in contacting sellers to resolve complaints and claims in order to ensure the legal rights of consumers. In all cases when the customer realizes that their legal rights and interests have been infringed (such as the quality of goods, incorrect technical information ), the customer performs the Supporting Process. Complaints are stated in this Regulation.</p><p style=\"-webkit-text-stroke-width:0px;background-color:rgb(255, 255, 255);box-sizing:border-box;color:rgb(33, 37, 41);font-family:pfb;font-size:16px;font-style:normal;font-variant-caps:normal;font-variant-ligatures:normal;font-weight:400;letter-spacing:normal;margin-bottom:1rem;margin-top:0px;orphans:2;outline:none;text-align:left;text-decoration-color:initial;text-decoration-style:initial;text-decoration-thickness:initial;text-indent:0px;text-transform:none;white-space:normal;widows:2;word-spacing:0px;\">In case of transactions arising from complaints and disputes, it is determined that the fault belongs to the seller, Voso.vn will take measures to warn, close the account or transfer it to a competent State agency for handling depending on the level. degree of error.</p><p style=\"-webkit-text-stroke-width:0px;background-color:rgb(255, 255, 255);box-sizing:border-box;color:rgb(33, 37, 41);font-family:pfb;font-size:16px;font-style:normal;font-variant-caps:normal;font-variant-ligatures:normal;font-weight:400;letter-spacing:normal;margin-bottom:1rem;margin-top:0px;orphans:2;outline:none;text-align:left;text-decoration-color:initial;text-decoration-style:initial;text-decoration-thickness:initial;text-indent:0px;text-transform:none;white-space:normal;widows:2;word-spacing:0px;\">Voso.vn will terminate and remove all articles about the sellers products on Voso.vn and at the same time request the seller to compensate the customer satisfactorily on the basis of the agreement with the customer. Voso.vn e-commerce floor always respects and tries to protect the interests of consumers.</p><p style=\"-webkit-text-stroke-width:0px;background-color:rgb(255, 255, 255);box-sizing:border-box;color:rgb(33, 37, 41);font-family:pfb;font-size:16px;font-style:normal;font-variant-caps:normal;font-variant-ligatures:normal;font-weight:400;letter-spacing:normal;margin-bottom:1rem;margin-top:0px;orphans:2;outline:none;text-align:left;text-decoration-color:initial;text-decoration-style:initial;text-decoration-thickness:initial;text-indent:0px;text-transform:none;white-space:normal;widows:2;word-spacing:0px;\">VII. CONSUMER PROTECTION POLICY</p><p style=\"-webkit-text-stroke-width:0px;background-color:rgb(255, 255, 255);box-sizing:border-box;color:rgb(33, 37, 41);font-family:pfb;font-size:16px;font-style:normal;font-variant-caps:normal;font-variant-ligatures:normal;font-weight:400;letter-spacing:normal;margin-bottom:1rem;margin-top:0px;orphans:2;outline:none;text-align:left;text-decoration-color:initial;text-decoration-style:initial;text-decoration-thickness:initial;text-indent:0px;text-transform:none;white-space:normal;widows:2;word-spacing:0px;\">7.1. Purpose of personal information collection: Voso.vn uses information collected from or provided by a Member for some or all of the following purposes:</p><p style=\"-webkit-text-stroke-width:0px;background-color:rgb(255, 255, 255);box-sizing:border-box;color:rgb(33, 37, 41);font-family:pfb;font-size:16px;font-style:normal;font-variant-caps:normal;font-variant-ligatures:normal;font-weight:400;letter-spacing:normal;margin-bottom:1rem;margin-top:0px;orphans:2;outline:none;text-align:left;text-decoration-color:initial;text-decoration-style:initial;text-decoration-thickness:initial;text-indent:0px;text-transform:none;white-space:normal;widows:2;word-spacing:0px;\"> Facilitate the use of the Services by Members;</p><p style=\"-webkit-text-stroke-width:0px;background-color:rgb(255, 255, 255);box-sizing:border-box;color:rgb(33, 37, 41);font-family:pfb;font-size:16px;font-style:normal;font-variant-caps:normal;font-variant-ligatures:normal;font-weight:400;letter-spacing:normal;margin-bottom:1rem;margin-top:0px;orphans:2;outline:none;text-align:left;text-decoration-color:initial;text-decoration-style:initial;text-decoration-thickness:initial;text-indent:0px;text-transform:none;white-space:normal;widows:2;word-spacing:0px;\"> Handling orders that customers ordered through Voso.vn;</p><p style=\"-webkit-text-stroke-width:0px;background-color:rgb(255, 255, 255);box-sizing:border-box;color:rgb(33, 37, 41);font-family:pfb;font-size:16px;font-style:normal;font-variant-caps:normal;font-variant-ligatures:normal;font-weight:400;letter-spacing:normal;margin-bottom:1rem;margin-top:0px;orphans:2;outline:none;text-align:left;text-decoration-color:initial;text-decoration-style:initial;text-decoration-thickness:initial;text-indent:0px;text-transform:none;white-space:normal;widows:2;word-spacing:0px;\"> To deliver goods that customers have purchased through Voso.vn;</p><p style=\"-webkit-text-stroke-width:0px;background-color:rgb(255, 255, 255);box-sizing:border-box;color:rgb(33, 37, 41);font-family:pfb;font-size:16px;font-style:normal;font-variant-caps:normal;font-variant-ligatures:normal;font-weight:400;letter-spacing:normal;margin-bottom:1rem;margin-top:0px;orphans:2;outline:none;text-align:left;text-decoration-color:initial;text-decoration-style:initial;text-decoration-thickness:initial;text-indent:0px;text-transform:none;white-space:normal;widows:2;word-spacing:0px;\"> Updates to customers on delivery times, and for customer support purposes;</p><p style=\"-webkit-text-stroke-width:0px;background-color:rgb(255, 255, 255);box-sizing:border-box;color:rgb(33, 37, 41);font-family:pfb;font-size:16px;font-style:normal;font-variant-caps:normal;font-variant-ligatures:normal;font-weight:400;letter-spacing:normal;margin-bottom:1rem;margin-top:0px;orphans:2;outline:none;text-align:left;text-decoration-color:initial;text-decoration-style:initial;text-decoration-thickness:initial;text-indent:0px;text-transform:none;white-space:normal;widows:2;word-spacing:0px;\"> Compare information and verify with third parties to make sure it is correct;</p><p style=\"-webkit-text-stroke-width:0px;background-color:rgb(255, 255, 255);box-sizing:border-box;color:rgb(33, 37, 41);font-family:pfb;font-size:16px;font-style:normal;font-variant-caps:normal;font-variant-ligatures:normal;font-weight:400;letter-spacing:normal;margin-bottom:1rem;margin-top:0px;orphans:2;outline:none;text-align:left;text-decoration-color:initial;text-decoration-style:initial;text-decoration-thickness:initial;text-indent:0px;text-transform:none;white-space:normal;widows:2;word-spacing:0px;\"> In addition, Voso.vn will use the information provided by Member to manage the Members account (if any) created with us to verify and perform financial transactions related to the accounts. online payment of Members; check downloading data from Voso.vn; improve the layout and / or content of Voso.vns sales pages and customize for users; identify visitors on Voso.vn; conducting research on user demographics and behavior; provide you with information that we think might be useful or requested by you from us, including information about the products and services of a third party seller or service, provided that rationale that a customer does not object to our communication with these purposes;</p><p style=\"-webkit-text-stroke-width:0px;background-color:rgb(255, 255, 255);box-sizing:border-box;color:rgb(33, 37, 41);font-family:pfb;font-size:16px;font-style:normal;font-variant-caps:normal;font-variant-ligatures:normal;font-weight:400;letter-spacing:normal;margin-bottom:1rem;margin-top:0px;orphans:2;outline:none;text-align:left;text-decoration-color:initial;text-decoration-style:initial;text-decoration-thickness:initial;text-indent:0px;text-transform:none;white-space:normal;widows:2;word-spacing:0px;\"> To send customers marketing materials and / or advertising about sales partners products and services or to send newsletters from Voso.vn and from affiliates;</p><p style=\"-webkit-text-stroke-width:0px;background-color:rgb(255, 255, 255);box-sizing:border-box;color:rgb(33, 37, 41);font-family:pfb;font-size:16px;font-style:normal;font-variant-caps:normal;font-variant-ligatures:normal;font-weight:400;letter-spacing:normal;margin-bottom:1rem;margin-top:0px;orphans:2;outline:none;text-align:left;text-decoration-color:initial;text-decoration-style:initial;text-decoration-thickness:initial;text-indent:0px;text-transform:none;white-space:normal;widows:2;word-spacing:0px;\"> In exceptional cases, Voso.vn may be required to disclose personal information, such as when there are grounds to believe that disclosure is necessary to prevent a threat to life or health, either for law enforcement purposes or for meeting other legal and regulatory requirements.</p><p style=\"-webkit-text-stroke-width:0px;background-color:rgb(255, 255, 255);box-sizing:border-box;color:rgb(33, 37, 41);font-family:pfb;font-size:16px;font-style:normal;font-variant-caps:normal;font-variant-ligatures:normal;font-weight:400;letter-spacing:normal;margin-bottom:1rem;margin-top:0px;orphans:2;outline:none;text-align:left;text-decoration-color:initial;text-decoration-style:initial;text-decoration-thickness:initial;text-indent:0px;text-transform:none;white-space:normal;widows:2;word-spacing:0px;\">7.2. Scope of information usage: Voso.vn e-commerce floor uses information provided by users to:</p><p style=\"-webkit-text-stroke-width:0px;background-color:rgb(255, 255, 255);box-sizing:border-box;color:rgb(33, 37, 41);font-family:pfb;font-size:16px;font-style:normal;font-variant-caps:normal;font-variant-ligatures:normal;font-weight:400;letter-spacing:normal;margin-bottom:1rem;margin-top:0px;orphans:2;outline:none;text-align:left;text-decoration-color:initial;text-decoration-style:initial;text-decoration-thickness:initial;text-indent:0px;text-transform:none;white-space:normal;widows:2;word-spacing:0px;\"> Provide services to users.</p><p style=\"-webkit-text-stroke-width:0px;background-color:rgb(255, 255, 255);box-sizing:border-box;color:rgb(33, 37, 41);font-family:pfb;font-size:16px;font-style:normal;font-variant-caps:normal;font-variant-ligatures:normal;font-weight:400;letter-spacing:normal;margin-bottom:1rem;margin-top:0px;orphans:2;outline:none;text-align:left;text-decoration-color:initial;text-decoration-style:initial;text-decoration-thickness:initial;text-indent:0px;text-transform:none;white-space:normal;widows:2;word-spacing:0px;\"> Send notifications about information exchange activities between users and Voso.vn.</p><p style=\"-webkit-text-stroke-width:0px;background-color:rgb(255, 255, 255);box-sizing:border-box;color:rgb(33, 37, 41);font-family:pfb;font-size:16px;font-style:normal;font-variant-caps:normal;font-variant-ligatures:normal;font-weight:400;letter-spacing:normal;margin-bottom:1rem;margin-top:0px;orphans:2;outline:none;text-align:left;text-decoration-color:initial;text-decoration-style:initial;text-decoration-thickness:initial;text-indent:0px;text-transform:none;white-space:normal;widows:2;word-spacing:0px;\"> Prevent activities of destroying, appropriating the users user account or other activities that impersonate the user.</p><p style=\"-webkit-text-stroke-width:0px;background-color:rgb(255, 255, 255);box-sizing:border-box;color:rgb(33, 37, 41);font-family:pfb;font-size:16px;font-style:normal;font-variant-caps:normal;font-variant-ligatures:normal;font-weight:400;letter-spacing:normal;margin-bottom:1rem;margin-top:0px;orphans:2;outline:none;text-align:left;text-decoration-color:initial;text-decoration-style:initial;text-decoration-thickness:initial;text-indent:0px;text-transform:none;white-space:normal;widows:2;word-spacing:0px;\">7.3. Save data:</p><p style=\"-webkit-text-stroke-width:0px;background-color:rgb(255, 255, 255);box-sizing:border-box;color:rgb(33, 37, 41);font-family:pfb;font-size:16px;font-style:normal;font-variant-caps:normal;font-variant-ligatures:normal;font-weight:400;letter-spacing:normal;margin-bottom:1rem;margin-top:0px;orphans:2;outline:none;text-align:left;text-decoration-color:initial;text-decoration-style:initial;text-decoration-thickness:initial;text-indent:0px;text-transform:none;white-space:normal;widows:2;word-spacing:0px;\">7.3.1. Time to store information:</p><p style=\"-webkit-text-stroke-width:0px;background-color:rgb(255, 255, 255);box-sizing:border-box;color:rgb(33, 37, 41);font-family:pfb;font-size:16px;font-style:normal;font-variant-caps:normal;font-variant-ligatures:normal;font-weight:400;letter-spacing:normal;margin-bottom:1rem;margin-top:0px;orphans:2;outline:none;text-align:left;text-decoration-color:initial;text-decoration-style:initial;text-decoration-thickness:initial;text-indent:0px;text-transform:none;white-space:normal;widows:2;word-spacing:0px;\">In all cases, the members personal information will be safely and securely stored by Voso.vn on the floor of the floor. We will only retain information until required by law or appropriate for the purpose of collecting information.</p><p style=\"-webkit-text-stroke-width:0px;background-color:rgb(255, 255, 255);box-sizing:border-box;color:rgb(33, 37, 41);font-family:pfb;font-size:16px;font-style:normal;font-variant-caps:normal;font-variant-ligatures:normal;font-weight:400;letter-spacing:normal;margin-bottom:1rem;margin-top:0px;orphans:2;outline:none;text-align:left;text-decoration-color:initial;text-decoration-style:initial;text-decoration-thickness:initial;text-indent:0px;text-transform:none;white-space:normal;widows:2;word-spacing:0px;\">In addition, we will also store the information until the Member requests to cancel or the Member self-login and perform the cancellation.</p><p style=\"-webkit-text-stroke-width:0px;background-color:rgb(255, 255, 255);box-sizing:border-box;color:rgb(33, 37, 41);font-family:pfb;font-size:16px;font-style:normal;font-variant-caps:normal;font-variant-ligatures:normal;font-weight:400;letter-spacing:normal;margin-bottom:1rem;margin-top:0px;orphans:2;outline:none;text-align:left;text-decoration-color:initial;text-decoration-style:initial;text-decoration-thickness:initial;text-indent:0px;text-transform:none;white-space:normal;widows:2;word-spacing:0px;\">7.3.2. Persons or entities that may have access to personal information: Members agree that, where necessary, the following agencies / organizations / individuals have the right to access and collect the information. Their personalities, including:</p><p style=\"-webkit-text-stroke-width:0px;background-color:rgb(255, 255, 255);box-sizing:border-box;color:rgb(33, 37, 41);font-family:pfb;font-size:16px;font-style:normal;font-variant-caps:normal;font-variant-ligatures:normal;font-weight:400;letter-spacing:normal;margin-bottom:1rem;margin-top:0px;orphans:2;outline:none;text-align:left;text-decoration-color:initial;text-decoration-style:initial;text-decoration-thickness:initial;text-indent:0px;text-transform:none;white-space:normal;widows:2;word-spacing:0px;\"> Voso.vns Board of Directors.</p><p style=\"-webkit-text-stroke-width:0px;background-color:rgb(255, 255, 255);box-sizing:border-box;color:rgb(33, 37, 41);font-family:pfb;font-size:16px;font-style:normal;font-variant-caps:normal;font-variant-ligatures:normal;font-weight:400;letter-spacing:normal;margin-bottom:1rem;margin-top:0px;orphans:2;outline:none;text-align:left;text-decoration-color:initial;text-decoration-style:initial;text-decoration-thickness:initial;text-indent:0px;text-transform:none;white-space:normal;widows:2;word-spacing:0px;\"> Third parties have services integrated with Voso.vn.</p><p style=\"-webkit-text-stroke-width:0px;background-color:rgb(255, 255, 255);box-sizing:border-box;color:rgb(33, 37, 41);font-family:pfb;font-size:16px;font-style:normal;font-variant-caps:normal;font-variant-ligatures:normal;font-weight:400;letter-spacing:normal;margin-bottom:1rem;margin-top:0px;orphans:2;outline:none;text-align:left;text-decoration-color:initial;text-decoration-style:initial;text-decoration-thickness:initial;text-indent:0px;text-transform:none;white-space:normal;widows:2;word-spacing:0px;\"> Event company and sponsor.</p><p style=\"-webkit-text-stroke-width:0px;background-color:rgb(255, 255, 255);box-sizing:border-box;color:rgb(33, 37, 41);font-family:pfb;font-size:16px;font-style:normal;font-variant-caps:normal;font-variant-ligatures:normal;font-weight:400;letter-spacing:normal;margin-bottom:1rem;margin-top:0px;orphans:2;outline:none;text-align:left;text-decoration-color:initial;text-decoration-style:initial;text-decoration-thickness:initial;text-indent:0px;text-transform:none;white-space:normal;widows:2;word-spacing:0px;\"> A competent state agency, upon request, according to the operation regulations.</p><p style=\"-webkit-text-stroke-width:0px;background-color:rgb(255, 255, 255);box-sizing:border-box;color:rgb(33, 37, 41);font-family:pfb;font-size:16px;font-style:normal;font-variant-caps:normal;font-variant-ligatures:normal;font-weight:400;letter-spacing:normal;margin-bottom:1rem;margin-top:0px;orphans:2;outline:none;text-align:left;text-decoration-color:initial;text-decoration-style:initial;text-decoration-thickness:initial;text-indent:0px;text-transform:none;white-space:normal;widows:2;word-spacing:0px;\"> Market research company.</p><p style=\"-webkit-text-stroke-width:0px;background-color:rgb(255, 255, 255);box-sizing:border-box;color:rgb(33, 37, 41);font-family:pfb;font-size:16px;font-style:normal;font-variant-caps:normal;font-variant-ligatures:normal;font-weight:400;letter-spacing:normal;margin-bottom:1rem;margin-top:0px;orphans:2;outline:none;text-align:left;text-decoration-color:initial;text-decoration-style:initial;text-decoration-thickness:initial;text-indent:0px;text-transform:none;white-space:normal;widows:2;word-spacing:0px;\"> Financial advisor, legal and auditing company.</p><p style=\"-webkit-text-stroke-width:0px;background-color:rgb(255, 255, 255);box-sizing:border-box;color:rgb(33, 37, 41);font-family:pfb;font-size:16px;font-style:normal;font-variant-caps:normal;font-variant-ligatures:normal;font-weight:400;letter-spacing:normal;margin-bottom:1rem;margin-top:0px;orphans:2;outline:none;text-align:left;text-decoration-color:initial;text-decoration-style:initial;text-decoration-thickness:initial;text-indent:0px;text-transform:none;white-space:normal;widows:2;word-spacing:0px;\"> Complainant can prove the members violation.</p><p style=\"-webkit-text-stroke-width:0px;background-color:rgb(255, 255, 255);box-sizing:border-box;color:rgb(33, 37, 41);font-family:pfb;font-size:16px;font-style:normal;font-variant-caps:normal;font-variant-ligatures:normal;font-weight:400;letter-spacing:normal;margin-bottom:1rem;margin-top:0px;orphans:2;outline:none;text-align:left;text-decoration-color:initial;text-decoration-style:initial;text-decoration-thickness:initial;text-indent:0px;text-transform:none;white-space:normal;widows:2;word-spacing:0px;\"> At the request of a competent state agency.</p><p style=\"-webkit-text-stroke-width:0px;background-color:rgb(255, 255, 255);box-sizing:border-box;color:rgb(33, 37, 41);font-family:pfb;font-size:16px;font-style:normal;font-variant-caps:normal;font-variant-ligatures:normal;font-weight:400;letter-spacing:normal;margin-bottom:1rem;margin-top:0px;orphans:2;outline:none;text-align:left;text-decoration-color:initial;text-decoration-style:initial;text-decoration-thickness:initial;text-indent:0px;text-transform:none;white-space:normal;widows:2;word-spacing:0px;\">7.3.3. Address of the unit collecting and managing personal information:</p><p style=\"-webkit-text-stroke-width:0px;background-color:rgb(255, 255, 255);box-sizing:border-box;color:rgb(33, 37, 41);font-family:pfb;font-size:16px;font-style:normal;font-variant-caps:normal;font-variant-ligatures:normal;font-weight:400;letter-spacing:normal;margin-bottom:1rem;margin-top:0px;orphans:2;outline:none;text-align:left;text-decoration-color:initial;text-decoration-style:initial;text-decoration-thickness:initial;text-indent:0px;text-transform:none;white-space:normal;widows:2;word-spacing:0px;\">Viettel Post Joint Stock Corporation</p><p style=\"-webkit-text-stroke-width:0px;background-color:rgb(255, 255, 255);box-sizing:border-box;color:rgb(33, 37, 41);font-family:pfb;font-size:16px;font-style:normal;font-variant-caps:normal;font-variant-ligatures:normal;font-weight:400;letter-spacing:normal;margin-bottom:1rem;margin-top:0px;orphans:2;outline:none;text-align:left;text-decoration-color:initial;text-decoration-style:initial;text-decoration-thickness:initial;text-indent:0px;text-transform:none;white-space:normal;widows:2;word-spacing:0px;\">Address: Building N1, Thang Long Avenue, Me Tri, Tu Liem, Hanoi</p><p style=\"-webkit-text-stroke-width:0px;background-color:rgb(255, 255, 255);box-sizing:border-box;color:rgb(33, 37, 41);font-family:pfb;font-size:16px;font-style:normal;font-variant-caps:normal;font-variant-ligatures:normal;font-weight:400;letter-spacing:normal;margin-bottom:1rem;margin-top:0px;orphans:2;outline:none;text-align:left;text-decoration-color:initial;text-decoration-style:initial;text-decoration-thickness:initial;text-indent:0px;text-transform:none;white-space:normal;widows:2;word-spacing:0px;\">E-mail: cskh@Voso.vn Hotline: 1900-989 -888 ext. 3 7.3.4.</p><p style=\"-webkit-text-stroke-width:0px;background-color:rgb(255, 255, 255);box-sizing:border-box;color:rgb(33, 37, 41);font-family:pfb;font-size:16px;font-style:normal;font-variant-caps:normal;font-variant-ligatures:normal;font-weight:400;letter-spacing:normal;margin-bottom:1rem;margin-top:0px;orphans:2;outline:none;text-align:left;text-decoration-color:initial;text-decoration-style:initial;text-decoration-thickness:initial;text-indent:0px;text-transform:none;white-space:normal;widows:2;word-spacing:0px;\">Means and tools for users to access and correct their personal data: Users have the right to check, update, correct or delete their personal information by themselves by logging into the Website: http : //Voso.vn and correct personal information or request the administrator to do this.</p><p style=\"-webkit-text-stroke-width:0px;background-color:rgb(255, 255, 255);box-sizing:border-box;color:rgb(33, 37, 41);font-family:pfb;font-size:16px;font-style:normal;font-variant-caps:normal;font-variant-ligatures:normal;font-weight:400;letter-spacing:normal;margin-bottom:1rem;margin-top:0px;orphans:2;outline:none;text-align:left;text-decoration-color:initial;text-decoration-style:initial;text-decoration-thickness:initial;text-indent:0px;text-transform:none;white-space:normal;widows:2;word-spacing:0px;\">Users have the right to submit complaints about the disclosure of their personal information to third parties to the Administrators. Upon receiving these responses, Voso.vn will reconfirm the information, must be responsible for answering the reason and guide users to restore and secure the information.</p><p style=\"-webkit-text-stroke-width:0px;background-color:rgb(255, 255, 255);box-sizing:border-box;color:rgb(33, 37, 41);font-family:pfb;font-size:16px;font-style:normal;font-variant-caps:normal;font-variant-ligatures:normal;font-weight:400;letter-spacing:normal;margin-bottom:1rem;margin-top:0px;orphans:2;outline:none;text-align:left;text-decoration-color:initial;text-decoration-style:initial;text-decoration-thickness:initial;text-indent:0px;text-transform:none;white-space:normal;widows:2;word-spacing:0px;\">VIII. MANAGE INFORMATION ON THE FLOOR</p><p style=\"-webkit-text-stroke-width:0px;background-color:rgb(255, 255, 255);box-sizing:border-box;color:rgb(33, 37, 41);font-family:pfb;font-size:16px;font-style:normal;font-variant-caps:normal;font-variant-ligatures:normal;font-weight:400;letter-spacing:normal;margin-bottom:1rem;margin-top:0px;orphans:2;outline:none;text-align:left;text-decoration-color:initial;text-decoration-style:initial;text-decoration-thickness:initial;text-indent:0px;text-transform:none;white-space:normal;widows:2;word-spacing:0px;\">8.1. For Members:</p><p style=\"-webkit-text-stroke-width:0px;background-color:rgb(255, 255, 255);box-sizing:border-box;color:rgb(33, 37, 41);font-family:pfb;font-size:16px;font-style:normal;font-variant-caps:normal;font-variant-ligatures:normal;font-weight:400;letter-spacing:normal;margin-bottom:1rem;margin-top:0px;orphans:2;outline:none;text-align:left;text-decoration-color:initial;text-decoration-style:initial;text-decoration-thickness:initial;text-indent:0px;text-transform:none;white-space:normal;widows:2;word-spacing:0px;\">Members will be solely responsible for the security and keep all activities using the service under their registered name and password.</p><p style=\"-webkit-text-stroke-width:0px;background-color:rgb(255, 255, 255);box-sizing:border-box;color:rgb(33, 37, 41);font-family:pfb;font-size:16px;font-style:normal;font-variant-caps:normal;font-variant-ligatures:normal;font-weight:400;letter-spacing:normal;margin-bottom:1rem;margin-top:0px;orphans:2;outline:none;text-align:left;text-decoration-color:initial;text-decoration-style:initial;text-decoration-thickness:initial;text-indent:0px;text-transform:none;white-space:normal;widows:2;word-spacing:0px;\">Members are responsible for promptly informing the E-commerce Floor of Voso.vn about acts of unauthorized use, abuse, security breaches, keeping the third partys registered name and password to take measures to resolve. fit.</p><p style=\"-webkit-text-stroke-width:0px;background-color:rgb(255, 255, 255);box-sizing:border-box;color:rgb(33, 37, 41);font-family:pfb;font-size:16px;font-style:normal;font-variant-caps:normal;font-variant-ligatures:normal;font-weight:400;letter-spacing:normal;margin-bottom:1rem;margin-top:0px;orphans:2;outline:none;text-align:left;text-decoration-color:initial;text-decoration-style:initial;text-decoration-thickness:initial;text-indent:0px;text-transform:none;white-space:normal;widows:2;word-spacing:0px;\">Members do not use the services of Voso.vn E-commerce Floor for illegal, unreasonable, fraudulent, intimidating, illegal information exploration, sabotage, creating and spreading harmful virus. harming the system, configuration, information transmission of Voso.vn e-commerce floor or using its services for the purpose of speculating, manipulating the market to create fake orders, offers, even serving for judgment of market demand. In case of violation, members must take responsibility for their actions before the law.</p><p style=\"-webkit-text-stroke-width:0px;background-color:rgb(255, 255, 255);box-sizing:border-box;color:rgb(33, 37, 41);font-family:pfb;font-size:16px;font-style:normal;font-variant-caps:normal;font-variant-ligatures:normal;font-weight:400;letter-spacing:normal;margin-bottom:1rem;margin-top:0px;orphans:2;outline:none;text-align:left;text-decoration-color:initial;text-decoration-style:initial;text-decoration-thickness:initial;text-indent:0px;text-transform:none;white-space:normal;widows:2;word-spacing:0px;\">Member is not allowed to change, modify, assign, copy, transmit, distribute, provide and create similar tools of the services provided by Voso.vn E-commerce Floor to a third party if not. consent of Voso.vn e-commerce floor.</p><p style=\"-webkit-text-stroke-width:0px;background-color:rgb(255, 255, 255);box-sizing:border-box;color:rgb(33, 37, 41);font-family:pfb;font-size:16px;font-style:normal;font-variant-caps:normal;font-variant-ligatures:normal;font-weight:400;letter-spacing:normal;margin-bottom:1rem;margin-top:0px;orphans:2;outline:none;text-align:left;text-decoration-color:initial;text-decoration-style:initial;text-decoration-thickness:initial;text-indent:0px;text-transform:none;white-space:normal;widows:2;word-spacing:0px;\">Members are not allowed to act to discredit the Voso.vn E-commerce Floor in any form</p><p style=\"-webkit-text-stroke-width:0px;background-color:rgb(255, 255, 255);box-sizing:border-box;color:rgb(33, 37, 41);font-family:pfb;font-size:16px;font-style:normal;font-variant-caps:normal;font-variant-ligatures:normal;font-weight:400;letter-spacing:normal;margin-bottom:1rem;margin-top:0px;orphans:2;outline:none;text-align:left;text-decoration-color:initial;text-decoration-style:initial;text-decoration-thickness:initial;text-indent:0px;text-transform:none;white-space:normal;widows:2;word-spacing:0px;\">damaged, causing disunity among members by using the second registered name, through a third party or propagating and disseminating information that is not conducive to the reputation of Voso.vn e-commerce floor.</p><p style=\"-webkit-text-stroke-width:0px;background-color:rgb(255, 255, 255);box-sizing:border-box;color:rgb(33, 37, 41);font-family:pfb;font-size:16px;font-style:normal;font-variant-caps:normal;font-variant-ligatures:normal;font-weight:400;letter-spacing:normal;margin-bottom:1rem;margin-top:0px;orphans:2;outline:none;text-align:left;text-decoration-color:initial;text-decoration-style:initial;text-decoration-thickness:initial;text-indent:0px;text-transform:none;white-space:normal;widows:2;word-spacing:0px;\">8.2. Manage Transactional Products on Voso.vn</p><p style=\"-webkit-text-stroke-width:0px;background-color:rgb(255, 255, 255);box-sizing:border-box;color:rgb(33, 37, 41);font-family:pfb;font-size:16px;font-style:normal;font-variant-caps:normal;font-variant-ligatures:normal;font-weight:400;letter-spacing:normal;margin-bottom:1rem;margin-top:0px;orphans:2;outline:none;text-align:left;text-decoration-color:initial;text-decoration-style:initial;text-decoration-thickness:initial;text-indent:0px;text-transform:none;white-space:normal;widows:2;word-spacing:0px;\">Voso.vn member commits to fully and properly comply with the current Vietnamese laws on transactions on Voso.vn. In it, note some of the following products</p><p style=\"-webkit-text-stroke-width:0px;background-color:rgb(255, 255, 255);box-sizing:border-box;color:rgb(33, 37, 41);font-family:pfb;font-size:16px;font-style:normal;font-variant-caps:normal;font-variant-ligatures:normal;font-weight:400;letter-spacing:normal;margin-bottom:1rem;margin-top:0px;orphans:2;outline:none;text-align:left;text-decoration-color:initial;text-decoration-style:initial;text-decoration-thickness:initial;text-indent:0px;text-transform:none;white-space:normal;widows:2;word-spacing:0px;\">8.2.1. List of products with transaction restrictions at Voso.vn</p><p style=\"-webkit-text-stroke-width:0px;background-color:rgb(255, 255, 255);box-sizing:border-box;color:rgb(33, 37, 41);font-family:pfb;font-size:16px;font-style:normal;font-variant-caps:normal;font-variant-ligatures:normal;font-weight:400;letter-spacing:normal;margin-bottom:1rem;margin-top:0px;orphans:2;outline:none;text-align:left;text-decoration-color:initial;text-decoration-style:initial;text-decoration-thickness:initial;text-indent:0px;text-transform:none;white-space:normal;widows:2;word-spacing:0px;\">Hunting rifles and shotgun bullets, sports weapons, support tools; Cigarettes, cigars and other finished tobacco products;</p><p style=\"-webkit-text-stroke-width:0px;background-color:rgb(255, 255, 255);box-sizing:border-box;color:rgb(33, 37, 41);font-family:pfb;font-size:16px;font-style:normal;font-variant-caps:normal;font-variant-ligatures:normal;font-weight:400;letter-spacing:normal;margin-bottom:1rem;margin-top:0px;orphans:2;outline:none;text-align:left;text-decoration-color:initial;text-decoration-style:initial;text-decoration-thickness:initial;text-indent:0px;text-transform:none;white-space:normal;widows:2;word-spacing:0px;\">Alcohol of all kinds;</p><p style=\"-webkit-text-stroke-width:0px;background-color:rgb(255, 255, 255);box-sizing:border-box;color:rgb(33, 37, 41);font-family:pfb;font-size:16px;font-style:normal;font-variant-caps:normal;font-variant-ligatures:normal;font-weight:400;letter-spacing:normal;margin-bottom:1rem;margin-top:0px;orphans:2;outline:none;text-align:left;text-decoration-color:initial;text-decoration-style:initial;text-decoration-thickness:initial;text-indent:0px;text-transform:none;white-space:normal;widows:2;word-spacing:0px;\">Rare and precious wild plants and animals, including living things and processed parts thereof;</p><p style=\"-webkit-text-stroke-width:0px;background-color:rgb(255, 255, 255);box-sizing:border-box;color:rgb(33, 37, 41);font-family:pfb;font-size:16px;font-style:normal;font-variant-caps:normal;font-variant-ligatures:normal;font-weight:400;letter-spacing:normal;margin-bottom:1rem;margin-top:0px;orphans:2;outline:none;text-align:left;text-decoration-color:initial;text-decoration-style:initial;text-decoration-thickness:initial;text-indent:0px;text-transform:none;white-space:normal;widows:2;word-spacing:0px;\">Other goods subject to business restriction as prescribed by law.</p><p style=\"-webkit-text-stroke-width:0px;background-color:rgb(255, 255, 255);box-sizing:border-box;color:rgb(33, 37, 41);font-family:pfb;font-size:16px;font-style:normal;font-variant-caps:normal;font-variant-ligatures:normal;font-weight:400;letter-spacing:normal;margin-bottom:1rem;margin-top:0px;orphans:2;outline:none;text-align:left;text-decoration-color:initial;text-decoration-style:initial;text-decoration-thickness:initial;text-indent:0px;text-transform:none;white-space:normal;widows:2;word-spacing:0px;\">And other cases in accordance with the law.</p><p style=\"-webkit-text-stroke-width:0px;background-color:rgb(255, 255, 255);box-sizing:border-box;color:rgb(33, 37, 41);font-family:pfb;font-size:16px;font-style:normal;font-variant-caps:normal;font-variant-ligatures:normal;font-weight:400;letter-spacing:normal;margin-bottom:1rem;margin-top:0px;orphans:2;outline:none;text-align:left;text-decoration-color:initial;text-decoration-style:initial;text-decoration-thickness:initial;text-indent:0px;text-transform:none;white-space:normal;widows:2;word-spacing:0px;\">8.2.2. Conditional trading products in accordance with current laws: If the Seller sells goods or services on the list of goods or services in which business is conditional as prescribed by law, it must be provided. certificate of business eligibility for such goods or services.</p><p style=\"-webkit-text-stroke-width:0px;background-color:rgb(255, 255, 255);box-sizing:border-box;color:rgb(33, 37, 41);font-family:pfb;font-size:16px;font-style:normal;font-variant-caps:normal;font-variant-ligatures:normal;font-weight:400;letter-spacing:normal;margin-bottom:1rem;margin-top:0px;orphans:2;outline:none;text-align:left;text-decoration-color:initial;text-decoration-style:initial;text-decoration-thickness:initial;text-indent:0px;text-transform:none;white-space:normal;widows:2;word-spacing:0px;\">8.3. Manage Introductory Information, advertise Transactional Products on Voso.vn</p><p style=\"-webkit-text-stroke-width:0px;background-color:rgb(255, 255, 255);box-sizing:border-box;color:rgb(33, 37, 41);font-family:pfb;font-size:16px;font-style:normal;font-variant-caps:normal;font-variant-ligatures:normal;font-weight:400;letter-spacing:normal;margin-bottom:1rem;margin-top:0px;orphans:2;outline:none;text-align:left;text-decoration-color:initial;text-decoration-style:initial;text-decoration-thickness:initial;text-indent:0px;text-transform:none;white-space:normal;widows:2;word-spacing:0px;\">Prohibited acts in posting information to introduce and advertise products and services on Voso.vn (i) Advertising lacks aesthetics, contrary to historical traditions, culture, ethics, and fine customs Vietnam. Advertisements offend the reputation, honor and dignity of organizations and individuals.</p><p style=\"-webkit-text-stroke-width:0px;background-color:rgb(255, 255, 255);box-sizing:border-box;color:rgb(33, 37, 41);font-family:pfb;font-size:16px;font-style:normal;font-variant-caps:normal;font-variant-ligatures:normal;font-weight:400;letter-spacing:normal;margin-bottom:1rem;margin-top:0px;orphans:2;outline:none;text-align:left;text-decoration-color:initial;text-decoration-style:initial;text-decoration-thickness:initial;text-indent:0px;text-transform:none;white-space:normal;widows:2;word-spacing:0px;\">Advertisements that use an individuals images, words or words without his / her consent, unless otherwise permitted by law.</p><p style=\"-webkit-text-stroke-width:0px;background-color:rgb(255, 255, 255);box-sizing:border-box;color:rgb(33, 37, 41);font-family:pfb;font-size:16px;font-style:normal;font-variant-caps:normal;font-variant-ligatures:normal;font-weight:400;letter-spacing:normal;margin-bottom:1rem;margin-top:0px;orphans:2;outline:none;text-align:left;text-decoration-color:initial;text-decoration-style:initial;text-decoration-thickness:initial;text-indent:0px;text-transform:none;white-space:normal;widows:2;word-spacing:0px;\">Improper or misleading advertisements about the ability to do business or provide products, goods or services by organizations or individuals trading in products, goods or services; quantity, quality, price, utility, design, packaging, brand, origin, type, service method, warranty period of registered or registered products, goods or services to be announced. Advertise by using the method of direct comparison of the price, quality and use efficiency of their products, goods or services with the price, quality, and efficiency of their products or goods. services of the same type of other organizations or individuals.</p><p style=\"-webkit-text-stroke-width:0px;background-color:rgb(255, 255, 255);box-sizing:border-box;color:rgb(33, 37, 41);font-family:pfb;font-size:16px;font-style:normal;font-variant-caps:normal;font-variant-ligatures:normal;font-weight:400;letter-spacing:normal;margin-bottom:1rem;margin-top:0px;orphans:2;outline:none;text-align:left;text-decoration-color:initial;text-decoration-style:initial;text-decoration-thickness:initial;text-indent:0px;text-transform:none;white-space:normal;widows:2;word-spacing:0px;\">Advertising with unfair competition content in accordance with the competition law.</p><p style=\"-webkit-text-stroke-width:0px;background-color:rgb(255, 255, 255);box-sizing:border-box;color:rgb(33, 37, 41);font-family:pfb;font-size:16px;font-style:normal;font-variant-caps:normal;font-variant-ligatures:normal;font-weight:400;letter-spacing:normal;margin-bottom:1rem;margin-top:0px;orphans:2;outline:none;text-align:left;text-decoration-color:initial;text-decoration-style:initial;text-decoration-thickness:initial;text-indent:0px;text-transform:none;white-space:normal;widows:2;word-spacing:0px;\">Advertising violates the law on intellectual property. Other acts in violation of the law on advertising. And in case the law provisions change, such changes will apply.</p><p style=\"-webkit-text-stroke-width:0px;background-color:rgb(255, 255, 255);box-sizing:border-box;color:rgb(33, 37, 41);font-family:pfb;font-size:16px;font-style:normal;font-variant-caps:normal;font-variant-ligatures:normal;font-weight:400;letter-spacing:normal;margin-bottom:1rem;margin-top:0px;orphans:2;outline:none;text-align:left;text-decoration-color:initial;text-decoration-style:initial;text-decoration-thickness:initial;text-indent:0px;text-transform:none;white-space:normal;widows:2;word-spacing:0px;\">8.4. The mechanism of checking and controlling product information of the Management Board of Voso.vn for products / services posted on the website:</p><p style=\"-webkit-text-stroke-width:0px;background-color:rgb(255, 255, 255);box-sizing:border-box;color:rgb(33, 37, 41);font-family:pfb;font-size:16px;font-style:normal;font-variant-caps:normal;font-variant-ligatures:normal;font-weight:400;letter-spacing:normal;margin-bottom:1rem;margin-top:0px;orphans:2;outline:none;text-align:left;text-decoration-color:initial;text-decoration-style:initial;text-decoration-thickness:initial;text-indent:0px;text-transform:none;white-space:normal;widows:2;word-spacing:0px;\">The Seller sends information about the legal entity that wants to open a store on Voso.vn. After being granted an authenticated account, the Vendors can sell their products. Voso.vn will have the sole discretion to remove the Sellers products if the products sold violate the laws, operating regulations, policies and regulations of the floor and apply penalties and claims. listed in the floors policies, regulations and legal regulations. Products that are not suitable for the specified category will be deleted or Voso.vn will switch to another category for it to be reasonable. Voso.vn reserves the right to decide on the storage or removal of products posted on this website without prior notice.</p><p style=\"-webkit-text-stroke-width:0px;background-color:rgb(255, 255, 255);box-sizing:border-box;color:rgb(33, 37, 41);font-family:pfb;font-size:16px;font-style:normal;font-variant-caps:normal;font-variant-ligatures:normal;font-weight:400;letter-spacing:normal;margin-bottom:1rem;margin-top:0px;orphans:2;outline:none;text-align:left;text-decoration-color:initial;text-decoration-style:initial;text-decoration-thickness:initial;text-indent:0px;text-transform:none;white-space:normal;widows:2;word-spacing:0px;\">IX. LIABILITY IN CASE OF TECHNICAL ERRORS</p><p style=\"-webkit-text-stroke-width:0px;background-color:rgb(255, 255, 255);box-sizing:border-box;color:rgb(33, 37, 41);font-family:pfb;font-size:16px;font-style:normal;font-variant-caps:normal;font-variant-ligatures:normal;font-weight:400;letter-spacing:normal;margin-bottom:1rem;margin-top:0px;orphans:2;outline:none;text-align:left;text-decoration-color:initial;text-decoration-style:initial;text-decoration-thickness:initial;text-indent:0px;text-transform:none;white-space:normal;widows:2;word-spacing:0px;\">When making transactions on Voso.vn, members must follow the instructions. The Board of Directors of Voso.vn e-commerce floor is committed to providing the best quality of service to members participating in transactions, striving to ensure the safety and stability of the entire technical system.</p><p style=\"-webkit-text-stroke-width:0px;background-color:rgb(255, 255, 255);box-sizing:border-box;color:rgb(33, 37, 41);font-family:pfb;font-size:16px;font-style:normal;font-variant-caps:normal;font-variant-ligatures:normal;font-weight:400;letter-spacing:normal;margin-bottom:1rem;margin-top:0px;orphans:2;outline:none;text-align:left;text-decoration-color:initial;text-decoration-style:initial;text-decoration-thickness:initial;text-indent:0px;text-transform:none;white-space:normal;widows:2;word-spacing:0px;\">However, in the event of technical problems beyond the control of Voso.vn, Voso.vn will immediately take measures to ensure the interests of buyers.</p><p style=\"-webkit-text-stroke-width:0px;background-color:rgb(255, 255, 255);box-sizing:border-box;color:rgb(33, 37, 41);font-family:pfb;font-size:16px;font-style:normal;font-variant-caps:normal;font-variant-ligatures:normal;font-weight:400;letter-spacing:normal;margin-bottom:1rem;margin-top:0px;orphans:2;outline:none;text-align:left;text-decoration-color:initial;text-decoration-style:initial;text-decoration-thickness:initial;text-indent:0px;text-transform:none;white-space:normal;widows:2;word-spacing:0px;\">In case of technical errors, software errors or other objective errors that make members unable to participate in the transaction, members shall notify the Management Board of Voso.vn E-commerce Floor via email address @ Voso .vn, Voso.vn will fix the error in the shortest time, creating conditions for members to participate in Voso.vn E-commerce floor. Voso.vn e-commerce floor will not be responsible for handling in case members notices fail to reach the Management Board, arising from technical errors, transmission errors, software or other errors not caused by the Management Board. cause.</p><p style=\"-webkit-text-stroke-width:0px;background-color:rgb(255, 255, 255);box-sizing:border-box;color:rgb(33, 37, 41);font-family:pfb;font-size:16px;font-style:normal;font-variant-caps:normal;font-variant-ligatures:normal;font-weight:400;letter-spacing:normal;margin-bottom:1rem;margin-top:0px;orphans:2;outline:none;text-align:left;text-decoration-color:initial;text-decoration-style:initial;text-decoration-thickness:initial;text-indent:0px;text-transform:none;white-space:normal;widows:2;word-spacing:0px;\">X. RIGHTS AND OBLIGATIONS OF VOSO.VN E-COMMERCE BOARDS MANAGEMENT BOARD</p><p style=\"-webkit-text-stroke-width:0px;background-color:rgb(255, 255, 255);box-sizing:border-box;color:rgb(33, 37, 41);font-family:pfb;font-size:16px;font-style:normal;font-variant-caps:normal;font-variant-ligatures:normal;font-weight:400;letter-spacing:normal;margin-bottom:1rem;margin-top:0px;orphans:2;outline:none;text-align:left;text-decoration-color:initial;text-decoration-style:initial;text-decoration-thickness:initial;text-indent:0px;text-transform:none;white-space:normal;widows:2;word-spacing:0px;\">10.1. Permission</p><p style=\"-webkit-text-stroke-width:0px;background-color:rgb(255, 255, 255);box-sizing:border-box;color:rgb(33, 37, 41);font-family:pfb;font-size:16px;font-style:normal;font-variant-caps:normal;font-variant-ligatures:normal;font-weight:400;letter-spacing:normal;margin-bottom:1rem;margin-top:0px;orphans:2;outline:none;text-align:left;text-decoration-color:initial;text-decoration-style:initial;text-decoration-thickness:initial;text-indent:0px;text-transform:none;white-space:normal;widows:2;word-spacing:0px;\"> Request traders, organizations and individuals that are sellers on the e-commerce floor of Voso.vn to provide information as prescribed by law when registering to use the service;</p><p style=\"-webkit-text-stroke-width:0px;background-color:rgb(255, 255, 255);box-sizing:border-box;color:rgb(33, 37, 41);font-family:pfb;font-size:16px;font-style:normal;font-variant-caps:normal;font-variant-ligatures:normal;font-weight:400;letter-spacing:normal;margin-bottom:1rem;margin-top:0px;orphans:2;outline:none;text-align:left;text-decoration-color:initial;text-decoration-style:initial;text-decoration-thickness:initial;text-indent:0px;text-transform:none;white-space:normal;widows:2;word-spacing:0px;\"> Requesting the seller of goods or services on the list of goods and services to be conditional on their website to provide a Certificate of business eligibility for such goods or services (in the school is required by law to have a Business Qualified Certificate)</p><p style=\"-webkit-text-stroke-width:0px;background-color:rgb(255, 255, 255);box-sizing:border-box;color:rgb(33, 37, 41);font-family:pfb;font-size:16px;font-style:normal;font-variant-caps:normal;font-variant-ligatures:normal;font-weight:400;letter-spacing:normal;margin-bottom:1rem;margin-top:0px;orphans:2;outline:none;text-align:left;text-decoration-color:initial;text-decoration-style:initial;text-decoration-thickness:initial;text-indent:0px;text-transform:none;white-space:normal;widows:2;word-spacing:0px;\"> Proceeding to provide services to members after completing the conditions and procedures</p><p style=\"-webkit-text-stroke-width:0px;background-color:rgb(255, 255, 255);box-sizing:border-box;color:rgb(33, 37, 41);font-family:pfb;font-size:16px;font-style:normal;font-variant-caps:normal;font-variant-ligatures:normal;font-weight:400;letter-spacing:normal;margin-bottom:1rem;margin-top:0px;orphans:2;outline:none;text-align:left;text-decoration-color:initial;text-decoration-style:initial;text-decoration-thickness:initial;text-indent:0px;text-transform:none;white-space:normal;widows:2;word-spacing:0px;\">that e-commerce floor Voso.vn raised;</p><p style=\"-webkit-text-stroke-width:0px;background-color:rgb(255, 255, 255);box-sizing:border-box;color:rgb(33, 37, 41);font-family:pfb;font-size:16px;font-style:normal;font-variant-caps:normal;font-variant-ligatures:normal;font-weight:400;letter-spacing:normal;margin-bottom:1rem;margin-top:0px;orphans:2;outline:none;text-align:left;text-decoration-color:initial;text-decoration-style:initial;text-decoration-thickness:initial;text-indent:0px;text-transform:none;white-space:normal;widows:2;word-spacing:0px;\"> Have the right to check information of organizations and individuals posted on the e-commerce floor of Voso.vn, especially information on price and product quality;</p><p style=\"-webkit-text-stroke-width:0px;background-color:rgb(255, 255, 255);box-sizing:border-box;color:rgb(33, 37, 41);font-family:pfb;font-size:16px;font-style:normal;font-variant-caps:normal;font-variant-ligatures:normal;font-weight:400;letter-spacing:normal;margin-bottom:1rem;margin-top:0px;orphans:2;outline:none;text-align:left;text-decoration-color:initial;text-decoration-style:initial;text-decoration-thickness:initial;text-indent:0px;text-transform:none;white-space:normal;widows:2;word-spacing:0px;\"> Refuse, suspend or terminate members right to use services in case there is a basis to prove that members information to Voso.vn is inaccurate, incomplete, or in violation of the law Vietnamese ethics and fine customs;</p><p style=\"-webkit-text-stroke-width:0px;background-color:rgb(255, 255, 255);box-sizing:border-box;color:rgb(33, 37, 41);font-family:pfb;font-size:16px;font-style:normal;font-variant-caps:normal;font-variant-ligatures:normal;font-weight:400;letter-spacing:normal;margin-bottom:1rem;margin-top:0px;orphans:2;outline:none;text-align:left;text-decoration-color:initial;text-decoration-style:initial;text-decoration-thickness:initial;text-indent:0px;text-transform:none;white-space:normal;widows:2;word-spacing:0px;\"> Termination of membership rights and the right to use one or all of the members services in case a member violates the Regulations of Voso.vn E-commerce Floor or has acts affecting business activities on the Exchange. E-commerce Voso.vn;</p><p style=\"-webkit-text-stroke-width:0px;background-color:rgb(255, 255, 255);box-sizing:border-box;color:rgb(33, 37, 41);font-family:pfb;font-size:16px;font-style:normal;font-variant-caps:normal;font-variant-ligatures:normal;font-weight:400;letter-spacing:normal;margin-bottom:1rem;margin-top:0px;orphans:2;outline:none;text-align:left;text-decoration-color:initial;text-decoration-style:initial;text-decoration-thickness:initial;text-indent:0px;text-transform:none;white-space:normal;widows:2;word-spacing:0px;\"> Consider terminating the right to use the service and members membership rights if a member does not participate in trading and information exchange on Voso.vn for three (03) consecutive months. To continue to become a member and be re-granted the right to use the service, you must re-register from the beginning according to the form and procedures of Voso.vn E-commerce floor;</p><p style=\"-webkit-text-stroke-width:0px;background-color:rgb(255, 255, 255);box-sizing:border-box;color:rgb(33, 37, 41);font-family:pfb;font-size:16px;font-style:normal;font-variant-caps:normal;font-variant-ligatures:normal;font-weight:400;letter-spacing:normal;margin-bottom:1rem;margin-top:0px;orphans:2;outline:none;text-align:left;text-decoration-color:initial;text-decoration-style:initial;text-decoration-thickness:initial;text-indent:0px;text-transform:none;white-space:normal;widows:2;word-spacing:0px;\"> The right to use the service and membership rights of a member can be immediately terminated if the Voso.vn e-commerce floor detects that the member has gone bankrupt, is sentenced or is currently serving a sentence, in case the member continues. activities can cause the Voso.vn e-commerce floor to be legally responsible, have fraudulent activities, fake, cause market disturbances, cause disunity to other members of Voso.vn e-commerce floor. Act violating the current laws of Vietnam. In case of termination of membership rights and the right to use the service, all certificates and rights of the granted member will be automatically invalidated and terminated;</p><p style=\"-webkit-text-stroke-width:0px;background-color:rgb(255, 255, 255);box-sizing:border-box;color:rgb(33, 37, 41);font-family:pfb;font-size:16px;font-style:normal;font-variant-caps:normal;font-variant-ligatures:normal;font-weight:400;letter-spacing:normal;margin-bottom:1rem;margin-top:0px;orphans:2;outline:none;text-align:left;text-decoration-color:initial;text-decoration-style:initial;text-decoration-thickness:initial;text-indent:0px;text-transform:none;white-space:normal;widows:2;word-spacing:0px;\"> Voso.vn e-commerce floor holds the copyright to use services and content on the Voso.vn e-commerce floor in accordance with the law on intellectual property protection in Vietnam. Voso.vn e-commerce trading floor and all symbols, logos, and contents in different languages belong to the ownership of Voso.vn E-commerce floor. All acts of copying, using and illegally disseminating the above rights are strictly forbidden;</p><p style=\"-webkit-text-stroke-width:0px;background-color:rgb(255, 255, 255);box-sizing:border-box;color:rgb(33, 37, 41);font-family:pfb;font-size:16px;font-style:normal;font-variant-caps:normal;font-variant-ligatures:normal;font-weight:400;letter-spacing:normal;margin-bottom:1rem;margin-top:0px;orphans:2;outline:none;text-align:left;text-decoration-color:initial;text-decoration-style:initial;text-decoration-thickness:initial;text-indent:0px;text-transform:none;white-space:normal;widows:2;word-spacing:0px;\"> Retain the right to change the service table, tariff and payment method during the service provision period to members according to the needs and capacity conditions of Voso.vn e-commerce floor;</p><p style=\"-webkit-text-stroke-width:0px;background-color:rgb(255, 255, 255);box-sizing:border-box;color:rgb(33, 37, 41);font-family:pfb;font-size:16px;font-style:normal;font-variant-caps:normal;font-variant-ligatures:normal;font-weight:400;letter-spacing:normal;margin-bottom:1rem;margin-top:0px;orphans:2;outline:none;text-align:left;text-decoration-color:initial;text-decoration-style:initial;text-decoration-thickness:initial;text-indent:0px;text-transform:none;white-space:normal;widows:2;word-spacing:0px;\"> Eliminate information on the sale of goods or services on the list of goods or services banned from trading and goods restricted from trading in accordance with law;</p><p style=\"-webkit-text-stroke-width:0px;background-color:rgb(255, 255, 255);box-sizing:border-box;color:rgb(33, 37, 41);font-family:pfb;font-size:16px;font-style:normal;font-variant-caps:normal;font-variant-ligatures:normal;font-weight:400;letter-spacing:normal;margin-bottom:1rem;margin-top:0px;orphans:2;outline:none;text-align:left;text-decoration-color:initial;text-decoration-style:initial;text-decoration-thickness:initial;text-indent:0px;text-transform:none;white-space:normal;widows:2;word-spacing:0px;\">10.2. Duty</p><p style=\"-webkit-text-stroke-width:0px;background-color:rgb(255, 255, 255);box-sizing:border-box;color:rgb(33, 37, 41);font-family:pfb;font-size:16px;font-style:normal;font-variant-caps:normal;font-variant-ligatures:normal;font-weight:400;letter-spacing:normal;margin-bottom:1rem;margin-top:0px;orphans:2;outline:none;text-align:left;text-decoration-color:initial;text-decoration-style:initial;text-decoration-thickness:initial;text-indent:0px;text-transform:none;white-space:normal;widows:2;word-spacing:0px;\"> Register to set up the website in accordance with the law and publish the registered information on the website;</p><p style=\"-webkit-text-stroke-width:0px;background-color:rgb(255, 255, 255);box-sizing:border-box;color:rgb(33, 37, 41);font-family:pfb;font-size:16px;font-style:normal;font-variant-caps:normal;font-variant-ligatures:normal;font-weight:400;letter-spacing:normal;margin-bottom:1rem;margin-top:0px;orphans:2;outline:none;text-align:left;text-decoration-color:initial;text-decoration-style:initial;text-decoration-thickness:initial;text-indent:0px;text-transform:none;white-space:normal;widows:2;word-spacing:0px;\"> Develop and publicly announce on e-commerce website the regulations on operation of the e-commerce floor Voso.vn;</p><p style=\"-webkit-text-stroke-width:0px;background-color:rgb(255, 255, 255);box-sizing:border-box;color:rgb(33, 37, 41);font-family:pfb;font-size:16px;font-style:normal;font-variant-caps:normal;font-variant-ligatures:normal;font-weight:400;letter-spacing:normal;margin-bottom:1rem;margin-top:0px;orphans:2;outline:none;text-align:left;text-decoration-color:initial;text-decoration-style:initial;text-decoration-thickness:initial;text-indent:0px;text-transform:none;white-space:normal;widows:2;word-spacing:0px;\"> Verify and verify registration information to sell goods or provide services on the e-commerce floor of Voso.vn;</p><p style=\"-webkit-text-stroke-width:0px;background-color:rgb(255, 255, 255);box-sizing:border-box;color:rgb(33, 37, 41);font-family:pfb;font-size:16px;font-style:normal;font-variant-caps:normal;font-variant-ligatures:normal;font-weight:400;letter-spacing:normal;margin-bottom:1rem;margin-top:0px;orphans:2;outline:none;text-align:left;text-decoration-color:initial;text-decoration-style:initial;text-decoration-thickness:initial;text-indent:0px;text-transform:none;white-space:normal;widows:2;word-spacing:0px;\"> Apply necessary measures to ensure the security of information related to business secrets of members. Not to disclose, transfer, lease or sell information related to business secrets or personal information of consumers without the consent of related parties, unless otherwise provided by law. other designation</p><p style=\"-webkit-text-stroke-width:0px;background-color:rgb(255, 255, 255);box-sizing:border-box;color:rgb(33, 37, 41);font-family:pfb;font-size:16px;font-style:normal;font-variant-caps:normal;font-variant-ligatures:normal;font-weight:400;letter-spacing:normal;margin-bottom:1rem;margin-top:0px;orphans:2;outline:none;text-align:left;text-decoration-color:initial;text-decoration-style:initial;text-decoration-thickness:initial;text-indent:0px;text-transform:none;white-space:normal;widows:2;word-spacing:0px;\"> There is a mechanism to inspect, supervise, and reflect the business acts in violation of the law and the mechanism for dispute resolution arising during transactions on the e-commerce floor.</p><p style=\"-webkit-text-stroke-width:0px;background-color:rgb(255, 255, 255);box-sizing:border-box;color:rgb(33, 37, 41);font-family:pfb;font-size:16px;font-style:normal;font-variant-caps:normal;font-variant-ligatures:normal;font-weight:400;letter-spacing:normal;margin-bottom:1rem;margin-top:0px;orphans:2;outline:none;text-align:left;text-decoration-color:initial;text-decoration-style:initial;text-decoration-thickness:initial;text-indent:0px;text-transform:none;white-space:normal;widows:2;word-spacing:0px;\">XI. RIGHTS AND OBLIGATIONS OF RESTAURANTS</p><p style=\"-webkit-text-stroke-width:0px;background-color:rgb(255, 255, 255);box-sizing:border-box;color:rgb(33, 37, 41);font-family:pfb;font-size:16px;font-style:normal;font-variant-caps:normal;font-variant-ligatures:normal;font-weight:400;letter-spacing:normal;margin-bottom:1rem;margin-top:0px;orphans:2;outline:none;text-align:left;text-decoration-color:initial;text-decoration-style:initial;text-decoration-thickness:initial;text-indent:0px;text-transform:none;white-space:normal;widows:2;word-spacing:0px;\">11.1. Permission</p><p style=\"-webkit-text-stroke-width:0px;background-color:rgb(255, 255, 255);box-sizing:border-box;color:rgb(33, 37, 41);font-family:pfb;font-size:16px;font-style:normal;font-variant-caps:normal;font-variant-ligatures:normal;font-weight:400;letter-spacing:normal;margin-bottom:1rem;margin-top:0px;orphans:2;outline:none;text-align:left;text-decoration-color:initial;text-decoration-style:initial;text-decoration-thickness:initial;text-indent:0px;text-transform:none;white-space:normal;widows:2;word-spacing:0px;\"> After signing the contract, the seller will be created an account to disclose seller information, post product sales and manage product information as well as orders.</p><p style=\"-webkit-text-stroke-width:0px;background-color:rgb(255, 255, 255);box-sizing:border-box;color:rgb(33, 37, 41);font-family:pfb;font-size:16px;font-style:normal;font-variant-caps:normal;font-variant-ligatures:normal;font-weight:400;letter-spacing:normal;margin-bottom:1rem;margin-top:0px;orphans:2;outline:none;text-align:left;text-decoration-color:initial;text-decoration-style:initial;text-decoration-thickness:initial;text-indent:0px;text-transform:none;white-space:normal;widows:2;word-spacing:0px;\"> Sales are supported in training the necessary skills to manage accounts and orders on Voso.vn e-commerce floor. The vendor can contact the customer service department by email or total assistance number for assistance.</p><p style=\"-webkit-text-stroke-width:0px;background-color:rgb(255, 255, 255);box-sizing:border-box;color:rgb(33, 37, 41);font-family:pfb;font-size:16px;font-style:normal;font-variant-caps:normal;font-variant-ligatures:normal;font-weight:400;letter-spacing:normal;margin-bottom:1rem;margin-top:0px;orphans:2;outline:none;text-align:left;text-decoration-color:initial;text-decoration-style:initial;text-decoration-thickness:initial;text-indent:0px;text-transform:none;white-space:normal;widows:2;word-spacing:0px;\"> Vendors are allowed to sell products that carry out promotions and enjoy preferential policies set by the management of Voso.vn during its operation according to the signed agreement / contract.</p><p style=\"-webkit-text-stroke-width:0px;background-color:rgb(255, 255, 255);box-sizing:border-box;color:rgb(33, 37, 41);font-family:pfb;font-size:16px;font-style:normal;font-variant-caps:normal;font-variant-ligatures:normal;font-weight:400;letter-spacing:normal;margin-bottom:1rem;margin-top:0px;orphans:2;outline:none;text-align:left;text-decoration-color:initial;text-decoration-style:initial;text-decoration-thickness:initial;text-indent:0px;text-transform:none;white-space:normal;widows:2;word-spacing:0px;\">11.2. Duty</p><p style=\"-webkit-text-stroke-width:0px;background-color:rgb(255, 255, 255);box-sizing:border-box;color:rgb(33, 37, 41);font-family:pfb;font-size:16px;font-style:normal;font-variant-caps:normal;font-variant-ligatures:normal;font-weight:400;letter-spacing:normal;margin-bottom:1rem;margin-top:0px;orphans:2;outline:none;text-align:left;text-decoration-color:initial;text-decoration-style:initial;text-decoration-thickness:initial;text-indent:0px;text-transform:none;white-space:normal;widows:2;word-spacing:0px;\"> Merchants must provide complete and accurate legal information when submitting registration to Voso.vn e-commerce floor.</p><p style=\"-webkit-text-stroke-width:0px;background-color:rgb(255, 255, 255);box-sizing:border-box;color:rgb(33, 37, 41);font-family:pfb;font-size:16px;font-style:normal;font-variant-caps:normal;font-variant-ligatures:normal;font-weight:400;letter-spacing:normal;margin-bottom:1rem;margin-top:0px;orphans:2;outline:none;text-align:left;text-decoration-color:initial;text-decoration-style:initial;text-decoration-thickness:initial;text-indent:0px;text-transform:none;white-space:normal;widows:2;word-spacing:0px;\"> The vendor is responsible for providing Voso.vn a copy of the business registration certificate, legal papers for the legal entity and the Sellers product.</p><p style=\"-webkit-text-stroke-width:0px;background-color:rgb(255, 255, 255);box-sizing:border-box;color:rgb(33, 37, 41);font-family:pfb;font-size:16px;font-style:normal;font-variant-caps:normal;font-variant-ligatures:normal;font-weight:400;letter-spacing:normal;margin-bottom:1rem;margin-top:0px;orphans:2;outline:none;text-align:left;text-decoration-color:initial;text-decoration-style:initial;text-decoration-thickness:initial;text-indent:0px;text-transform:none;white-space:normal;widows:2;word-spacing:0px;\"> Vendors must provide product information to the management board of Voso.vn e-commerce floor, commit to only sell genuine, not fake, smuggled goods, of unknown origin.</p><p style=\"-webkit-text-stroke-width:0px;background-color:rgb(255, 255, 255);box-sizing:border-box;color:rgb(33, 37, 41);font-family:pfb;font-size:16px;font-style:normal;font-variant-caps:normal;font-variant-ligatures:normal;font-weight:400;letter-spacing:normal;margin-bottom:1rem;margin-top:0px;orphans:2;outline:none;text-align:left;text-decoration-color:initial;text-decoration-style:initial;text-decoration-thickness:initial;text-indent:0px;text-transform:none;white-space:normal;widows:2;word-spacing:0px;\"> The seller is responsible for listing accurately about the quality, quantity, price, warranty policies, accessories, and other information related to the product.</p><p style=\"-webkit-text-stroke-width:0px;background-color:rgb(255, 255, 255);box-sizing:border-box;color:rgb(33, 37, 41);font-family:pfb;font-size:16px;font-style:normal;font-variant-caps:normal;font-variant-ligatures:normal;font-weight:400;letter-spacing:normal;margin-bottom:1rem;margin-top:0px;orphans:2;outline:none;text-align:left;text-decoration-color:initial;text-decoration-style:initial;text-decoration-thickness:initial;text-indent:0px;text-transform:none;white-space:normal;widows:2;word-spacing:0px;\"> Merchants must coordinate with Voso.vn to resolve disputes between customers and sellers about product and service quality. The Seller is obliged to compensate the customers for damages when the fault is determined by the Seller.</p><p style=\"-webkit-text-stroke-width:0px;background-color:rgb(255, 255, 255);box-sizing:border-box;color:rgb(33, 37, 41);font-family:pfb;font-size:16px;font-style:normal;font-variant-caps:normal;font-variant-ligatures:normal;font-weight:400;letter-spacing:normal;margin-bottom:1rem;margin-top:0px;orphans:2;outline:none;text-align:left;text-decoration-color:initial;text-decoration-style:initial;text-decoration-thickness:initial;text-indent:0px;text-transform:none;white-space:normal;widows:2;word-spacing:0px;\"> The seller is responsible for compensating the buyer if it can be proved that the fault belongs to the seller.</p><p style=\"-webkit-text-stroke-width:0px;background-color:rgb(255, 255, 255);box-sizing:border-box;color:rgb(33, 37, 41);font-family:pfb;font-size:16px;font-style:normal;font-variant-caps:normal;font-variant-ligatures:normal;font-weight:400;letter-spacing:normal;margin-bottom:1rem;margin-top:0px;orphans:2;outline:none;text-align:left;text-decoration-color:initial;text-decoration-style:initial;text-decoration-thickness:initial;text-indent:0px;text-transform:none;white-space:normal;widows:2;word-spacing:0px;\"> Member commits, agrees not to use the services of Voso.vn e-commerce floor for illegal, unreasonable, fraudulent, threatening, illegal information leakage purposes</p><p style=\"-webkit-text-stroke-width:0px;background-color:rgb(255, 255, 255);box-sizing:border-box;color:rgb(33, 37, 41);font-family:pfb;font-size:16px;font-style:normal;font-variant-caps:normal;font-variant-ligatures:normal;font-weight:400;letter-spacing:normal;margin-bottom:1rem;margin-top:0px;orphans:2;outline:none;text-align:left;text-decoration-color:initial;text-decoration-style:initial;text-decoration-thickness:initial;text-indent:0px;text-transform:none;white-space:normal;widows:2;word-spacing:0px;\">Solution, destroy, create and spread viruses that damage the system, configure and transmit information of Voso.vn e-commerce floor or use its services for the purpose of speculating and manipulating the market. counterfeit offers, including for judging market demand. In case of violation, members must take responsibility for their actions before the law.</p><p style=\"-webkit-text-stroke-width:0px;background-color:rgb(255, 255, 255);box-sizing:border-box;color:rgb(33, 37, 41);font-family:pfb;font-size:16px;font-style:normal;font-variant-caps:normal;font-variant-ligatures:normal;font-weight:400;letter-spacing:normal;margin-bottom:1rem;margin-top:0px;orphans:2;outline:none;text-align:left;text-decoration-color:initial;text-decoration-style:initial;text-decoration-thickness:initial;text-indent:0px;text-transform:none;white-space:normal;widows:2;word-spacing:0px;\"> Member undertakes not to change, modify, copy, transmit, distribute, provide and create similar tools of the service provided by Voso.vn E-commerce Floor to a third party if not. consent of Voso.vn e-commerce floor.</p><p style=\"-webkit-text-stroke-width:0px;background-color:rgb(255, 255, 255);box-sizing:border-box;color:rgb(33, 37, 41);font-family:pfb;font-size:16px;font-style:normal;font-variant-caps:normal;font-variant-ligatures:normal;font-weight:400;letter-spacing:normal;margin-bottom:1rem;margin-top:0px;orphans:2;outline:none;text-align:left;text-decoration-color:initial;text-decoration-style:initial;text-decoration-thickness:initial;text-indent:0px;text-transform:none;white-space:normal;widows:2;word-spacing:0px;\"> Members are not allowed to act to discredit Voso.vn E-commerce Floor in any form such as causing disunity among members by using a second registered name, through a third party or propagating, disseminating information that is not beneficial to the reputation of the e-commerce floor of Voso.vn.</p><p style=\"-webkit-text-stroke-width:0px;background-color:rgb(255, 255, 255);box-sizing:border-box;color:rgb(33, 37, 41);font-family:pfb;font-size:16px;font-style:normal;font-variant-caps:normal;font-variant-ligatures:normal;font-weight:400;letter-spacing:normal;margin-bottom:1rem;margin-top:0px;orphans:2;outline:none;text-align:left;text-decoration-color:initial;text-decoration-style:initial;text-decoration-thickness:initial;text-indent:0px;text-transform:none;white-space:normal;widows:2;word-spacing:0px;\"> Comply with regulations of law on payment, advertising, promotion, protection of intellectual property rights, protection of consumers interests and other relevant law provisions when selling goods or providing service application on the e-commerce trading floor.</p><p style=\"-webkit-text-stroke-width:0px;background-color:rgb(255, 255, 255);box-sizing:border-box;color:rgb(33, 37, 41);font-family:pfb;font-size:16px;font-style:normal;font-variant-caps:normal;font-variant-ligatures:normal;font-weight:400;letter-spacing:normal;margin-bottom:1rem;margin-top:0px;orphans:2;outline:none;text-align:left;text-decoration-color:initial;text-decoration-style:initial;text-decoration-thickness:initial;text-indent:0px;text-transform:none;white-space:normal;widows:2;word-spacing:0px;\">XII. RIGHTS AND OBLIGATIONS OF CUSTOMERS</p><p style=\"-webkit-text-stroke-width:0px;background-color:rgb(255, 255, 255);box-sizing:border-box;color:rgb(33, 37, 41);font-family:pfb;font-size:16px;font-style:normal;font-variant-caps:normal;font-variant-ligatures:normal;font-weight:400;letter-spacing:normal;margin-bottom:1rem;margin-top:0px;orphans:2;outline:none;text-align:left;text-decoration-color:initial;text-decoration-style:initial;text-decoration-thickness:initial;text-indent:0px;text-transform:none;white-space:normal;widows:2;word-spacing:0px;\">12.1. Rights When registering to become a member of Voso.vn and with the consent of Voso.vn, customers will be allowed to buy goods for sale at Voso.vn. Customers will be given a separate username and password to be used in order management at Voso.vn.</p><p style=\"-webkit-text-stroke-width:0px;background-color:rgb(255, 255, 255);box-sizing:border-box;color:rgb(33, 37, 41);font-family:pfb;font-size:16px;font-style:normal;font-variant-caps:normal;font-variant-ligatures:normal;font-weight:400;letter-spacing:normal;margin-bottom:1rem;margin-top:0px;orphans:2;outline:none;text-align:left;text-decoration-color:initial;text-decoration-style:initial;text-decoration-thickness:initial;text-indent:0px;text-transform:none;white-space:normal;widows:2;word-spacing:0px;\">Customers will be guided by the staff of Voso.vn E-commerce Floor to use the tools and features for buying and using convenient services on Voso.vn E-commerce Floor.</p><p style=\"-webkit-text-stroke-width:0px;background-color:rgb(255, 255, 255);box-sizing:border-box;color:rgb(33, 37, 41);font-family:pfb;font-size:16px;font-style:normal;font-variant-caps:normal;font-variant-ligatures:normal;font-weight:400;letter-spacing:normal;margin-bottom:1rem;margin-top:0px;orphans:2;outline:none;text-align:left;text-decoration-color:initial;text-decoration-style:initial;text-decoration-thickness:initial;text-indent:0px;text-transform:none;white-space:normal;widows:2;word-spacing:0px;\">Customers have the right to contribute comments to E-commerce floor of Voso.vn during the operation. The proposals are sent directly by mail, fax or email to Voso.vn E-commerce Floor.</p><p style=\"-webkit-text-stroke-width:0px;background-color:rgb(255, 255, 255);box-sizing:border-box;color:rgb(33, 37, 41);font-family:pfb;font-size:16px;font-style:normal;font-variant-caps:normal;font-variant-ligatures:normal;font-weight:400;letter-spacing:normal;margin-bottom:1rem;margin-top:0px;orphans:2;outline:none;text-align:left;text-decoration-color:initial;text-decoration-style:initial;text-decoration-thickness:initial;text-indent:0px;text-transform:none;white-space:normal;widows:2;word-spacing:0px;\">12.2. Duty</p><p style=\"-webkit-text-stroke-width:0px;background-color:rgb(255, 255, 255);box-sizing:border-box;color:rgb(33, 37, 41);font-family:pfb;font-size:16px;font-style:normal;font-variant-caps:normal;font-variant-ligatures:normal;font-weight:400;letter-spacing:normal;margin-bottom:1rem;margin-top:0px;orphans:2;outline:none;text-align:left;text-decoration-color:initial;text-decoration-style:initial;text-decoration-thickness:initial;text-indent:0px;text-transform:none;white-space:normal;widows:2;word-spacing:0px;\">Customers will be solely responsible for the security and storage and all activities using the service under their registered name, password and email box.</p><p style=\"-webkit-text-stroke-width:0px;background-color:rgb(255, 255, 255);box-sizing:border-box;color:rgb(33, 37, 41);font-family:pfb;font-size:16px;font-style:normal;font-variant-caps:normal;font-variant-ligatures:normal;font-weight:400;letter-spacing:normal;margin-bottom:1rem;margin-top:0px;orphans:2;outline:none;text-align:left;text-decoration-color:initial;text-decoration-style:initial;text-decoration-thickness:initial;text-indent:0px;text-transform:none;white-space:normal;widows:2;word-spacing:0px;\">Customers are responsible for promptly informing Voso.vn on the illegal use, abuse, breach of security, keeping their registration name and password for the two parties to cooperate in handling. .</p><p style=\"-webkit-text-stroke-width:0px;background-color:rgb(255, 255, 255);box-sizing:border-box;color:rgb(33, 37, 41);font-family:pfb;font-size:16px;font-style:normal;font-variant-caps:normal;font-variant-ligatures:normal;font-weight:400;letter-spacing:normal;margin-bottom:1rem;margin-top:0px;orphans:2;outline:none;text-align:left;text-decoration-color:initial;text-decoration-style:initial;text-decoration-thickness:initial;text-indent:0px;text-transform:none;white-space:normal;widows:2;word-spacing:0px;\">Customers undertake that the information provided for Voso.vn e-commerce floor is correct.</p><p style=\"-webkit-text-stroke-width:0px;background-color:rgb(255, 255, 255);box-sizing:border-box;color:rgb(33, 37, 41);font-family:pfb;font-size:16px;font-style:normal;font-variant-caps:normal;font-variant-ligatures:normal;font-weight:400;letter-spacing:normal;margin-bottom:1rem;margin-top:0px;orphans:2;outline:none;text-align:left;text-decoration-color:initial;text-decoration-style:initial;text-decoration-thickness:initial;text-indent:0px;text-transform:none;white-space:normal;widows:2;word-spacing:0px;\">Customers are responsible for providing information about transactions and products that support Voso.vn e-commerce floor in resolving disputes between buyers and sellers that occur through the Exchange.</p><p style=\"-webkit-text-stroke-width:0px;background-color:rgb(255, 255, 255);box-sizing:border-box;color:rgb(33, 37, 41);font-family:pfb;font-size:16px;font-style:normal;font-variant-caps:normal;font-variant-ligatures:normal;font-weight:400;letter-spacing:normal;margin-bottom:1rem;margin-top:0px;orphans:2;outline:none;text-align:left;text-decoration-color:initial;text-decoration-style:initial;text-decoration-thickness:initial;text-indent:0px;text-transform:none;white-space:normal;widows:2;word-spacing:0px;\">The Customer undertakes, agrees not to use the services of Voso.vn E-commerce Floor for illegal, unreasonable, fraudulent, threatening, illegal information exploration, sabotage, creation and spread viruses, damaging the system, configuration, and transmission of information of Voso.vn E-commerce Floor or using its services for the purpose of speculating, manipulating the market to create orders, including serving for judging market demand.</p><p style=\"-webkit-text-stroke-width:0px;background-color:rgb(255, 255, 255);box-sizing:border-box;color:rgb(33, 37, 41);font-family:pfb;font-size:16px;font-style:normal;font-variant-caps:normal;font-variant-ligatures:normal;font-weight:400;letter-spacing:normal;margin-bottom:1rem;margin-top:0px;orphans:2;outline:none;text-align:left;text-decoration-color:initial;text-decoration-style:initial;text-decoration-thickness:initial;text-indent:0px;text-transform:none;white-space:normal;widows:2;word-spacing:0px;\">In case of violation, customers are responsible for their actions before the law. The Customer undertakes not to change, modify, copy, transmit, distribute, provide and create similar tools of the service provided by Voso.vn to a third party if it is not possible. Agree of Voso.vn E-commerce Floor in this Regulation.</p><p style=\"-webkit-text-stroke-width:0px;background-color:rgb(255, 255, 255);box-sizing:border-box;color:rgb(33, 37, 41);font-family:pfb;font-size:16px;font-style:normal;font-variant-caps:normal;font-variant-ligatures:normal;font-weight:400;letter-spacing:normal;margin-bottom:1rem;margin-top:0px;orphans:2;outline:none;text-align:left;text-decoration-color:initial;text-decoration-style:initial;text-decoration-thickness:initial;text-indent:0px;text-transform:none;white-space:normal;widows:2;word-spacing:0px;\">Customers are not allowed to act to discredit Voso.vn E-commerce floor in any form such as causing disunity among members by using the second registered name, through a third party or propagating, propagating. turn information that is not conducive to the reputation of the e-commerce floor of Voso.vn.</p><p style=\"-webkit-text-stroke-width:0px;background-color:rgb(255, 255, 255);box-sizing:border-box;color:rgb(33, 37, 41);font-family:pfb;font-size:16px;font-style:normal;font-variant-caps:normal;font-variant-ligatures:normal;font-weight:400;letter-spacing:normal;margin-bottom:1rem;margin-top:0px;orphans:2;outline:none;text-align:left;text-decoration-color:initial;text-decoration-style:initial;text-decoration-thickness:initial;text-indent:0px;text-transform:none;white-space:normal;widows:2;word-spacing:0px;\">XIII. TERMS APPLY</p><p style=\"-webkit-text-stroke-width:0px;background-color:rgb(255, 255, 255);box-sizing:border-box;color:rgb(33, 37, 41);font-family:pfb;font-size:16px;font-style:normal;font-variant-caps:normal;font-variant-ligatures:normal;font-weight:400;letter-spacing:normal;margin-bottom:1rem;margin-top:0px;orphans:2;outline:none;text-align:left;text-decoration-color:initial;text-decoration-style:initial;text-decoration-thickness:initial;text-indent:0px;text-transform:none;white-space:normal;widows:2;word-spacing:0px;\">This Regulation of Voso.vn e-commerce floor officially takes effect from the date of signing. Voso.vn e-commerce floor has the right to change this Regulation at any time. The revised Regulation takes effect from the date of entry into force specified in the revised Regulations.</p><p style=\"-webkit-text-stroke-width:0px;background-color:rgb(255, 255, 255);box-sizing:border-box;color:rgb(33, 37, 41);font-family:pfb;font-size:16px;font-style:normal;font-variant-caps:normal;font-variant-ligatures:normal;font-weight:400;letter-spacing:normal;margin-bottom:1rem;margin-top:0px;orphans:2;outline:none;text-align:left;text-decoration-color:initial;text-decoration-style:initial;text-decoration-thickness:initial;text-indent:0px;text-transform:none;white-space:normal;widows:2;word-spacing:0px;\">The members continued use of the service after the revised Regulation is published and takes effect means that the member has accepted the amended Regulations. Voso.vn reserves the right to amend, supplement to complete this Operation Regulation at any time without prior notice.</p><p style=\"-webkit-text-stroke-width:0px;background-color:rgb(255, 255, 255);box-sizing:border-box;color:rgb(33, 37, 41);font-family:pfb;font-size:16px;font-style:normal;font-variant-caps:normal;font-variant-ligatures:normal;font-weight:400;letter-spacing:normal;margin-bottom:1rem;margin-top:0px;orphans:2;outline:none;text-align:left;text-decoration-color:initial;text-decoration-style:initial;text-decoration-thickness:initial;text-indent:0px;text-transform:none;white-space:normal;widows:2;word-spacing:0px;\">Members participating in Voso.vn are responsible for complying with current regulations when transacting on the e-commerce floor of Voso.vn.</p><p style=\"-webkit-text-stroke-width:0px;background-color:rgb(255, 255, 255);box-sizing:border-box;color:rgb(33, 37, 41);font-family:pfb;font-size:16px;font-style:normal;font-variant-caps:normal;font-variant-ligatures:normal;font-weight:400;letter-spacing:normal;margin-bottom:1rem;margin-top:0px;orphans:2;outline:none;text-align:left;text-decoration-color:initial;text-decoration-style:initial;text-decoration-thickness:initial;text-indent:0px;text-transform:none;white-space:normal;widows:2;word-spacing:0px;\">XIV. COMMITMENT TERMS</p><p style=\"-webkit-text-stroke-width:0px;background-color:rgb(255, 255, 255);box-sizing:border-box;color:rgb(33, 37, 41);font-family:pfb;font-size:16px;font-style:normal;font-variant-caps:normal;font-variant-ligatures:normal;font-weight:400;letter-spacing:normal;margin-bottom:1rem;margin-top:0px;orphans:2;outline:none;text-align:left;text-decoration-color:initial;text-decoration-style:initial;text-decoration-thickness:initial;text-indent:0px;text-transform:none;white-space:normal;widows:2;word-spacing:0px;\">When using Voso.vn online transactions, all related parties have agreed to comply with this regulation.</p><p style=\"-webkit-text-stroke-width:0px;background-color:rgb(255, 255, 255);box-sizing:border-box;color:rgb(33, 37, 41);font-family:pfb;font-size:16px;font-style:normal;font-variant-caps:normal;font-variant-ligatures:normal;font-weight:400;letter-spacing:normal;margin-bottom:1rem;margin-top:0px;orphans:2;outline:none;text-align:left;text-decoration-color:initial;text-decoration-style:initial;text-decoration-thickness:initial;text-indent:0px;text-transform:none;white-space:normal;widows:2;word-spacing:0px;\">For any questions of customers, please contact the official contact address of E-commerce Floor Voso.vn:</p><p style=\"-webkit-text-stroke-width:0px;background-color:rgb(255, 255, 255);box-sizing:border-box;color:rgb(33, 37, 41);font-family:pfb;font-size:16px;font-style:normal;font-variant-caps:normal;font-variant-ligatures:normal;font-weight:400;letter-spacing:normal;margin-bottom:1rem;margin-top:0px;orphans:2;outline:none;text-align:left;text-decoration-color:initial;text-decoration-style:initial;text-decoration-thickness:initial;text-indent:0px;text-transform:none;white-space:normal;widows:2;word-spacing:0px;\">Viettel Post Joint Stock Corporation</p><p style=\"-webkit-text-stroke-width:0px;background-color:rgb(255, 255, 255);box-sizing:border-box;color:rgb(33, 37, 41);font-family:pfb;font-size:16px;font-style:normal;font-variant-caps:normal;font-variant-ligatures:normal;font-weight:400;letter-spacing:normal;margin-bottom:1rem;margin-top:0px;orphans:2;outline:none;text-align:left;text-decoration-color:initial;text-decoration-style:initial;text-decoration-thickness:initial;text-indent:0px;text-transform:none;white-space:normal;widows:2;word-spacing:0px;\">Customer support: Customer care department</p><p style=\"-webkit-text-stroke-width:0px;background-color:rgb(255, 255, 255);box-sizing:border-box;color:rgb(33, 37, 41);font-family:pfb;font-size:16px;font-style:normal;font-variant-caps:normal;font-variant-ligatures:normal;font-weight:400;letter-spacing:normal;margin-bottom:1rem;margin-top:0px;orphans:2;outline:none;text-align:left;text-decoration-color:initial;text-decoration-style:initial;text-decoration-thickness:initial;text-indent:0px;text-transform:none;white-space:normal;widows:2;word-spacing:0px;\">Address: Building N1, Thang Long Avenue, Me Tri, Tu Liem, Hanoi</p><p style=\"-webkit-text-stroke-width:0px;background-color:rgb(255, 255, 255);box-sizing:border-box;color:rgb(33, 37, 41);font-family:pfb;font-size:16px;font-style:normal;font-variant-caps:normal;font-variant-ligatures:normal;font-weight:400;letter-spacing:normal;margin-bottom:1rem;margin-top:0px;orphans:2;outline:none;text-align:left;text-decoration-color:initial;text-decoration-style:initial;text-decoration-thickness:initial;text-indent:0px;text-transform:none;white-space:normal;widows:2;word-spacing:0px;\">E-mail: cskh@Voso.vn</p><p style=\"-webkit-text-stroke-width:0px;background-color:rgb(255, 255, 255);box-sizing:border-box;color:rgb(33, 37, 41);font-family:pfb;font-size:16px;font-style:normal;font-variant-caps:normal;font-variant-ligatures:normal;font-weight:400;letter-spacing:normal;margin-bottom:1rem;margin-top:0px;orphans:2;outline:none;text-align:left;text-decoration-color:initial;text-decoration-style:initial;text-decoration-thickness:initial;text-indent:0px;text-transform:none;white-space:normal;widows:2;word-spacing:0px;\">Hotline: 1900-989 -888 ext. 3</p>'),(58,'CU HI H TR KHCH HNG','internal_news','2023-06-30 08:47:47.117000','2023-08-08 07:03:39.962000','2023-06-30 08:48:33.871000',1,1,'vi-VN',NULL,'Tng hp cu hi v sn phm & dch v','CU HI H TR KHCH HNG',34,0,0,'<p style=\"text-align:justify;\"><strong>I. CU HI THNG GP</strong></p><p style=\"text-align:justify;\"><i><strong>1. Viettel Logistics c nhn vn chuyn hng to, hng cng knh khng?</strong></i></p><p style=\"text-align:justify;\">=&gt; Viettel Logistics nhn vn chuyn mi loi hng ha theo ng quy nh ca Php lut.<br>Cc loi hng ha b cm gi (theo quy nh ca Nh nc) bao gm:<br>- Cc cht ma ty v cht kch thch thn kinh.<br>- V kh n dc, trang thit b k thut qun s, hin vt thuc di tch vn ha lch s.<br>- Cc loi vn ha phm i try, phn ng, n phm ti liu nhm ph hoi trt t cng cng chng li Nh nc Cng ha X hi Ch ngha Vit Nam.<br>- Vt hoc cht d n, d chy v cc cht gy nguy him hoc lm mt v sinh, gy  nhim mi trng.<br>- Cc loi vt phm hng ha m Nh nc cm lu thng, cm kinh doanh, cm xut nhp khu.<br>- Vt phm, n phm, hng ha cm nhp vo nc nhn theo thng bo ca Lin minh Bu chnh Th gii (UPU).<br>- Th trong bu kin ( th gi km trong hng ha).<br>- Vt phm, hng ha trong th, n phm, hc phm dng cho ngi m (N 142/2004/N-CP ngy 08/07/2014).<br>- Bu gi cha nhiu bu gi, gi cho nhiu a ch nhn khc nhau.<br>- Sinh vt sng.<br>- Tin Vit Nam, tin nc ngoi v cc giy t c gi tr nh tin.<br>- Cc loi kim kh qu (vng, bc, bch kim), cc loi  qu hay cc sn phm khc c ch bin t kim kh qu,  qu.<br>Lu : Viettel Logistics khng chu trch nhim v vic h hng, tht lc hng ha hay b Php lut truy cu nu bn c  gi cc hng ha b cm trn.</p><p style=\"text-align:justify;\"><i><strong>2. Ti c th thanh ton n hng bng cc hnh thc no?</strong></i></p><p style=\"text-align:justify;\">=&gt; Bn c th thanh ton n hng theo nhng cch sau:</p><p style=\"text-align:justify;\">- Thanh ton cho nhn vin giao hng<br>- Trc tip ti vn phng ca Viettel Logistics</p><p style=\"text-align:justify;\"><i><strong>3. Hng ha ca ti c c m bo cht lng khi giao?</strong></i></p><p style=\"text-align:justify;\">=&gt; Tt c hng ha u m bo  an ton v cht lng. Viettel Logistics tun th ng cc yu cu v bo qun hng ha trong qu trnh vn chuyn v cam kt giao ng v  hng ha n tn tay khch hng.</p><p style=\"text-align:justify;\"><i><strong>4. Bo him gi tr hng ha l g?</strong></i></p><p style=\"text-align:justify;\">=&gt;100% hng ha ca Viettel Logistics u c m bo gi tr hng ha. y l chnh sch n b cho khch hng trong trng hp hng ha b h hng, tht lc trong qu trnh vn chuyn.</p><p style=\"text-align:justify;\"><i><strong>5. Gi hng ha c cn iu kin, chng t g km theo khng?</strong></i></p><p style=\"text-align:justify;\">=&gt;  m bao giao ng ngi nhn, nhanh chng v an ton, bn cn in v dn phiu gi ln kin hng hoc vit m vn n ln kin hng. Ngoi ra, bn khng cn cung cp chng t i km nu hng ha khng nm trong danh mc hng gi c iu kin c quy nh nh sau:</p><p style=\"text-align:justify;\">- Bu phm, bu kin cha hng ha  kinh doanh phi c chng t thu v cc chng t hp l khc theo quy nh ca php lut.<br>- Vt phm, hng ha xut khu, nhp khu thuc qun l chuyn ngnh phi thc hin theo quy nh ca c quan qun l chuyn ngnh c thm quyn.<br>- Ong, tm, a, cn trng phc v nghin cu khoa hc, vt phm, hng ha d h hng, cht bt ng gi phi m bo  khng h hng,  nhim bu phm, bu kin khc.<br>- Vt phm, hng ha gi trong bu phm, bu kin s dng dch v my bay phi tun theo nhng quy nh v an ninh hng khng.</p><p style=\"text-align:justify;\">Lu : Bn vui lng tun theo v thc hin ng v  cc iu kin rng buc i vi loi hng ha trn. Trong trng hp c tnh gi hng khng tun theo quy nh, Viettel Logistics s khng chu trch nhim nu xy ra h hng, tht lc hoc b php lut truy cu.</p><p style=\"text-align:justify;\"><i><strong>6. Ti c th gi hng  u? Viettel Logistics c nhn hng ti nh khng?</strong></i></p><p style=\"text-align:justify;\">=&gt; Hin nay, Viettel Logistics c mng li cc bu cc, chi nhnh ph khp 63/63 tnh thnh. Bn c th n bu cc gn nht hoc yu cu Viettel Logistics n nhn hng ti nh. Danh sch cc bu cc vui lng xem ti y.</p><p style=\"text-align:justify;\"><i><strong>7. Ti cn lm g khi khiu ni v hng ha</strong></i></p><p style=\"text-align:justify;\">=&gt; Bn c th kim tra tnh trng hng ha ngay khi nhn c hng (nu c bn gi ng ). Sau khi nhn hng nu pht hin hng ha b h hng vui lng lin h vi bu t hoc nhn tin cho chng ti  c h tr nhanh nht.</p><p style=\"text-align:justify;\"> Thi hiu khiu ni: L thi hn khch hng c quyn khiu ni theo quy nh ca php lut (iu 38. Khiu ni trong cung ng v s dng dch v bu chnh<br> Lut bu chnh s 49/2010/QH12 ngy 17/06/2010). Thi hiu khiu ni c quy nh nh sau:<br>+ 06 thng, k t ngy kt thc thi gian ton trnh ca bu gi i vi khiu ni v vic mt bu gi, chuyn pht bu gi chm so vi thi gian ton trnh  cng b.<br>+ 01 thng, k t ngy bu gi c pht cho ngi nhn i vi khiu ni v vic bu gi b suy suyn, h hng, v gi cc v cc ni dung khc c lin quan trc tip n bu gi.<br>- Thi hn gii quyt khiu ni: (iu 38. Khiu ni trong cung ng v s dng dch v bu chnh  Lut bu chnh s 49/2010/QH12 ngy 17/06/2010).<br>+ Khng qu 02 thng, k t ngy nhn c khiu ni i vi dch v bu chnh trong nc.<br>+ Khng qu 03 thng, k t ngy nhn c khiu ni i vi dch v bu chnh quc t.</p><p style=\"text-align:justify;\"><i><strong>8. Gi tr bi hon hng ha c tnh nh th no?</strong></i></p><p style=\"text-align:justify;\">=&gt; Viettel Logistics thc hin bi hon hng ha theo 1 trong 3 trng hp sau:</p><p style=\"text-align:justify;\">- Khch hng  mua dch v bo him hng ha: bi hon 100% gi tr thit hi. Ti a 100 triu/ bu gi (gi tr hng ha ln hn 100 triu, khch hng t mua bo him hng ha ca cc Cng ty bo him).<br>- Khch hng s dng dch v thu tin COD: bi hon ti a 100% s tin thu h khng bao gm li nhun v khng qu 30 triu ng. (Ghi ch: n v gc c bin bn tha thun bi thng gim gi ti a da theo gi tr u vo ca bu gi).<br>- Khch hng khng s dng dch v bo him hng ha: Ga tr bi hon da vo hp ng do hai bn k kt.<br>+ Nu khch hng cung cp c chng t chng minh gi tr thit hi, bi hon 50% gi tr thit hi nhng khng qu 30 triu ng/1 bu gi.<br>+ Nu khch hng khng cung cp c chng t chng minh thit hi dch v bu chnh trong nc bi thng 4 ln cc ( bao gm hon tr li cc dch v  s dng) ca dch v  s dng.<br>+ Khng qu 02 thng, k t ngy nhn c khiu ni i vi dch v bu chnh trong nc.<br>+ Khng qu 03 thng, k t ngy nhn c khiu ni i vi dch v bu chnh quc t.</p><p style=\"text-align:justify;\">Ch : Chng t chng minh gi tr thit hi c th l ha n ti chnh, chng t chuyn khon c xc nhn ca ngn hng hoc hp ng mua bn.</p>'),(59,'SHIPPING POLICY','internal_news','2023-07-05 06:47:17.934000','2023-08-14 08:44:40.837000','2023-07-05 06:48:05.844000',1,1,'en',NULL,'1. Does Viettel Logistics accept large and bulky goods?','SHIPPING POLICY',18,0,0,'<p style=\"text-align:justify;\"><strong>1. Does Viettel Logistics accept large and bulky goods?</strong><br>=&gt; Viettel Logistics receives and transports all kinds of goods in accordance with the provisions of the Law. Types of goods prohibited from sending (according to State regulations) include:<br>- Narcotics and psychostimulants<br>- Weapons, ammunition, military-technical equipment, artifacts belonging to historical and cultural relics.<br>- All kinds of depraved, reactionary cultural products, publications, and documents aimed at destroying public order against the State of the Socialist Republic of Vietnam.<br>- Explosive, flammable objects or substances and substances that are dangerous or unsanitary, causing environmental pollution.<br>-Types of articles and goods that the State prohibits from circulation, business, or import and export.<br>- Articles, publications, and goods are banned from entering the receiving country according to the notice of the Universal Postal Union (UPU).<br>-Letters in parcels (letters enclosed in goods).<br>- Articles and goods in letters, publications, and school supplies for the blind (Decree 142/2004/ND-CP dated July 8, 2014).<br>- Postal items contain many items, sent to many different receiving addresses.<br>- Living creature.<br>- Vietnamese currency, foreign currency, and valuable papers such as money.<br>- Precious metals (gold, silver, platinum...), precious stones, or other products made from precious metals and gems.<br>Viettel Logistics is not responsible for the damage, loss of goods, or being prosecuted by the Law if you intentionally send the above-prohibited goods.</p><p style=\"text-align:justify;\"><strong>2. How can I pay for my order?</strong><br>=&gt; You can pay for your order in the following ways:<br>- Payment for delivery staff<br>- Directly at the office of Viettel Logistics</p><p style=\"text-align:justify;\"><strong>3. Is my goods guaranteed for delivery?</strong><br>=&gt; All goods are guaranteed for safety and quality. Viettel Logistics strictly complies with the requirements of goods preservation during transportation and commits to deliver the right and sufficient goods to customers.</p><p style=\"text-align:justify;\"><strong>4. What is Cargo Value Insurance?</strong><br>=&gt; 100% of Viettel Logistics goods are guaranteed value of goods. This is the olicy to compensate customers in case the goods are damaged or lost during transportation.</p><p style=\"text-align:justify;\"><strong>5. Is there any conditions or documents required to send the goods?</strong><br>&gt; To ensure delivery to the right recipient, quickly and safely, you need to print and stick the consignment note on the package or write the waybill code on the package. In addition, you do not need to provide supporting documents if the goods are not on the list of conditional consignments specified as follows:<br>- Postal items and parcels containing goods for business must have tax vouchers and other valid documents as prescribed by law.<br>-Export and import articles and goods under specialized management must comply with regulations of competent specialized management agencies.<br>- Bees, silkworms, leeches, insects in service of scientific research, perishable articles and goods, and packaged powder must ensure that they do not damage or contaminate other mailers and parcels.<br>-Articles and goods sent in postal items and parcels using aircraft services must comply with aviation security regulations.<br>Lu : Please follow and perform properly and fully the binding conditions for the above goods. In case of deliberately sending goods that do not comply with regulations, Viettel Logistics will not be responsible if damaged, lost or prosecuted by law.</p><p style=\"text-align:justify;\"><strong>6. Where can I ship items? Does Viettel Logistics receive goods at home?</strong><br>=&gt; Currently, Viettel Logistics has a network of post offices and branches covering 63/63 provinces in Viet Nam. You can go to the nearest post office or ask Viettel Logistics to pick up the goods at home. List of post offices, please click here.</p><p style=\"text-align:justify;\"><strong>7. What do I need to do when I want to make a complaint about goods?</strong><br>&gt; You can check the condition of the goods as soon as you receive them (if agreed by the sender). After receiving the goods, if you find that the goods are damaged, please contact the post office or message us for the fastest support.<br> Statute of limitations for complaints: The time limit for customers to make complaints according to the provisions of the law (Article 38. Complaints in the provision and use of postal services  Postal Law No. 49/2010/QH12 dated 17/02) June 2010). The statute of limitations for complaints is specified as follows:<br>+ 06 months from the end of the postal processing time, for complaints about the loss of postal items or delayed delivery of the items compared to the announced transit time.<br>+ 01 month from the date the postal item is delivered to the recipient, for complaints about the item being lost or damaged, about the freight rate and other contents directly related to the item.<br>- Time limit for settlement of complaints: (Article 38. Complaints in the provision and use of postal services  Postal Law No. 49/2010/QH12 dated June 17, 2010).<br>+ No more than 02 months from the date of receipt of complaints about domestic postal services.<br>+ No more than 03 months from the date of receipt of complaints about international postal services.</p><p style=\"text-align:justify;\"><br><strong>8. How is the return value of goods calculated?</strong><br>&gt; Viettel Logistics will refund goods in one of the following three cases:<br> Customers who have purchased cargo insurance services: 100% refund of damage value. Maximum 100 million/ postal item (the value of goods is greater than 100 million, customers buy insurance by themselves from insurance companies).<br>- Customers using COD collection service: refund up to 100% of the collected amount excluding profits and not more than 30 million VND. (Note: the original unit has a written agreement to compensate for the maximum discount based on the input value of the postal item).<br>- Customers who do not use cargo insurance services: The reimbursement value is based on the contract signed by both parties.<br>+ If the customer provides documents proving the damage value, refund 50% of the damage value but not more than VND 30 million / 1 postal item.<br>+ If the customer fails to provide proof of damage to the domestic postal service, compensate 4 times the freight (including refund of used service charges) of the used service.<br>Documents proving the damage value can be financial invoices, bank transfer documents or sales contracts.<br>&nbsp;</p>');
/*!40000 ALTER TABLE `newss` ENABLE KEYS */;
UNLOCK TABLES;

--
-- Table structure for table `newss_components`
--

DROP TABLE IF EXISTS `newss_components`;
/*!40101 SET @saved_cs_client     = @@character_set_client */;
/*!40101 SET character_set_client = utf8 */;
CREATE TABLE `newss_components` (
  `id` int(10) unsigned NOT NULL AUTO_INCREMENT,
  `entity_id` int(10) unsigned DEFAULT NULL,
  `component_id` int(10) unsigned DEFAULT NULL,
  `component_type` varchar(255) DEFAULT NULL,
  `field` varchar(255) DEFAULT NULL,
  `order` double unsigned DEFAULT NULL,
  PRIMARY KEY (`id`),
  UNIQUE KEY `newss_unique` (`entity_id`,`component_id`,`field`,`component_type`),
  KEY `newss_field_index` (`field`),
  KEY `newss_component_type_index` (`component_type`),
  KEY `newss_entity_fk` (`entity_id`),
  CONSTRAINT `newss_entity_fk` FOREIGN KEY (`entity_id`) REFERENCES `newss` (`id`) ON DELETE CASCADE
) ENGINE=InnoDB AUTO_INCREMENT=112 DEFAULT CHARSET=utf8mb4 COLLATE=utf8mb4_general_ci;
/*!40101 SET character_set_client = @saved_cs_client */;

--
-- Dumping data for table `newss_components`
--

LOCK TABLES `newss_components` WRITE;
/*!40000 ALTER TABLE `newss_components` DISABLE KEYS */;
INSERT INTO `newss_components` VALUES (1,7,7,'shared.seo','SEO',NULL),(2,5,8,'shared.seo','SEO',NULL),(3,3,9,'shared.seo','SEO',NULL),(15,14,41,'shared.seo','SEO',NULL),(21,16,45,'shared.seo','SEO',NULL),(27,18,49,'shared.seo','SEO',NULL),(40,23,54,'shared.seo','SEO',NULL),(43,26,57,'shared.seo','SEO',NULL),(49,27,60,'shared.seo','SEO',NULL),(77,43,82,'shared.seo','SEO',NULL),(78,45,83,'shared.seo','SEO',NULL),(79,47,84,'shared.seo','SEO',NULL),(80,48,85,'shared.seo','SEO',NULL),(81,49,86,'shared.seo','SEO',NULL),(82,50,87,'shared.seo','SEO',NULL),(83,51,88,'shared.seo','SEO',NULL),(84,52,89,'shared.seo','SEO',NULL),(86,53,90,'shared.seo','SEO',NULL),(104,44,113,'shared.seo','SEO',NULL),(105,4,114,'shared.seo','SEO',NULL),(106,6,115,'shared.seo','SEO',NULL),(108,46,116,'shared.seo','SEO',NULL);
/*!40000 ALTER TABLE `newss_components` ENABLE KEYS */;
UNLOCK TABLES;

--
-- Table structure for table `newss_localizations_links`
--

DROP TABLE IF EXISTS `newss_localizations_links`;
/*!40101 SET @saved_cs_client     = @@character_set_client */;
/*!40101 SET character_set_client = utf8 */;
CREATE TABLE `newss_localizations_links` (
  `id` int(10) unsigned NOT NULL AUTO_INCREMENT,
  `news_id` int(10) unsigned DEFAULT NULL,
  `inv_news_id` int(10) unsigned DEFAULT NULL,
  `news_order` double unsigned DEFAULT NULL,
  PRIMARY KEY (`id`),
  UNIQUE KEY `newss_localizations_links_unique` (`news_id`,`inv_news_id`),
  KEY `newss_localizations_links_fk` (`news_id`),
  KEY `newss_localizations_links_inv_fk` (`inv_news_id`),
  KEY `newss_localizations_links_order_fk` (`news_order`),
  CONSTRAINT `newss_localizations_links_fk` FOREIGN KEY (`news_id`) REFERENCES `newss` (`id`) ON DELETE CASCADE,
  CONSTRAINT `newss_localizations_links_inv_fk` FOREIGN KEY (`inv_news_id`) REFERENCES `newss` (`id`) ON DELETE CASCADE
) ENGINE=InnoDB AUTO_INCREMENT=81 DEFAULT CHARSET=utf8mb4 COLLATE=utf8mb4_general_ci;
/*!40101 SET character_set_client = @saved_cs_client */;

--
-- Dumping data for table `newss_localizations_links`
--

LOCK TABLES `newss_localizations_links` WRITE;
/*!40000 ALTER TABLE `newss_localizations_links` DISABLE KEYS */;
INSERT INTO `newss_localizations_links` VALUES (55,43,3,1),(56,3,43,1),(57,44,4,1),(58,4,44,1),(59,45,5,1),(60,5,45,1),(61,46,6,1),(62,6,46,1),(63,47,7,1),(64,7,47,1),(65,48,14,1),(66,14,48,1),(67,49,16,1),(68,16,49,1),(69,50,18,1),(70,18,50,1),(71,51,23,1),(72,23,51,1),(73,52,26,1),(74,26,52,1),(75,53,27,1),(76,27,53,1),(79,57,56,1),(80,56,57,1);
/*!40000 ALTER TABLE `newss_localizations_links` ENABLE KEYS */;
UNLOCK TABLES;

--
-- Table structure for table `newss_relevants_links`
--

DROP TABLE IF EXISTS `newss_relevants_links`;
/*!40101 SET @saved_cs_client     = @@character_set_client */;
/*!40101 SET character_set_client = utf8 */;
CREATE TABLE `newss_relevants_links` (
  `id` int(10) unsigned NOT NULL AUTO_INCREMENT,
  `news_id` int(10) unsigned DEFAULT NULL,
  `inv_news_id` int(10) unsigned DEFAULT NULL,
  `news_order` double unsigned DEFAULT NULL,
  PRIMARY KEY (`id`),
  UNIQUE KEY `newss_relevants_links_unique` (`news_id`,`inv_news_id`),
  KEY `newss_relevants_links_fk` (`news_id`),
  KEY `newss_relevants_links_inv_fk` (`inv_news_id`),
  KEY `newss_relevants_links_order_inv_fk` (`news_order`),
  CONSTRAINT `newss_relevants_links_fk` FOREIGN KEY (`news_id`) REFERENCES `newss` (`id`) ON DELETE CASCADE,
  CONSTRAINT `newss_relevants_links_inv_fk` FOREIGN KEY (`inv_news_id`) REFERENCES `newss` (`id`) ON DELETE CASCADE
) ENGINE=InnoDB AUTO_INCREMENT=19 DEFAULT CHARSET=utf8mb4 COLLATE=utf8mb4_general_ci;
/*!40101 SET character_set_client = @saved_cs_client */;

--
-- Dumping data for table `newss_relevants_links`
--

LOCK TABLES `newss_relevants_links` WRITE;
/*!40000 ALTER TABLE `newss_relevants_links` DISABLE KEYS */;
INSERT INTO `newss_relevants_links` VALUES (7,5,7,0),(10,14,18,1),(14,6,18,4),(16,7,18,2),(17,48,47,1),(18,47,48,1);
/*!40000 ALTER TABLE `newss_relevants_links` ENABLE KEYS */;
UNLOCK TABLES;

--
-- Table structure for table `orders`
--

DROP TABLE IF EXISTS `orders`;
/*!40101 SET @saved_cs_client     = @@character_set_client */;
/*!40101 SET character_set_client = utf8 */;
CREATE TABLE `orders` (
  `id` int(10) unsigned NOT NULL AUTO_INCREMENT,
  `fullname` varchar(255) DEFAULT NULL,
  `phone_number` varchar(255) DEFAULT NULL,
  `email` varchar(255) DEFAULT NULL,
  `service` varchar(255) DEFAULT NULL,
  `from` varchar(255) DEFAULT NULL,
  `to` varchar(255) DEFAULT NULL,
  `note` longtext DEFAULT NULL,
  `created_at` datetime(6) DEFAULT NULL,
  `updated_at` datetime(6) DEFAULT NULL,
  `created_by_id` int(10) unsigned DEFAULT NULL,
  `updated_by_id` int(10) unsigned DEFAULT NULL,
  `service_type` varchar(255) DEFAULT NULL,
  `weight` decimal(10,2) DEFAULT NULL,
  PRIMARY KEY (`id`),
  KEY `orders_created_by_id_fk` (`created_by_id`),
  KEY `orders_updated_by_id_fk` (`updated_by_id`),
  CONSTRAINT `orders_created_by_id_fk` FOREIGN KEY (`created_by_id`) REFERENCES `admin_users` (`id`) ON DELETE SET NULL,
  CONSTRAINT `orders_updated_by_id_fk` FOREIGN KEY (`updated_by_id`) REFERENCES `admin_users` (`id`) ON DELETE SET NULL
) ENGINE=InnoDB AUTO_INCREMENT=4 DEFAULT CHARSET=utf8mb4 COLLATE=utf8mb4_general_ci;
/*!40101 SET character_set_client = @saved_cs_client */;

--
-- Dumping data for table `orders`
--

LOCK TABLES `orders` WRITE;
/*!40000 ALTER TABLE `orders` DISABLE KEYS */;
INSERT INTO `orders` VALUES (1,'Nguyen Van A','0369741258','test@gmail.com','Vn ti','vietnam','russia','ghi chu','2023-05-30 16:14:24.484000','2023-06-08 07:37:33.103000',NULL,1,'trucking',NULL);
/*!40000 ALTER TABLE `orders` ENABLE KEYS */;
UNLOCK TABLES;

--
-- Table structure for table `packings`
--

DROP TABLE IF EXISTS `packings`;
/*!40101 SET @saved_cs_client     = @@character_set_client */;
/*!40101 SET character_set_client = utf8 */;
CREATE TABLE `packings` (
  `id` int(10) unsigned NOT NULL AUTO_INCREMENT,
  `created_at` datetime(6) DEFAULT NULL,
  `updated_at` datetime(6) DEFAULT NULL,
  `published_at` datetime(6) DEFAULT NULL,
  `created_by_id` int(10) unsigned DEFAULT NULL,
  `updated_by_id` int(10) unsigned DEFAULT NULL,
  `locale` varchar(255) DEFAULT NULL,
  PRIMARY KEY (`id`),
  KEY `packings_created_by_id_fk` (`created_by_id`),
  KEY `packings_updated_by_id_fk` (`updated_by_id`),
  CONSTRAINT `packings_created_by_id_fk` FOREIGN KEY (`created_by_id`) REFERENCES `admin_users` (`id`) ON DELETE SET NULL,
  CONSTRAINT `packings_updated_by_id_fk` FOREIGN KEY (`updated_by_id`) REFERENCES `admin_users` (`id`) ON DELETE SET NULL
) ENGINE=InnoDB AUTO_INCREMENT=3 DEFAULT CHARSET=utf8mb4 COLLATE=utf8mb4_general_ci;
/*!40101 SET character_set_client = @saved_cs_client */;

--
-- Dumping data for table `packings`
--

LOCK TABLES `packings` WRITE;
/*!40000 ALTER TABLE `packings` DISABLE KEYS */;
INSERT INTO `packings` VALUES (1,'2023-05-25 03:43:16.529000','2023-06-27 09:45:05.339000','2023-05-25 03:43:18.120000',1,1,'vi-VN'),(2,'2023-05-30 10:10:03.341000','2023-06-27 09:44:30.179000','2023-05-30 10:10:04.290000',1,1,'en');
/*!40000 ALTER TABLE `packings` ENABLE KEYS */;
UNLOCK TABLES;

--
-- Table structure for table `packings_components`
--

DROP TABLE IF EXISTS `packings_components`;
/*!40101 SET @saved_cs_client     = @@character_set_client */;
/*!40101 SET character_set_client = utf8 */;
CREATE TABLE `packings_components` (
  `id` int(10) unsigned NOT NULL AUTO_INCREMENT,
  `entity_id` int(10) unsigned DEFAULT NULL,
  `component_id` int(10) unsigned DEFAULT NULL,
  `component_type` varchar(255) DEFAULT NULL,
  `field` varchar(255) DEFAULT NULL,
  `order` double unsigned DEFAULT NULL,
  PRIMARY KEY (`id`),
  UNIQUE KEY `packings_unique` (`entity_id`,`component_id`,`field`,`component_type`),
  KEY `packings_field_index` (`field`),
  KEY `packings_component_type_index` (`component_type`),
  KEY `packings_entity_fk` (`entity_id`),
  CONSTRAINT `packings_entity_fk` FOREIGN KEY (`entity_id`) REFERENCES `packings` (`id`) ON DELETE CASCADE
) ENGINE=InnoDB AUTO_INCREMENT=26 DEFAULT CHARSET=utf8mb4 COLLATE=utf8mb4_general_ci;
/*!40101 SET character_set_client = @saved_cs_client */;

--
-- Dumping data for table `packings_components`
--

LOCK TABLES `packings_components` WRITE;
/*!40000 ALTER TABLE `packings_components` DISABLE KEYS */;
INSERT INTO `packings_components` VALUES (1,1,4,'service.information-service','infomation',NULL),(4,1,10,'shared.seo','SEO',NULL),(7,1,11,'common.price-table','price_table',NULL),(17,2,15,'service.information-service','infomation',NULL),(18,2,94,'shared.seo','SEO',NULL),(19,2,17,'common.price-table','price_table',NULL);
/*!40000 ALTER TABLE `packings_components` ENABLE KEYS */;
UNLOCK TABLES;

--
-- Table structure for table `packings_localizations_links`
--

DROP TABLE IF EXISTS `packings_localizations_links`;
/*!40101 SET @saved_cs_client     = @@character_set_client */;
/*!40101 SET character_set_client = utf8 */;
CREATE TABLE `packings_localizations_links` (
  `id` int(10) unsigned NOT NULL AUTO_INCREMENT,
  `packing_id` int(10) unsigned DEFAULT NULL,
  `inv_packing_id` int(10) unsigned DEFAULT NULL,
  `packing_order` double unsigned DEFAULT NULL,
  PRIMARY KEY (`id`),
  UNIQUE KEY `packings_localizations_links_unique` (`packing_id`,`inv_packing_id`),
  KEY `packings_localizations_links_fk` (`packing_id`),
  KEY `packings_localizations_links_inv_fk` (`inv_packing_id`),
  KEY `packings_localizations_links_order_fk` (`packing_order`),
  CONSTRAINT `packings_localizations_links_fk` FOREIGN KEY (`packing_id`) REFERENCES `packings` (`id`) ON DELETE CASCADE,
  CONSTRAINT `packings_localizations_links_inv_fk` FOREIGN KEY (`inv_packing_id`) REFERENCES `packings` (`id`) ON DELETE CASCADE
) ENGINE=InnoDB AUTO_INCREMENT=3 DEFAULT CHARSET=utf8mb4 COLLATE=utf8mb4_general_ci;
/*!40101 SET character_set_client = @saved_cs_client */;

--
-- Dumping data for table `packings_localizations_links`
--

LOCK TABLES `packings_localizations_links` WRITE;
/*!40000 ALTER TABLE `packings_localizations_links` DISABLE KEYS */;
INSERT INTO `packings_localizations_links` VALUES (1,2,1,1),(2,1,2,1);
/*!40000 ALTER TABLE `packings_localizations_links` ENABLE KEYS */;
UNLOCK TABLES;

--
-- Table structure for table `provinces`
--

DROP TABLE IF EXISTS `provinces`;
/*!40101 SET @saved_cs_client     = @@character_set_client */;
/*!40101 SET character_set_client = utf8 */;
CREATE TABLE `provinces` (
  `id` int(10) unsigned NOT NULL AUTO_INCREMENT,
  `name` varchar(255) DEFAULT NULL,
  `fullname` varchar(255) DEFAULT NULL,
  `created_at` datetime(6) DEFAULT NULL,
  `updated_at` datetime(6) DEFAULT NULL,
  `created_by_id` int(10) unsigned DEFAULT NULL,
  `updated_by_id` int(10) unsigned DEFAULT NULL,
  `locale` varchar(255) DEFAULT NULL,
  PRIMARY KEY (`id`),
  KEY `provinces_created_by_id_fk` (`created_by_id`),
  KEY `provinces_updated_by_id_fk` (`updated_by_id`),
  CONSTRAINT `provinces_created_by_id_fk` FOREIGN KEY (`created_by_id`) REFERENCES `admin_users` (`id`) ON DELETE SET NULL,
  CONSTRAINT `provinces_updated_by_id_fk` FOREIGN KEY (`updated_by_id`) REFERENCES `admin_users` (`id`) ON DELETE SET NULL
) ENGINE=InnoDB AUTO_INCREMENT=257 DEFAULT CHARSET=utf8mb4 COLLATE=utf8mb4_general_ci;
/*!40101 SET character_set_client = @saved_cs_client */;

--
-- Dumping data for table `provinces`
--

LOCK TABLES `provinces` WRITE;
/*!40000 ALTER TABLE `provinces` DISABLE KEYS */;
INSERT INTO `provinces` VALUES (131,'an_giang','An Giang','2023-06-05 03:23:48.634000','2023-06-05 03:23:48.634000',NULL,NULL,'en'),(132,'ba_ria_vung_tau','B Ra  Vng Tu','2023-06-05 03:23:48.640000','2023-06-05 03:23:48.640000',NULL,NULL,'en'),(133,'bac_giang','Bc Giang','2023-06-05 03:23:48.644000','2023-06-05 03:23:48.644000',NULL,NULL,'en'),(134,'bac_kan','Bc Kn','2023-06-05 03:23:48.648000','2023-06-05 03:23:48.648000',NULL,NULL,'en'),(135,'bac_lieu','Bc Liu','2023-06-05 03:23:48.651000','2023-06-05 03:23:48.651000',NULL,NULL,'en'),(136,'bac_ninh','Bc Ninh','2023-06-05 03:23:48.654000','2023-06-05 03:23:48.654000',NULL,NULL,'en'),(137,'ben_tre','Bn Tre','2023-06-05 03:23:48.657000','2023-06-05 03:23:48.657000',NULL,NULL,'en'),(138,'binh_dinh','Bnh nh','2023-06-05 03:23:48.661000','2023-06-05 03:23:48.661000',NULL,NULL,'en'),(139,'binh_duong','Bnh Dng','2023-06-05 03:23:48.664000','2023-06-05 03:23:48.664000',NULL,NULL,'en'),(140,'binh_phuoc','Bnh Phc','2023-06-05 03:23:48.667000','2023-06-05 03:23:48.667000',NULL,NULL,'en'),(141,'binh_thuan','Bnh Thun','2023-06-05 03:23:48.670000','2023-06-05 03:23:48.670000',NULL,NULL,'en'),(142,'ca_mau','C Mau','2023-06-05 03:23:48.673000','2023-06-05 03:23:48.673000',NULL,NULL,'en'),(143,'can_tho','Cn Th','2023-06-05 03:23:48.676000','2023-06-05 03:23:48.676000',NULL,NULL,'en'),(144,'cao_bang','Cao Bng','2023-06-05 03:23:48.679000','2023-06-05 03:23:48.679000',NULL,NULL,'en'),(145,'da_nang',' Nng','2023-06-05 03:23:48.682000','2023-06-05 03:23:48.682000',NULL,NULL,'en'),(146,'dak_lak','k Lk','2023-06-05 03:23:48.685000','2023-06-05 03:23:48.685000',NULL,NULL,'en'),(147,'dak_nong','k Nng','2023-06-05 03:23:48.689000','2023-06-05 03:23:48.689000',NULL,NULL,'en'),(148,'dien_bien','in Bin','2023-06-05 03:23:48.692000','2023-06-05 03:23:48.692000',NULL,NULL,'en'),(149,'dong_nai','ng Nai','2023-06-05 03:23:48.695000','2023-06-05 03:23:48.695000',NULL,NULL,'en'),(150,'dong_thap','ng Thp','2023-06-05 03:23:48.697000','2023-06-05 03:23:48.697000',NULL,NULL,'en'),(151,'gia_lai','Gia Lai','2023-06-05 03:23:48.700000','2023-06-05 03:23:48.700000',NULL,NULL,'en'),(152,'ha_giang','H Giang','2023-06-05 03:23:48.703000','2023-06-05 03:23:48.703000',NULL,NULL,'en'),(153,'ha_nam','H Nam','2023-06-05 03:23:48.706000','2023-06-05 03:23:48.706000',NULL,NULL,'en'),(154,'ha_noi','H Ni','2023-06-05 03:23:48.709000','2023-06-05 03:23:48.709000',NULL,NULL,'en'),(155,'ha_tinh','H Tnh','2023-06-05 03:23:48.712000','2023-06-05 03:23:48.712000',NULL,NULL,'en'),(156,'hai_duong','Hi Dng','2023-06-05 03:23:48.718000','2023-06-05 03:23:48.718000',NULL,NULL,'en'),(157,'hai_phong','Hi Phng','2023-06-05 03:23:48.722000','2023-06-05 03:23:48.722000',NULL,NULL,'en'),(158,'hau_giang','Hu Giang','2023-06-05 03:23:48.726000','2023-06-05 03:23:48.726000',NULL,NULL,'en'),(159,'hoa_binh','Ha Bnh','2023-06-05 03:23:48.730000','2023-06-05 03:23:48.730000',NULL,NULL,'en'),(160,'hung_yen','Hng Yn','2023-06-05 03:23:48.734000','2023-06-05 03:23:48.734000',NULL,NULL,'en'),(161,'khanh_hoa','Khnh Ha','2023-06-05 03:23:48.737000','2023-06-05 03:23:48.737000',NULL,NULL,'en'),(162,'kien_giang','Kin Giang','2023-06-05 03:23:48.741000','2023-06-05 03:23:48.741000',NULL,NULL,'en'),(163,'kon_tum','Kon Tum','2023-06-05 03:23:48.744000','2023-06-05 03:23:48.744000',NULL,NULL,'en'),(164,'lai_chau','Lai Chu','2023-06-05 03:23:48.747000','2023-06-05 03:23:48.747000',NULL,NULL,'en'),(165,'lam_dong','Lm ng','2023-06-05 03:23:48.751000','2023-06-05 03:23:48.751000',NULL,NULL,'en'),(166,'lang_son','Lng Sn','2023-06-05 03:23:48.756000','2023-06-05 03:23:48.756000',NULL,NULL,'en'),(167,'lao_cai','Lo Cai','2023-06-05 03:23:48.762000','2023-06-05 03:23:48.762000',NULL,NULL,'en'),(168,'long_an','Long An','2023-06-05 03:23:48.765000','2023-06-05 03:23:48.765000',NULL,NULL,'en'),(169,'nam_dinh','Nam nh','2023-06-05 03:23:48.769000','2023-06-05 03:23:48.769000',NULL,NULL,'en'),(170,'nghe_an','Ngh An','2023-06-05 03:23:48.772000','2023-06-05 03:23:48.772000',NULL,NULL,'en'),(171,'ninh_binh','Ninh Bnh','2023-06-05 03:23:48.776000','2023-06-05 03:23:48.776000',NULL,NULL,'en'),(172,'ninh_thuan','Ninh Thun','2023-06-05 03:23:48.779000','2023-06-05 03:23:48.779000',NULL,NULL,'en'),(173,'phu_tho','Ph Th','2023-06-05 03:23:48.783000','2023-06-05 03:23:48.783000',NULL,NULL,'en'),(174,'phu_yen','Ph Yn','2023-06-05 03:23:48.786000','2023-06-05 03:23:48.786000',NULL,NULL,'en'),(175,'quang_binh','Qung Bnh','2023-06-05 03:23:48.789000','2023-06-05 03:23:48.789000',NULL,NULL,'en'),(176,'quang_nam','Qung Nam','2023-06-05 03:23:48.792000','2023-06-05 03:23:48.792000',NULL,NULL,'en'),(177,'quang_ngai','Qung Ngi','2023-06-05 03:23:48.795000','2023-06-05 03:23:48.795000',NULL,NULL,'en'),(178,'quang_ninh','Qung Ninh','2023-06-05 03:23:48.798000','2023-06-05 03:23:48.798000',NULL,NULL,'en'),(179,'quang_tri','Qung Tr','2023-06-05 03:23:48.801000','2023-06-05 03:23:48.801000',NULL,NULL,'en'),(180,'soc_trang','Sc Trng','2023-06-05 03:23:48.804000','2023-06-05 03:23:48.804000',NULL,NULL,'en'),(181,'son_la','Sn La','2023-06-05 03:23:48.806000','2023-06-05 03:23:48.806000',NULL,NULL,'en'),(182,'tay_ninh','Ty Ninh','2023-06-05 03:23:48.809000','2023-06-05 03:23:48.809000',NULL,NULL,'en'),(183,'thai_binh','Thi Bnh','2023-06-05 03:23:48.816000','2023-06-05 03:23:48.816000',NULL,NULL,'en'),(184,'thai_nguyen','Thi Nguyn','2023-06-05 03:23:48.822000','2023-06-05 03:23:48.822000',NULL,NULL,'en'),(185,'thanh_hoa','Thanh Ha','2023-06-05 03:23:48.826000','2023-06-05 03:23:48.826000',NULL,NULL,'en'),(186,'thua_thien_hue','Tha Thin Hu','2023-06-05 03:23:48.830000','2023-06-05 03:23:48.830000',NULL,NULL,'en'),(187,'tien_giang','Tin Giang','2023-06-05 03:23:48.833000','2023-06-05 03:23:48.833000',NULL,NULL,'en'),(188,'tp__ho_chi_minh','TP. H Ch Minh','2023-06-05 03:23:48.837000','2023-06-05 03:23:48.837000',NULL,NULL,'en'),(189,'tra_vinh','Tr Vinh','2023-06-05 03:23:48.841000','2023-06-05 03:23:48.841000',NULL,NULL,'en'),(190,'tuyen_quang','Tuyn Quang','2023-06-05 03:23:48.844000','2023-06-05 03:23:48.844000',NULL,NULL,'en'),(191,'vinh_long','Vnh Long','2023-06-05 03:23:48.848000','2023-06-05 03:23:48.848000',NULL,NULL,'en'),(192,'vinh_phuc','Vnh Phc','2023-06-05 03:23:48.851000','2023-06-05 03:23:48.851000',NULL,NULL,'en'),(193,'yen_bai','Yn Bi','2023-06-05 03:23:48.854000','2023-06-05 03:23:48.854000',NULL,NULL,'en'),(194,'an_giang','An Giang','2023-06-05 03:24:00.002000','2023-06-05 03:24:00.002000',NULL,NULL,'vi-VN'),(195,'ba_ria_vung_tau','B Ra  Vng Tu','2023-06-05 03:24:00.011000','2023-06-05 03:24:00.011000',NULL,NULL,'vi-VN'),(196,'bac_giang','Bc Giang','2023-06-05 03:24:00.016000','2023-06-05 03:24:00.016000',NULL,NULL,'vi-VN'),(197,'bac_kan','Bc Kn','2023-06-05 03:24:00.022000','2023-06-05 03:24:00.022000',NULL,NULL,'vi-VN'),(198,'bac_lieu','Bc Liu','2023-06-05 03:24:00.027000','2023-06-05 03:24:00.027000',NULL,NULL,'vi-VN'),(199,'bac_ninh','Bc Ninh','2023-06-05 03:24:00.037000','2023-06-05 03:24:00.037000',NULL,NULL,'vi-VN'),(200,'ben_tre','Bn Tre','2023-06-05 03:24:00.042000','2023-06-05 03:24:00.042000',NULL,NULL,'vi-VN'),(201,'binh_dinh','Bnh nh','2023-06-05 03:24:00.046000','2023-06-05 03:24:00.046000',NULL,NULL,'vi-VN'),(202,'binh_duong','Bnh Dng','2023-06-05 03:24:00.051000','2023-06-05 03:24:00.051000',NULL,NULL,'vi-VN'),(203,'binh_phuoc','Bnh Phc','2023-06-05 03:24:00.056000','2023-06-05 03:24:00.056000',NULL,NULL,'vi-VN'),(204,'binh_thuan','Bnh Thun','2023-06-05 03:24:00.060000','2023-06-05 03:24:00.060000',NULL,NULL,'vi-VN'),(205,'ca_mau','C Mau','2023-06-05 03:24:00.064000','2023-06-05 03:24:00.064000',NULL,NULL,'vi-VN'),(206,'can_tho','Cn Th','2023-06-05 03:24:00.069000','2023-06-05 03:24:00.069000',NULL,NULL,'vi-VN'),(207,'cao_bang','Cao Bng','2023-06-05 03:24:00.073000','2023-06-05 03:24:00.073000',NULL,NULL,'vi-VN'),(208,'da_nang',' Nng','2023-06-05 03:24:00.078000','2023-06-05 03:24:00.078000',NULL,NULL,'vi-VN'),(209,'dak_lak','k Lk','2023-06-05 03:24:00.081000','2023-06-05 03:24:00.081000',NULL,NULL,'vi-VN'),(210,'dak_nong','k Nng','2023-06-05 03:24:00.088000','2023-06-05 03:24:00.088000',NULL,NULL,'vi-VN'),(211,'dien_bien','in Bin','2023-06-05 03:24:00.100000','2023-06-05 03:24:00.100000',NULL,NULL,'vi-VN'),(212,'dong_nai','ng Nai','2023-06-05 03:24:00.104000','2023-06-05 03:24:00.104000',NULL,NULL,'vi-VN'),(213,'dong_thap','ng Thp','2023-06-05 03:24:00.107000','2023-06-05 03:24:00.107000',NULL,NULL,'vi-VN'),(214,'gia_lai','Gia Lai','2023-06-05 03:24:00.111000','2023-06-05 03:24:00.111000',NULL,NULL,'vi-VN'),(215,'ha_giang','H Giang','2023-06-05 03:24:00.115000','2023-06-05 03:24:00.115000',NULL,NULL,'vi-VN'),(216,'ha_nam','H Nam','2023-06-05 03:24:00.119000','2023-06-05 03:24:00.119000',NULL,NULL,'vi-VN'),(217,'ha_noi','H Ni','2023-06-05 03:24:00.123000','2023-06-05 03:24:00.123000',NULL,NULL,'vi-VN'),(218,'ha_tinh','H Tnh','2023-06-05 03:24:00.129000','2023-06-05 03:24:00.129000',NULL,NULL,'vi-VN'),(219,'hai_duong','Hi Dng','2023-06-05 03:24:00.133000','2023-06-05 03:24:00.133000',NULL,NULL,'vi-VN'),(220,'hai_phong','Hi Phng','2023-06-05 03:24:00.137000','2023-06-05 03:24:00.137000',NULL,NULL,'vi-VN'),(221,'hau_giang','Hu Giang','2023-06-05 03:24:00.141000','2023-06-05 03:24:00.141000',NULL,NULL,'vi-VN'),(222,'hoa_binh','Ha Bnh','2023-06-05 03:24:00.144000','2023-06-05 03:24:00.144000',NULL,NULL,'vi-VN'),(223,'hung_yen','Hng Yn','2023-06-05 03:24:00.148000','2023-06-05 03:24:00.148000',NULL,NULL,'vi-VN'),(224,'khanh_hoa','Khnh Ha','2023-06-05 03:24:00.151000','2023-06-05 03:24:00.151000',NULL,NULL,'vi-VN'),(225,'kien_giang','Kin Giang','2023-06-05 03:24:00.156000','2023-06-05 03:24:00.156000',NULL,NULL,'vi-VN'),(226,'kon_tum','Kon Tum','2023-06-05 03:24:00.160000','2023-06-05 03:24:00.160000',NULL,NULL,'vi-VN'),(227,'lai_chau','Lai Chu','2023-06-05 03:24:00.164000','2023-06-05 03:24:00.164000',NULL,NULL,'vi-VN'),(228,'lam_dong','Lm ng','2023-06-05 03:24:00.169000','2023-06-05 03:24:00.169000',NULL,NULL,'vi-VN'),(229,'lang_son','Lng Sn','2023-06-05 03:24:00.172000','2023-06-05 03:24:00.172000',NULL,NULL,'vi-VN'),(230,'lao_cai','Lo Cai','2023-06-05 03:24:00.175000','2023-06-05 03:24:00.175000',NULL,NULL,'vi-VN'),(231,'long_an','Long An','2023-06-05 03:24:00.178000','2023-06-05 03:24:00.178000',NULL,NULL,'vi-VN'),(232,'nam_dinh','Nam nh','2023-06-05 03:24:00.183000','2023-06-05 03:24:00.183000',NULL,NULL,'vi-VN'),(233,'nghe_an','Ngh An','2023-06-05 03:24:00.186000','2023-06-05 03:24:00.186000',NULL,NULL,'vi-VN'),(234,'ninh_binh','Ninh Bnh','2023-06-05 03:24:00.190000','2023-06-05 03:24:00.190000',NULL,NULL,'vi-VN'),(235,'ninh_thuan','Ninh Thun','2023-06-05 03:24:00.193000','2023-06-05 03:24:00.193000',NULL,NULL,'vi-VN'),(236,'phu_tho','Ph Th','2023-06-05 03:24:00.196000','2023-06-05 03:24:00.196000',NULL,NULL,'vi-VN'),(237,'phu_yen','Ph Yn','2023-06-05 03:24:00.199000','2023-06-05 03:24:00.199000',NULL,NULL,'vi-VN'),(238,'quang_binh','Qung Bnh','2023-06-05 03:24:00.202000','2023-06-05 03:24:00.202000',NULL,NULL,'vi-VN'),(239,'quang_nam','Qung Nam','2023-06-05 03:24:00.205000','2023-06-05 03:24:00.205000',NULL,NULL,'vi-VN'),(240,'quang_ngai','Qung Ngi','2023-06-05 03:24:00.210000','2023-06-05 03:24:00.210000',NULL,NULL,'vi-VN'),(241,'quang_ninh','Qung Ninh','2023-06-05 03:24:00.213000','2023-06-05 03:24:00.213000',NULL,NULL,'vi-VN'),(242,'quang_tri','Qung Tr','2023-06-05 03:24:00.216000','2023-06-05 03:24:00.216000',NULL,NULL,'vi-VN'),(243,'soc_trang','Sc Trng','2023-06-05 03:24:00.219000','2023-06-05 03:24:00.219000',NULL,NULL,'vi-VN'),(244,'son_la','Sn La','2023-06-05 03:24:00.222000','2023-06-05 03:24:00.222000',NULL,NULL,'vi-VN'),(245,'tay_ninh','Ty Ninh','2023-06-05 03:24:00.224000','2023-06-05 03:24:00.224000',NULL,NULL,'vi-VN'),(246,'thai_binh','Thi Bnh','2023-06-05 03:24:00.227000','2023-06-05 03:24:00.227000',NULL,NULL,'vi-VN'),(247,'thai_nguyen','Thi Nguyn','2023-06-05 03:24:00.230000','2023-06-05 03:24:00.230000',NULL,NULL,'vi-VN'),(248,'thanh_hoa','Thanh Ha','2023-06-05 03:24:00.233000','2023-06-05 03:24:00.233000',NULL,NULL,'vi-VN'),(249,'thua_thien_hue','Tha Thin Hu','2023-06-05 03:24:00.236000','2023-06-05 03:24:00.236000',NULL,NULL,'vi-VN'),(250,'tien_giang','Tin Giang','2023-06-05 03:24:00.239000','2023-06-05 03:24:00.239000',NULL,NULL,'vi-VN'),(251,'tp__ho_chi_minh','TP. H Ch Minh','2023-06-05 03:24:00.243000','2023-06-05 03:24:00.243000',NULL,NULL,'vi-VN'),(252,'tra_vinh','Tr Vinh','2023-06-05 03:24:00.246000','2023-06-05 03:24:00.246000',NULL,NULL,'vi-VN'),(253,'tuyen_quang','Tuyn Quang','2023-06-05 03:24:00.249000','2023-06-05 03:24:00.249000',NULL,NULL,'vi-VN'),(254,'vinh_long','Vnh Long','2023-06-05 03:24:00.255000','2023-06-05 03:24:00.255000',NULL,NULL,'vi-VN'),(255,'vinh_phuc','Vnh Phc','2023-06-05 03:24:00.260000','2023-06-05 03:24:00.260000',NULL,NULL,'vi-VN'),(256,'yen_bai','Yn Bi','2023-06-05 03:24:00.263000','2023-06-05 03:24:00.263000',NULL,NULL,'vi-VN');
/*!40000 ALTER TABLE `provinces` ENABLE KEYS */;
UNLOCK TABLES;

--
-- Table structure for table `provinces_localizations_links`
--

DROP TABLE IF EXISTS `provinces_localizations_links`;
/*!40101 SET @saved_cs_client     = @@character_set_client */;
/*!40101 SET character_set_client = utf8 */;
CREATE TABLE `provinces_localizations_links` (
  `id` int(10) unsigned NOT NULL AUTO_INCREMENT,
  `province_id` int(10) unsigned DEFAULT NULL,
  `inv_province_id` int(10) unsigned DEFAULT NULL,
  `province_order` double unsigned DEFAULT NULL,
  PRIMARY KEY (`id`),
  UNIQUE KEY `provinces_localizations_links_unique` (`province_id`,`inv_province_id`),
  KEY `provinces_localizations_links_fk` (`province_id`),
  KEY `provinces_localizations_links_inv_fk` (`inv_province_id`),
  KEY `provinces_localizations_links_order_fk` (`province_order`),
  CONSTRAINT `provinces_localizations_links_fk` FOREIGN KEY (`province_id`) REFERENCES `provinces` (`id`) ON DELETE CASCADE,
  CONSTRAINT `provinces_localizations_links_inv_fk` FOREIGN KEY (`inv_province_id`) REFERENCES `provinces` (`id`) ON DELETE CASCADE
) ENGINE=InnoDB AUTO_INCREMENT=5 DEFAULT CHARSET=utf8mb4 COLLATE=utf8mb4_general_ci;
/*!40101 SET character_set_client = @saved_cs_client */;

--
-- Dumping data for table `provinces_localizations_links`
--

LOCK TABLES `provinces_localizations_links` WRITE;
/*!40000 ALTER TABLE `provinces_localizations_links` DISABLE KEYS */;
/*!40000 ALTER TABLE `provinces_localizations_links` ENABLE KEYS */;
UNLOCK TABLES;

--
-- Table structure for table `rail_transportations`
--

DROP TABLE IF EXISTS `rail_transportations`;
/*!40101 SET @saved_cs_client     = @@character_set_client */;
/*!40101 SET character_set_client = utf8 */;
CREATE TABLE `rail_transportations` (
  `id` int(10) unsigned NOT NULL AUTO_INCREMENT,
  `description` longtext DEFAULT NULL,
  `created_at` datetime(6) DEFAULT NULL,
  `updated_at` datetime(6) DEFAULT NULL,
  `published_at` datetime(6) DEFAULT NULL,
  `created_by_id` int(10) unsigned DEFAULT NULL,
  `updated_by_id` int(10) unsigned DEFAULT NULL,
  `locale` varchar(255) DEFAULT NULL,
  PRIMARY KEY (`id`),
  KEY `rail_transportations_created_by_id_fk` (`created_by_id`),
  KEY `rail_transportations_updated_by_id_fk` (`updated_by_id`),
  CONSTRAINT `rail_transportations_created_by_id_fk` FOREIGN KEY (`created_by_id`) REFERENCES `admin_users` (`id`) ON DELETE SET NULL,
  CONSTRAINT `rail_transportations_updated_by_id_fk` FOREIGN KEY (`updated_by_id`) REFERENCES `admin_users` (`id`) ON DELETE SET NULL
) ENGINE=InnoDB AUTO_INCREMENT=3 DEFAULT CHARSET=utf8mb4 COLLATE=utf8mb4_general_ci;
/*!40101 SET character_set_client = @saved_cs_client */;

--
-- Dumping data for table `rail_transportations`
--

LOCK TABLES `rail_transportations` WRITE;
/*!40000 ALTER TABLE `rail_transportations` DISABLE KEYS */;
INSERT INTO `rail_transportations` VALUES (1,'H thng ng st chuyn tuyn Bc Nam, c kh nng vn chuyn 650 tn hng ha mi ngy n 63/63 tnh thnh \nv xuyn bin gii (Cross Border)','2023-06-08 03:25:48.461000','2023-06-08 07:41:17.319000','2023-06-08 03:25:52.599000',1,1,'vi-VN'),(2,'North-South railway system, capable of transporting 650 tons of goods per day to 63/63 cities and provinces \nand cross-border transportation ','2023-06-08 03:31:07.332000','2023-06-27 09:56:46.548000','2023-06-08 03:58:38.560000',1,1,'en');
/*!40000 ALTER TABLE `rail_transportations` ENABLE KEYS */;
UNLOCK TABLES;

--
-- Table structure for table `rail_transportations_components`
--

DROP TABLE IF EXISTS `rail_transportations_components`;
/*!40101 SET @saved_cs_client     = @@character_set_client */;
/*!40101 SET character_set_client = utf8 */;
CREATE TABLE `rail_transportations_components` (
  `id` int(10) unsigned NOT NULL AUTO_INCREMENT,
  `entity_id` int(10) unsigned DEFAULT NULL,
  `component_id` int(10) unsigned DEFAULT NULL,
  `component_type` varchar(255) DEFAULT NULL,
  `field` varchar(255) DEFAULT NULL,
  `order` double unsigned DEFAULT NULL,
  PRIMARY KEY (`id`),
  UNIQUE KEY `rail_transportations_unique` (`entity_id`,`component_id`,`field`,`component_type`),
  KEY `rail_transportations_field_index` (`field`),
  KEY `rail_transportations_component_type_index` (`component_type`),
  KEY `rail_transportations_entity_fk` (`entity_id`),
  CONSTRAINT `rail_transportations_entity_fk` FOREIGN KEY (`entity_id`) REFERENCES `rail_transportations` (`id`) ON DELETE CASCADE
) ENGINE=InnoDB AUTO_INCREMENT=299 DEFAULT CHARSET=utf8mb4 COLLATE=utf8mb4_general_ci;
/*!40101 SET character_set_client = @saved_cs_client */;

--
-- Dumping data for table `rail_transportations_components`
--

LOCK TABLES `rail_transportations_components` WRITE;
/*!40000 ALTER TABLE `rail_transportations_components` DISABLE KEYS */;
INSERT INTO `rail_transportations_components` VALUES (172,2,29,'common.price-table','internal_price_table',17),(173,2,30,'common.price-table','international_price_table',18),(205,1,32,'service.feature','features',2),(206,1,33,'service.feature','features',10),(207,1,34,'service.feature','features',11),(208,1,41,'rail.service','services',4),(209,1,42,'rail.service','services',5),(210,1,43,'rail.service','services',9),(211,1,44,'rail.service','advantages',1),(212,1,45,'rail.service','advantages',3),(213,1,46,'rail.service','advantages',6),(214,1,47,'rail.service','advantages',8),(215,1,72,'trucking.other-service','others',1),(216,1,73,'trucking.other-service','others',2),(217,1,74,'trucking.other-service','others',3),(218,1,103,'shared.seo','SEO',17),(219,1,31,'common.price-table','internal_price_table',13),(220,1,32,'common.price-table','international_price_table',16),(235,1,33,'common.price-table','price_table',7),(261,1,78,'trucking.other-service','others',4),(267,2,38,'service.feature','features',5),(268,2,39,'service.feature','features',9),(269,2,40,'service.feature','features',12),(270,2,55,'rail.service','services',4),(271,2,56,'rail.service','services',8),(272,2,57,'rail.service','services',10),(273,2,58,'rail.service','advantages',2),(274,2,59,'rail.service','advantages',3),(275,2,60,'rail.service','advantages',6),(276,2,61,'rail.service','advantages',7),(277,2,79,'trucking.other-service','others',1),(278,2,80,'trucking.other-service','others',2),(279,2,81,'trucking.other-service','others',3),(280,2,82,'trucking.other-service','others',4),(281,2,105,'shared.seo','SEO',11),(282,2,35,'common.price-table','price_table',1);
/*!40000 ALTER TABLE `rail_transportations_components` ENABLE KEYS */;
UNLOCK TABLES;

--
-- Table structure for table `rail_transportations_localizations_links`
--

DROP TABLE IF EXISTS `rail_transportations_localizations_links`;
/*!40101 SET @saved_cs_client     = @@character_set_client */;
/*!40101 SET character_set_client = utf8 */;
CREATE TABLE `rail_transportations_localizations_links` (
  `id` int(10) unsigned NOT NULL AUTO_INCREMENT,
  `rail_transportation_id` int(10) unsigned DEFAULT NULL,
  `inv_rail_transportation_id` int(10) unsigned DEFAULT NULL,
  `rail_transportation_order` double unsigned DEFAULT NULL,
  PRIMARY KEY (`id`),
  UNIQUE KEY `rail_transportations_localizations_links_unique` (`rail_transportation_id`,`inv_rail_transportation_id`),
  KEY `rail_transportations_localizations_links_fk` (`rail_transportation_id`),
  KEY `rail_transportations_localizations_links_inv_fk` (`inv_rail_transportation_id`),
  KEY `rail_transportations_localizations_links_order_fk` (`rail_transportation_order`),
  CONSTRAINT `rail_transportations_localizations_links_fk` FOREIGN KEY (`rail_transportation_id`) REFERENCES `rail_transportations` (`id`) ON DELETE CASCADE,
  CONSTRAINT `rail_transportations_localizations_links_inv_fk` FOREIGN KEY (`inv_rail_transportation_id`) REFERENCES `rail_transportations` (`id`) ON DELETE CASCADE
) ENGINE=InnoDB AUTO_INCREMENT=3 DEFAULT CHARSET=utf8mb4 COLLATE=utf8mb4_general_ci;
/*!40101 SET character_set_client = @saved_cs_client */;

--
-- Dumping data for table `rail_transportations_localizations_links`
--

LOCK TABLES `rail_transportations_localizations_links` WRITE;
/*!40000 ALTER TABLE `rail_transportations_localizations_links` DISABLE KEYS */;
INSERT INTO `rail_transportations_localizations_links` VALUES (1,2,1,1),(2,1,2,1);
/*!40000 ALTER TABLE `rail_transportations_localizations_links` ENABLE KEYS */;
UNLOCK TABLES;

--
-- Table structure for table `sea_transports`
--

DROP TABLE IF EXISTS `sea_transports`;
/*!40101 SET @saved_cs_client     = @@character_set_client */;
/*!40101 SET character_set_client = utf8 */;
CREATE TABLE `sea_transports` (
  `id` int(10) unsigned NOT NULL AUTO_INCREMENT,
  `created_at` datetime(6) DEFAULT NULL,
  `updated_at` datetime(6) DEFAULT NULL,
  `created_by_id` int(10) unsigned DEFAULT NULL,
  `updated_by_id` int(10) unsigned DEFAULT NULL,
  `locale` varchar(255) DEFAULT NULL,
  `description` longtext DEFAULT NULL,
  PRIMARY KEY (`id`),
  KEY `sea_transports_created_by_id_fk` (`created_by_id`),
  KEY `sea_transports_updated_by_id_fk` (`updated_by_id`),
  CONSTRAINT `sea_transports_created_by_id_fk` FOREIGN KEY (`created_by_id`) REFERENCES `admin_users` (`id`) ON DELETE SET NULL,
  CONSTRAINT `sea_transports_updated_by_id_fk` FOREIGN KEY (`updated_by_id`) REFERENCES `admin_users` (`id`) ON DELETE SET NULL
) ENGINE=InnoDB AUTO_INCREMENT=3 DEFAULT CHARSET=utf8mb4 COLLATE=utf8mb4_general_ci;
/*!40101 SET character_set_client = @saved_cs_client */;

--
-- Dumping data for table `sea_transports`
--

LOCK TABLES `sea_transports` WRITE;
/*!40000 ALTER TABLE `sea_transports` DISABLE KEYS */;
INSERT INTO `sea_transports` VALUES (1,'2023-06-08 08:55:24.065000','2023-06-28 03:20:01.237000',1,1,'vi-VN','Cc tuyn i thng thng qua mng li i l lu nm v l i tc chin lc vi cc hng tu ln: \nCOSCO, SITC, CMA - CGM, IAL, EMC'),(2,'2023-06-08 09:04:50.358000','2023-06-28 03:25:48.337000',1,1,'en','Direct routes through a long-standing agent network and strategic partners with major shipping lines:\nCOSCO, SITC, CMA - CGM, IAL, EMC');
/*!40000 ALTER TABLE `sea_transports` ENABLE KEYS */;
UNLOCK TABLES;

--
-- Table structure for table `sea_transports_components`
--

DROP TABLE IF EXISTS `sea_transports_components`;
/*!40101 SET @saved_cs_client     = @@character_set_client */;
/*!40101 SET character_set_client = utf8 */;
CREATE TABLE `sea_transports_components` (
  `id` int(10) unsigned NOT NULL AUTO_INCREMENT,
  `entity_id` int(10) unsigned DEFAULT NULL,
  `component_id` int(10) unsigned DEFAULT NULL,
  `component_type` varchar(255) DEFAULT NULL,
  `field` varchar(255) DEFAULT NULL,
  `order` double unsigned DEFAULT NULL,
  PRIMARY KEY (`id`),
  UNIQUE KEY `sea_transports_unique` (`entity_id`,`component_id`,`field`,`component_type`),
  KEY `sea_transports_field_index` (`field`),
  KEY `sea_transports_component_type_index` (`component_type`),
  KEY `sea_transports_entity_fk` (`entity_id`),
  CONSTRAINT `sea_transports_entity_fk` FOREIGN KEY (`entity_id`) REFERENCES `sea_transports` (`id`) ON DELETE CASCADE
) ENGINE=InnoDB AUTO_INCREMENT=216 DEFAULT CHARSET=utf8mb4 COLLATE=utf8mb4_general_ci;
/*!40101 SET character_set_client = @saved_cs_client */;

--
-- Dumping data for table `sea_transports_components`
--

LOCK TABLES `sea_transports_components` WRITE;
/*!40000 ALTER TABLE `sea_transports_components` DISABLE KEYS */;
INSERT INTO `sea_transports_components` VALUES (1,1,1,'sea.feature','features',2),(2,1,2,'sea.feature','features',9),(6,1,62,'rail.service','domestic_services',4),(7,1,63,'rail.service','domestic_services',5),(8,1,64,'rail.service','domestic_services',8),(25,1,1,'sea.service','services',1),(31,1,2,'sea.service','services',3),(38,1,3,'sea.service','services',6),(49,1,106,'shared.seo','SEO',14),(59,1,83,'trucking.other-service','others',1),(60,1,84,'trucking.other-service','others',2),(61,1,85,'trucking.other-service','others',3),(62,1,86,'trucking.other-service','others',4),(89,1,42,'common.price-table','domestic_price',13),(146,2,9,'sea.feature','features',7),(147,2,10,'sea.feature','features',8),(148,2,107,'rail.service','domestic_services',3),(149,2,108,'rail.service','domestic_services',5),(150,2,109,'rail.service','domestic_services',9),(151,2,13,'sea.service','services',2),(152,2,14,'sea.service','services',4),(153,2,15,'sea.service','services',6),(154,2,110,'shared.seo','SEO',14),(155,2,99,'trucking.other-service','others',1),(156,2,100,'trucking.other-service','others',2),(157,2,101,'trucking.other-service','others',3),(158,2,102,'trucking.other-service','others',4),(159,2,54,'common.price-table','domestic_price',13);
/*!40000 ALTER TABLE `sea_transports_components` ENABLE KEYS */;
UNLOCK TABLES;

--
-- Table structure for table `sea_transports_localizations_links`
--

DROP TABLE IF EXISTS `sea_transports_localizations_links`;
/*!40101 SET @saved_cs_client     = @@character_set_client */;
/*!40101 SET character_set_client = utf8 */;
CREATE TABLE `sea_transports_localizations_links` (
  `id` int(10) unsigned NOT NULL AUTO_INCREMENT,
  `sea_transport_id` int(10) unsigned DEFAULT NULL,
  `inv_sea_transport_id` int(10) unsigned DEFAULT NULL,
  `sea_transport_order` double unsigned DEFAULT NULL,
  PRIMARY KEY (`id`),
  UNIQUE KEY `sea_transports_localizations_links_unique` (`sea_transport_id`,`inv_sea_transport_id`),
  KEY `sea_transports_localizations_links_fk` (`sea_transport_id`),
  KEY `sea_transports_localizations_links_inv_fk` (`inv_sea_transport_id`),
  KEY `sea_transports_localizations_links_order_fk` (`sea_transport_order`),
  CONSTRAINT `sea_transports_localizations_links_fk` FOREIGN KEY (`sea_transport_id`) REFERENCES `sea_transports` (`id`) ON DELETE CASCADE,
  CONSTRAINT `sea_transports_localizations_links_inv_fk` FOREIGN KEY (`inv_sea_transport_id`) REFERENCES `sea_transports` (`id`) ON DELETE CASCADE
) ENGINE=InnoDB AUTO_INCREMENT=3 DEFAULT CHARSET=utf8mb4 COLLATE=utf8mb4_general_ci;
/*!40101 SET character_set_client = @saved_cs_client */;

--
-- Dumping data for table `sea_transports_localizations_links`
--

LOCK TABLES `sea_transports_localizations_links` WRITE;
/*!40000 ALTER TABLE `sea_transports_localizations_links` DISABLE KEYS */;
INSERT INTO `sea_transports_localizations_links` VALUES (1,2,1,1),(2,1,2,1);
/*!40000 ALTER TABLE `sea_transports_localizations_links` ENABLE KEYS */;
UNLOCK TABLES;

--
-- Table structure for table `services`
--

DROP TABLE IF EXISTS `services`;
/*!40101 SET @saved_cs_client     = @@character_set_client */;
/*!40101 SET character_set_client = utf8 */;
CREATE TABLE `services` (
  `id` int(10) unsigned NOT NULL AUTO_INCREMENT,
  `description` varchar(255) DEFAULT NULL,
  `created_at` datetime(6) DEFAULT NULL,
  `updated_at` datetime(6) DEFAULT NULL,
  `published_at` datetime(6) DEFAULT NULL,
  `created_by_id` int(10) unsigned DEFAULT NULL,
  `updated_by_id` int(10) unsigned DEFAULT NULL,
  `description_service` longtext DEFAULT NULL,
  `locale` varchar(255) DEFAULT NULL,
  PRIMARY KEY (`id`),
  KEY `services_created_by_id_fk` (`created_by_id`),
  KEY `services_updated_by_id_fk` (`updated_by_id`),
  CONSTRAINT `services_created_by_id_fk` FOREIGN KEY (`created_by_id`) REFERENCES `admin_users` (`id`) ON DELETE SET NULL,
  CONSTRAINT `services_updated_by_id_fk` FOREIGN KEY (`updated_by_id`) REFERENCES `admin_users` (`id`) ON DELETE SET NULL
) ENGINE=InnoDB AUTO_INCREMENT=3 DEFAULT CHARSET=utf8mb4 COLLATE=utf8mb4_general_ci;
/*!40101 SET character_set_client = @saved_cs_client */;

--
-- Dumping data for table `services`
--

LOCK TABLES `services` WRITE;
/*!40000 ALTER TABLE `services` DISABLE KEYS */;
INSERT INTO `services` VALUES (1,'H sinh thi kt ni ngi bn, ngi mua, nh cung cp, nh sn xut,... xy dng chui cung cng hon chnh v a dng','2023-05-24 08:09:30.113000','2023-07-03 03:29:20.352000','2023-05-24 08:13:16.856000',1,1,'L mt trong s t cc doanh nghip Logistics s hu h thng hn 3.000 xe ti & container  cc ti trng, Viettel Logistics m bo s mang n cho khch hng nhng dch v hng u.','vi-VN'),(2,'Ecosystem connecting sellers, buyers, suppliers, manufacturers,... building a complete and diversified hard supply chain','2023-05-30 10:07:07.066000','2023-07-03 03:33:16.117000','2023-05-30 10:07:07.795000',1,1,'As one of the few Logistics enterprises owning a system of more than 3.000 3000 trucks and containers of all loads, Viettel Logistics guarantees to bring customers the best services. top service.','en');
/*!40000 ALTER TABLE `services` ENABLE KEYS */;
UNLOCK TABLES;

--
-- Table structure for table `services_components`
--

DROP TABLE IF EXISTS `services_components`;
/*!40101 SET @saved_cs_client     = @@character_set_client */;
/*!40101 SET character_set_client = utf8 */;
CREATE TABLE `services_components` (
  `id` int(10) unsigned NOT NULL AUTO_INCREMENT,
  `entity_id` int(10) unsigned DEFAULT NULL,
  `component_id` int(10) unsigned DEFAULT NULL,
  `component_type` varchar(255) DEFAULT NULL,
  `field` varchar(255) DEFAULT NULL,
  `order` double unsigned DEFAULT NULL,
  PRIMARY KEY (`id`),
  UNIQUE KEY `services_unique` (`entity_id`,`component_id`,`field`,`component_type`),
  KEY `services_field_index` (`field`),
  KEY `services_component_type_index` (`component_type`),
  KEY `services_entity_fk` (`entity_id`),
  CONSTRAINT `services_entity_fk` FOREIGN KEY (`entity_id`) REFERENCES `services` (`id`) ON DELETE CASCADE
) ENGINE=InnoDB AUTO_INCREMENT=129 DEFAULT CHARSET=utf8mb4 COLLATE=utf8mb4_general_ci;
/*!40101 SET character_set_client = @saved_cs_client */;

--
-- Dumping data for table `services_components`
--

LOCK TABLES `services_components` WRITE;
/*!40000 ALTER TABLE `services_components` DISABLE KEYS */;
INSERT INTO `services_components` VALUES (1,1,1,'service.feature','features',2),(2,1,2,'service.feature','features',3),(3,1,3,'service.feature','features',5),(4,1,4,'service.feature','features',7),(5,1,1,'service.transportation','transportations',1),(6,1,2,'service.transportation','transportations',2),(7,1,3,'service.transportation','transportations',3),(29,1,11,'shared.seo','SEO',9),(34,1,7,'service.transportation','transportations',4),(57,2,13,'service.feature','features',1),(58,2,14,'service.feature','features',2),(59,2,15,'service.feature','features',4),(60,2,16,'service.feature','features',6),(61,2,12,'service.transportation','transportations',1),(62,2,13,'service.transportation','transportations',2),(63,2,14,'service.transportation','transportations',3),(64,2,15,'service.transportation','transportations',4),(65,2,17,'shared.seo','SEO',9);
/*!40000 ALTER TABLE `services_components` ENABLE KEYS */;
UNLOCK TABLES;

--
-- Table structure for table `services_localizations_links`
--

DROP TABLE IF EXISTS `services_localizations_links`;
/*!40101 SET @saved_cs_client     = @@character_set_client */;
/*!40101 SET character_set_client = utf8 */;
CREATE TABLE `services_localizations_links` (
  `id` int(10) unsigned NOT NULL AUTO_INCREMENT,
  `service_id` int(10) unsigned DEFAULT NULL,
  `inv_service_id` int(10) unsigned DEFAULT NULL,
  `service_order` double unsigned DEFAULT NULL,
  PRIMARY KEY (`id`),
  UNIQUE KEY `services_localizations_links_unique` (`service_id`,`inv_service_id`),
  KEY `services_localizations_links_fk` (`service_id`),
  KEY `services_localizations_links_inv_fk` (`inv_service_id`),
  KEY `services_localizations_links_order_fk` (`service_order`),
  CONSTRAINT `services_localizations_links_fk` FOREIGN KEY (`service_id`) REFERENCES `services` (`id`) ON DELETE CASCADE,
  CONSTRAINT `services_localizations_links_inv_fk` FOREIGN KEY (`inv_service_id`) REFERENCES `services` (`id`) ON DELETE CASCADE
) ENGINE=InnoDB AUTO_INCREMENT=3 DEFAULT CHARSET=utf8mb4 COLLATE=utf8mb4_general_ci;
/*!40101 SET character_set_client = @saved_cs_client */;

--
-- Dumping data for table `services_localizations_links`
--

LOCK TABLES `services_localizations_links` WRITE;
/*!40000 ALTER TABLE `services_localizations_links` DISABLE KEYS */;
INSERT INTO `services_localizations_links` VALUES (1,2,1,1),(2,1,2,1);
/*!40000 ALTER TABLE `services_localizations_links` ENABLE KEYS */;
UNLOCK TABLES;

--
-- Table structure for table `slugs`
--

DROP TABLE IF EXISTS `slugs`;
/*!40101 SET @saved_cs_client     = @@character_set_client */;
/*!40101 SET character_set_client = utf8 */;
CREATE TABLE `slugs` (
  `id` int(10) unsigned NOT NULL AUTO_INCREMENT,
  `slug` longtext DEFAULT NULL,
  `count` int(11) DEFAULT NULL,
  `created_at` datetime(6) DEFAULT NULL,
  `updated_at` datetime(6) DEFAULT NULL,
  `created_by_id` int(10) unsigned DEFAULT NULL,
  `updated_by_id` int(10) unsigned DEFAULT NULL,
  PRIMARY KEY (`id`),
  KEY `slugs_created_by_id_fk` (`created_by_id`),
  KEY `slugs_updated_by_id_fk` (`updated_by_id`),
  CONSTRAINT `slugs_created_by_id_fk` FOREIGN KEY (`created_by_id`) REFERENCES `admin_users` (`id`) ON DELETE SET NULL,
  CONSTRAINT `slugs_updated_by_id_fk` FOREIGN KEY (`updated_by_id`) REFERENCES `admin_users` (`id`) ON DELETE SET NULL
) ENGINE=InnoDB DEFAULT CHARSET=utf8mb4 COLLATE=utf8mb4_general_ci;
/*!40101 SET character_set_client = @saved_cs_client */;

--
-- Dumping data for table `slugs`
--

LOCK TABLES `slugs` WRITE;
/*!40000 ALTER TABLE `slugs` DISABLE KEYS */;
/*!40000 ALTER TABLE `slugs` ENABLE KEYS */;
UNLOCK TABLES;

--
-- Table structure for table `strapi_api_token_permissions`
--

DROP TABLE IF EXISTS `strapi_api_token_permissions`;
/*!40101 SET @saved_cs_client     = @@character_set_client */;
/*!40101 SET character_set_client = utf8 */;
CREATE TABLE `strapi_api_token_permissions` (
  `id` int(10) unsigned NOT NULL AUTO_INCREMENT,
  `action` varchar(255) DEFAULT NULL,
  `created_at` datetime(6) DEFAULT NULL,
  `updated_at` datetime(6) DEFAULT NULL,
  `created_by_id` int(10) unsigned DEFAULT NULL,
  `updated_by_id` int(10) unsigned DEFAULT NULL,
  PRIMARY KEY (`id`),
  KEY `strapi_api_token_permissions_created_by_id_fk` (`created_by_id`),
  KEY `strapi_api_token_permissions_updated_by_id_fk` (`updated_by_id`),
  CONSTRAINT `strapi_api_token_permissions_created_by_id_fk` FOREIGN KEY (`created_by_id`) REFERENCES `admin_users` (`id`) ON DELETE SET NULL,
  CONSTRAINT `strapi_api_token_permissions_updated_by_id_fk` FOREIGN KEY (`updated_by_id`) REFERENCES `admin_users` (`id`) ON DELETE SET NULL
) ENGINE=InnoDB DEFAULT CHARSET=utf8mb4 COLLATE=utf8mb4_general_ci;
/*!40101 SET character_set_client = @saved_cs_client */;

--
-- Dumping data for table `strapi_api_token_permissions`
--

LOCK TABLES `strapi_api_token_permissions` WRITE;
/*!40000 ALTER TABLE `strapi_api_token_permissions` DISABLE KEYS */;
/*!40000 ALTER TABLE `strapi_api_token_permissions` ENABLE KEYS */;
UNLOCK TABLES;

--
-- Table structure for table `strapi_api_token_permissions_token_links`
--

DROP TABLE IF EXISTS `strapi_api_token_permissions_token_links`;
/*!40101 SET @saved_cs_client     = @@character_set_client */;
/*!40101 SET character_set_client = utf8 */;
CREATE TABLE `strapi_api_token_permissions_token_links` (
  `id` int(10) unsigned NOT NULL AUTO_INCREMENT,
  `api_token_permission_id` int(10) unsigned DEFAULT NULL,
  `api_token_id` int(10) unsigned DEFAULT NULL,
  `api_token_permission_order` double unsigned DEFAULT NULL,
  PRIMARY KEY (`id`),
  UNIQUE KEY `strapi_api_token_permissions_token_links_unique` (`api_token_permission_id`,`api_token_id`),
  KEY `strapi_api_token_permissions_token_links_fk` (`api_token_permission_id`),
  KEY `strapi_api_token_permissions_token_links_inv_fk` (`api_token_id`),
  KEY `strapi_api_token_permissions_token_links_order_inv_fk` (`api_token_permission_order`),
  CONSTRAINT `strapi_api_token_permissions_token_links_fk` FOREIGN KEY (`api_token_permission_id`) REFERENCES `strapi_api_token_permissions` (`id`) ON DELETE CASCADE,
  CONSTRAINT `strapi_api_token_permissions_token_links_inv_fk` FOREIGN KEY (`api_token_id`) REFERENCES `strapi_api_tokens` (`id`) ON DELETE CASCADE
) ENGINE=InnoDB DEFAULT CHARSET=utf8mb4 COLLATE=utf8mb4_general_ci;
/*!40101 SET character_set_client = @saved_cs_client */;

--
-- Dumping data for table `strapi_api_token_permissions_token_links`
--

LOCK TABLES `strapi_api_token_permissions_token_links` WRITE;
/*!40000 ALTER TABLE `strapi_api_token_permissions_token_links` DISABLE KEYS */;
/*!40000 ALTER TABLE `strapi_api_token_permissions_token_links` ENABLE KEYS */;
UNLOCK TABLES;

--
-- Table structure for table `strapi_api_tokens`
--

DROP TABLE IF EXISTS `strapi_api_tokens`;
/*!40101 SET @saved_cs_client     = @@character_set_client */;
/*!40101 SET character_set_client = utf8 */;
CREATE TABLE `strapi_api_tokens` (
  `id` int(10) unsigned NOT NULL AUTO_INCREMENT,
  `name` varchar(255) DEFAULT NULL,
  `description` varchar(255) DEFAULT NULL,
  `type` varchar(255) DEFAULT NULL,
  `access_key` varchar(255) DEFAULT NULL,
  `last_used_at` datetime(6) DEFAULT NULL,
  `expires_at` datetime(6) DEFAULT NULL,
  `lifespan` bigint(20) DEFAULT NULL,
  `created_at` datetime(6) DEFAULT NULL,
  `updated_at` datetime(6) DEFAULT NULL,
  `created_by_id` int(10) unsigned DEFAULT NULL,
  `updated_by_id` int(10) unsigned DEFAULT NULL,
  PRIMARY KEY (`id`),
  KEY `strapi_api_tokens_created_by_id_fk` (`created_by_id`),
  KEY `strapi_api_tokens_updated_by_id_fk` (`updated_by_id`),
  CONSTRAINT `strapi_api_tokens_created_by_id_fk` FOREIGN KEY (`created_by_id`) REFERENCES `admin_users` (`id`) ON DELETE SET NULL,
  CONSTRAINT `strapi_api_tokens_updated_by_id_fk` FOREIGN KEY (`updated_by_id`) REFERENCES `admin_users` (`id`) ON DELETE SET NULL
) ENGINE=InnoDB DEFAULT CHARSET=utf8mb4 COLLATE=utf8mb4_general_ci;
/*!40101 SET character_set_client = @saved_cs_client */;

--
-- Dumping data for table `strapi_api_tokens`
--

LOCK TABLES `strapi_api_tokens` WRITE;
/*!40000 ALTER TABLE `strapi_api_tokens` DISABLE KEYS */;
/*!40000 ALTER TABLE `strapi_api_tokens` ENABLE KEYS */;
UNLOCK TABLES;

--
-- Table structure for table `strapi_core_store_settings`
--

DROP TABLE IF EXISTS `strapi_core_store_settings`;
/*!40101 SET @saved_cs_client     = @@character_set_client */;
/*!40101 SET character_set_client = utf8 */;
CREATE TABLE `strapi_core_store_settings` (
  `id` int(10) unsigned NOT NULL AUTO_INCREMENT,
  `key` varchar(255) DEFAULT NULL,
  `value` longtext DEFAULT NULL,
  `type` varchar(255) DEFAULT NULL,
  `environment` varchar(255) DEFAULT NULL,
  `tag` varchar(255) DEFAULT NULL,
  PRIMARY KEY (`id`)
) ENGINE=InnoDB AUTO_INCREMENT=109 DEFAULT CHARSET=utf8mb4 COLLATE=utf8mb4_general_ci;
/*!40101 SET character_set_client = @saved_cs_client */;

--
-- Dumping data for table `strapi_core_store_settings`
--

LOCK TABLES `strapi_core_store_settings` WRITE;
/*!40000 ALTER TABLE `strapi_core_store_settings` DISABLE KEYS */;
INSERT INTO `strapi_core_store_settings` VALUES (1,'strapi_content_types_schema','{\"admin::permission\":{\"collectionName\":\"admin_permissions\",\"info\":{\"name\":\"Permission\",\"description\":\"\",\"singularName\":\"permission\",\"pluralName\":\"permissions\",\"displayName\":\"Permission\"},\"options\":{},\"pluginOptions\":{\"content-manager\":{\"visible\":false},\"content-type-builder\":{\"visible\":false}},\"attributes\":{\"action\":{\"type\":\"string\",\"minLength\":1,\"configurable\":false,\"required\":true},\"subject\":{\"type\":\"string\",\"minLength\":1,\"configurable\":false,\"required\":false},\"properties\":{\"type\":\"json\",\"configurable\":false,\"required\":false,\"default\":{}},\"conditions\":{\"type\":\"json\",\"configurable\":false,\"required\":false,\"default\":[]},\"role\":{\"configurable\":false,\"type\":\"relation\",\"relation\":\"manyToOne\",\"inversedBy\":\"permissions\",\"target\":\"admin::role\"},\"createdAt\":{\"type\":\"datetime\"},\"updatedAt\":{\"type\":\"datetime\"},\"createdBy\":{\"type\":\"relation\",\"relation\":\"oneToOne\",\"target\":\"admin::user\",\"configurable\":false,\"writable\":false,\"visible\":false,\"useJoinTable\":false,\"private\":true},\"updatedBy\":{\"type\":\"relation\",\"relation\":\"oneToOne\",\"target\":\"admin::user\",\"configurable\":false,\"writable\":false,\"visible\":false,\"useJoinTable\":false,\"private\":true}},\"kind\":\"collectionType\",\"__schema__\":{\"collectionName\":\"admin_permissions\",\"info\":{\"name\":\"Permission\",\"description\":\"\",\"singularName\":\"permission\",\"pluralName\":\"permissions\",\"displayName\":\"Permission\"},\"options\":{},\"pluginOptions\":{\"content-manager\":{\"visible\":false},\"content-type-builder\":{\"visible\":false}},\"attributes\":{\"action\":{\"type\":\"string\",\"minLength\":1,\"configurable\":false,\"required\":true},\"subject\":{\"type\":\"string\",\"minLength\":1,\"configurable\":false,\"required\":false},\"properties\":{\"type\":\"json\",\"configurable\":false,\"required\":false,\"default\":{}},\"conditions\":{\"type\":\"json\",\"configurable\":false,\"required\":false,\"default\":[]},\"role\":{\"configurable\":false,\"type\":\"relation\",\"relation\":\"manyToOne\",\"inversedBy\":\"permissions\",\"target\":\"admin::role\"}},\"kind\":\"collectionType\"},\"modelType\":\"contentType\",\"modelName\":\"permission\",\"connection\":\"default\",\"uid\":\"admin::permission\",\"plugin\":\"admin\",\"globalId\":\"AdminPermission\"},\"admin::user\":{\"collectionName\":\"admin_users\",\"info\":{\"name\":\"User\",\"description\":\"\",\"singularName\":\"user\",\"pluralName\":\"users\",\"displayName\":\"User\"},\"pluginOptions\":{\"content-manager\":{\"visible\":false},\"content-type-builder\":{\"visible\":false}},\"attributes\":{\"firstname\":{\"type\":\"string\",\"unique\":false,\"minLength\":1,\"configurable\":false,\"required\":false},\"lastname\":{\"type\":\"string\",\"unique\":false,\"minLength\":1,\"configurable\":false,\"required\":false},\"username\":{\"type\":\"string\",\"unique\":false,\"configurable\":false,\"required\":false},\"email\":{\"type\":\"email\",\"minLength\":6,\"configurable\":false,\"required\":true,\"unique\":true,\"private\":true},\"password\":{\"type\":\"password\",\"minLength\":6,\"configurable\":false,\"required\":false,\"private\":true,\"searchable\":false},\"resetPasswordToken\":{\"type\":\"string\",\"configurable\":false,\"private\":true,\"searchable\":false},\"registrationToken\":{\"type\":\"string\",\"configurable\":false,\"private\":true,\"searchable\":false},\"isActive\":{\"type\":\"boolean\",\"default\":false,\"configurable\":false,\"private\":true},\"roles\":{\"configurable\":false,\"private\":true,\"type\":\"relation\",\"relation\":\"manyToMany\",\"inversedBy\":\"users\",\"target\":\"admin::role\",\"collectionName\":\"strapi_users_roles\"},\"blocked\":{\"type\":\"boolean\",\"default\":false,\"configurable\":false,\"private\":true},\"preferedLanguage\":{\"type\":\"string\",\"configurable\":false,\"required\":false,\"searchable\":false},\"createdAt\":{\"type\":\"datetime\"},\"updatedAt\":{\"type\":\"datetime\"},\"createdBy\":{\"type\":\"relation\",\"relation\":\"oneToOne\",\"target\":\"admin::user\",\"configurable\":false,\"writable\":false,\"visible\":false,\"useJoinTable\":false,\"private\":true},\"updatedBy\":{\"type\":\"relation\",\"relation\":\"oneToOne\",\"target\":\"admin::user\",\"configurable\":false,\"writable\":false,\"visible\":false,\"useJoinTable\":false,\"private\":true}},\"kind\":\"collectionType\",\"__schema__\":{\"collectionName\":\"admin_users\",\"info\":{\"name\":\"User\",\"description\":\"\",\"singularName\":\"user\",\"pluralName\":\"users\",\"displayName\":\"User\"},\"pluginOptions\":{\"content-manager\":{\"visible\":false},\"content-type-builder\":{\"visible\":false}},\"attributes\":{\"firstname\":{\"type\":\"string\",\"unique\":false,\"minLength\":1,\"configurable\":false,\"required\":false},\"lastname\":{\"type\":\"string\",\"unique\":false,\"minLength\":1,\"configurable\":false,\"required\":false},\"username\":{\"type\":\"string\",\"unique\":false,\"configurable\":false,\"required\":false},\"email\":{\"type\":\"email\",\"minLength\":6,\"configurable\":false,\"required\":true,\"unique\":true,\"private\":true},\"password\":{\"type\":\"password\",\"minLength\":6,\"configurable\":false,\"required\":false,\"private\":true,\"searchable\":false},\"resetPasswordToken\":{\"type\":\"string\",\"configurable\":false,\"private\":true,\"searchable\":false},\"registrationToken\":{\"type\":\"string\",\"configurable\":false,\"private\":true,\"searchable\":false},\"isActive\":{\"type\":\"boolean\",\"default\":false,\"configurable\":false,\"private\":true},\"roles\":{\"configurable\":false,\"private\":true,\"type\":\"relation\",\"relation\":\"manyToMany\",\"inversedBy\":\"users\",\"target\":\"admin::role\",\"collectionName\":\"strapi_users_roles\"},\"blocked\":{\"type\":\"boolean\",\"default\":false,\"configurable\":false,\"private\":true},\"preferedLanguage\":{\"type\":\"string\",\"configurable\":false,\"required\":false,\"searchable\":false}},\"kind\":\"collectionType\"},\"modelType\":\"contentType\",\"modelName\":\"user\",\"connection\":\"default\",\"uid\":\"admin::user\",\"plugin\":\"admin\",\"globalId\":\"AdminUser\"},\"admin::role\":{\"collectionName\":\"admin_roles\",\"info\":{\"name\":\"Role\",\"description\":\"\",\"singularName\":\"role\",\"pluralName\":\"roles\",\"displayName\":\"Role\"},\"options\":{},\"pluginOptions\":{\"content-manager\":{\"visible\":false},\"content-type-builder\":{\"visible\":false}},\"attributes\":{\"name\":{\"type\":\"string\",\"minLength\":1,\"unique\":true,\"configurable\":false,\"required\":true},\"code\":{\"type\":\"string\",\"minLength\":1,\"unique\":true,\"configurable\":false,\"required\":true},\"description\":{\"type\":\"string\",\"configurable\":false},\"users\":{\"configurable\":false,\"type\":\"relation\",\"relation\":\"manyToMany\",\"mappedBy\":\"roles\",\"target\":\"admin::user\"},\"permissions\":{\"configurable\":false,\"type\":\"relation\",\"relation\":\"oneToMany\",\"mappedBy\":\"role\",\"target\":\"admin::permission\"},\"createdAt\":{\"type\":\"datetime\"},\"updatedAt\":{\"type\":\"datetime\"},\"createdBy\":{\"type\":\"relation\",\"relation\":\"oneToOne\",\"target\":\"admin::user\",\"configurable\":false,\"writable\":false,\"visible\":false,\"useJoinTable\":false,\"private\":true},\"updatedBy\":{\"type\":\"relation\",\"relation\":\"oneToOne\",\"target\":\"admin::user\",\"configurable\":false,\"writable\":false,\"visible\":false,\"useJoinTable\":false,\"private\":true}},\"kind\":\"collectionType\",\"__schema__\":{\"collectionName\":\"admin_roles\",\"info\":{\"name\":\"Role\",\"description\":\"\",\"singularName\":\"role\",\"pluralName\":\"roles\",\"displayName\":\"Role\"},\"options\":{},\"pluginOptions\":{\"content-manager\":{\"visible\":false},\"content-type-builder\":{\"visible\":false}},\"attributes\":{\"name\":{\"type\":\"string\",\"minLength\":1,\"unique\":true,\"configurable\":false,\"required\":true},\"code\":{\"type\":\"string\",\"minLength\":1,\"unique\":true,\"configurable\":false,\"required\":true},\"description\":{\"type\":\"string\",\"configurable\":false},\"users\":{\"configurable\":false,\"type\":\"relation\",\"relation\":\"manyToMany\",\"mappedBy\":\"roles\",\"target\":\"admin::user\"},\"permissions\":{\"configurable\":false,\"type\":\"relation\",\"relation\":\"oneToMany\",\"mappedBy\":\"role\",\"target\":\"admin::permission\"}},\"kind\":\"collectionType\"},\"modelType\":\"contentType\",\"modelName\":\"role\",\"connection\":\"default\",\"uid\":\"admin::role\",\"plugin\":\"admin\",\"globalId\":\"AdminRole\"},\"admin::api-token\":{\"collectionName\":\"strapi_api_tokens\",\"info\":{\"name\":\"Api Token\",\"singularName\":\"api-token\",\"pluralName\":\"api-tokens\",\"displayName\":\"Api Token\",\"description\":\"\"},\"options\":{},\"pluginOptions\":{\"content-manager\":{\"visible\":false},\"content-type-builder\":{\"visible\":false}},\"attributes\":{\"name\":{\"type\":\"string\",\"minLength\":1,\"configurable\":false,\"required\":true,\"unique\":true},\"description\":{\"type\":\"string\",\"minLength\":1,\"configurable\":false,\"required\":false,\"default\":\"\"},\"type\":{\"type\":\"enumeration\",\"enum\":[\"read-only\",\"full-access\",\"custom\"],\"configurable\":false,\"required\":true,\"default\":\"read-only\"},\"accessKey\":{\"type\":\"string\",\"minLength\":1,\"configurable\":false,\"required\":true,\"searchable\":false},\"lastUsedAt\":{\"type\":\"datetime\",\"configurable\":false,\"required\":false},\"permissions\":{\"type\":\"relation\",\"target\":\"admin::api-token-permission\",\"relation\":\"oneToMany\",\"mappedBy\":\"token\",\"configurable\":false,\"required\":false},\"expiresAt\":{\"type\":\"datetime\",\"configurable\":false,\"required\":false},\"lifespan\":{\"type\":\"biginteger\",\"configurable\":false,\"required\":false},\"createdAt\":{\"type\":\"datetime\"},\"updatedAt\":{\"type\":\"datetime\"},\"createdBy\":{\"type\":\"relation\",\"relation\":\"oneToOne\",\"target\":\"admin::user\",\"configurable\":false,\"writable\":false,\"visible\":false,\"useJoinTable\":false,\"private\":true},\"updatedBy\":{\"type\":\"relation\",\"relation\":\"oneToOne\",\"target\":\"admin::user\",\"configurable\":false,\"writable\":false,\"visible\":false,\"useJoinTable\":false,\"private\":true}},\"kind\":\"collectionType\",\"__schema__\":{\"collectionName\":\"strapi_api_tokens\",\"info\":{\"name\":\"Api Token\",\"singularName\":\"api-token\",\"pluralName\":\"api-tokens\",\"displayName\":\"Api Token\",\"description\":\"\"},\"options\":{},\"pluginOptions\":{\"content-manager\":{\"visible\":false},\"content-type-builder\":{\"visible\":false}},\"attributes\":{\"name\":{\"type\":\"string\",\"minLength\":1,\"configurable\":false,\"required\":true,\"unique\":true},\"description\":{\"type\":\"string\",\"minLength\":1,\"configurable\":false,\"required\":false,\"default\":\"\"},\"type\":{\"type\":\"enumeration\",\"enum\":[\"read-only\",\"full-access\",\"custom\"],\"configurable\":false,\"required\":true,\"default\":\"read-only\"},\"accessKey\":{\"type\":\"string\",\"minLength\":1,\"configurable\":false,\"required\":true,\"searchable\":false},\"lastUsedAt\":{\"type\":\"datetime\",\"configurable\":false,\"required\":false},\"permissions\":{\"type\":\"relation\",\"target\":\"admin::api-token-permission\",\"relation\":\"oneToMany\",\"mappedBy\":\"token\",\"configurable\":false,\"required\":false},\"expiresAt\":{\"type\":\"datetime\",\"configurable\":false,\"required\":false},\"lifespan\":{\"type\":\"biginteger\",\"configurable\":false,\"required\":false}},\"kind\":\"collectionType\"},\"modelType\":\"contentType\",\"modelName\":\"api-token\",\"connection\":\"default\",\"uid\":\"admin::api-token\",\"plugin\":\"admin\",\"globalId\":\"AdminApiToken\"},\"admin::api-token-permission\":{\"collectionName\":\"strapi_api_token_permissions\",\"info\":{\"name\":\"API Token Permission\",\"description\":\"\",\"singularName\":\"api-token-permission\",\"pluralName\":\"api-token-permissions\",\"displayName\":\"API Token Permission\"},\"options\":{},\"pluginOptions\":{\"content-manager\":{\"visible\":false},\"content-type-builder\":{\"visible\":false}},\"attributes\":{\"action\":{\"type\":\"string\",\"minLength\":1,\"configurable\":false,\"required\":true},\"token\":{\"configurable\":false,\"type\":\"relation\",\"relation\":\"manyToOne\",\"inversedBy\":\"permissions\",\"target\":\"admin::api-token\"},\"createdAt\":{\"type\":\"datetime\"},\"updatedAt\":{\"type\":\"datetime\"},\"createdBy\":{\"type\":\"relation\",\"relation\":\"oneToOne\",\"target\":\"admin::user\",\"configurable\":false,\"writable\":false,\"visible\":false,\"useJoinTable\":false,\"private\":true},\"updatedBy\":{\"type\":\"relation\",\"relation\":\"oneToOne\",\"target\":\"admin::user\",\"configurable\":false,\"writable\":false,\"visible\":false,\"useJoinTable\":false,\"private\":true}},\"kind\":\"collectionType\",\"__schema__\":{\"collectionName\":\"strapi_api_token_permissions\",\"info\":{\"name\":\"API Token Permission\",\"description\":\"\",\"singularName\":\"api-token-permission\",\"pluralName\":\"api-token-permissions\",\"displayName\":\"API Token Permission\"},\"options\":{},\"pluginOptions\":{\"content-manager\":{\"visible\":false},\"content-type-builder\":{\"visible\":false}},\"attributes\":{\"action\":{\"type\":\"string\",\"minLength\":1,\"configurable\":false,\"required\":true},\"token\":{\"configurable\":false,\"type\":\"relation\",\"relation\":\"manyToOne\",\"inversedBy\":\"permissions\",\"target\":\"admin::api-token\"}},\"kind\":\"collectionType\"},\"modelType\":\"contentType\",\"modelName\":\"api-token-permission\",\"connection\":\"default\",\"uid\":\"admin::api-token-permission\",\"plugin\":\"admin\",\"globalId\":\"AdminApiTokenPermission\"},\"admin::transfer-token\":{\"collectionName\":\"strapi_transfer_tokens\",\"info\":{\"name\":\"Transfer Token\",\"singularName\":\"transfer-token\",\"pluralName\":\"transfer-tokens\",\"displayName\":\"Transfer Token\",\"description\":\"\"},\"options\":{},\"pluginOptions\":{\"content-manager\":{\"visible\":false},\"content-type-builder\":{\"visible\":false}},\"attributes\":{\"name\":{\"type\":\"string\",\"minLength\":1,\"configurable\":false,\"required\":true,\"unique\":true},\"description\":{\"type\":\"string\",\"minLength\":1,\"configurable\":false,\"required\":false,\"default\":\"\"},\"accessKey\":{\"type\":\"string\",\"minLength\":1,\"configurable\":false,\"required\":true},\"lastUsedAt\":{\"type\":\"datetime\",\"configurable\":false,\"required\":false},\"permissions\":{\"type\":\"relation\",\"target\":\"admin::transfer-token-permission\",\"relation\":\"oneToMany\",\"mappedBy\":\"token\",\"configurable\":false,\"required\":false},\"expiresAt\":{\"type\":\"datetime\",\"configurable\":false,\"required\":false},\"lifespan\":{\"type\":\"biginteger\",\"configurable\":false,\"required\":false},\"createdAt\":{\"type\":\"datetime\"},\"updatedAt\":{\"type\":\"datetime\"},\"createdBy\":{\"type\":\"relation\",\"relation\":\"oneToOne\",\"target\":\"admin::user\",\"configurable\":false,\"writable\":false,\"visible\":false,\"useJoinTable\":false,\"private\":true},\"updatedBy\":{\"type\":\"relation\",\"relation\":\"oneToOne\",\"target\":\"admin::user\",\"configurable\":false,\"writable\":false,\"visible\":false,\"useJoinTable\":false,\"private\":true}},\"kind\":\"collectionType\",\"__schema__\":{\"collectionName\":\"strapi_transfer_tokens\",\"info\":{\"name\":\"Transfer Token\",\"singularName\":\"transfer-token\",\"pluralName\":\"transfer-tokens\",\"displayName\":\"Transfer Token\",\"description\":\"\"},\"options\":{},\"pluginOptions\":{\"content-manager\":{\"visible\":false},\"content-type-builder\":{\"visible\":false}},\"attributes\":{\"name\":{\"type\":\"string\",\"minLength\":1,\"configurable\":false,\"required\":true,\"unique\":true},\"description\":{\"type\":\"string\",\"minLength\":1,\"configurable\":false,\"required\":false,\"default\":\"\"},\"accessKey\":{\"type\":\"string\",\"minLength\":1,\"configurable\":false,\"required\":true},\"lastUsedAt\":{\"type\":\"datetime\",\"configurable\":false,\"required\":false},\"permissions\":{\"type\":\"relation\",\"target\":\"admin::transfer-token-permission\",\"relation\":\"oneToMany\",\"mappedBy\":\"token\",\"configurable\":false,\"required\":false},\"expiresAt\":{\"type\":\"datetime\",\"configurable\":false,\"required\":false},\"lifespan\":{\"type\":\"biginteger\",\"configurable\":false,\"required\":false}},\"kind\":\"collectionType\"},\"modelType\":\"contentType\",\"modelName\":\"transfer-token\",\"connection\":\"default\",\"uid\":\"admin::transfer-token\",\"plugin\":\"admin\",\"globalId\":\"AdminTransferToken\"},\"admin::transfer-token-permission\":{\"collectionName\":\"strapi_transfer_token_permissions\",\"info\":{\"name\":\"Transfer Token Permission\",\"description\":\"\",\"singularName\":\"transfer-token-permission\",\"pluralName\":\"transfer-token-permissions\",\"displayName\":\"Transfer Token Permission\"},\"options\":{},\"pluginOptions\":{\"content-manager\":{\"visible\":false},\"content-type-builder\":{\"visible\":false}},\"attributes\":{\"action\":{\"type\":\"string\",\"minLength\":1,\"configurable\":false,\"required\":true},\"token\":{\"configurable\":false,\"type\":\"relation\",\"relation\":\"manyToOne\",\"inversedBy\":\"permissions\",\"target\":\"admin::transfer-token\"},\"createdAt\":{\"type\":\"datetime\"},\"updatedAt\":{\"type\":\"datetime\"},\"createdBy\":{\"type\":\"relation\",\"relation\":\"oneToOne\",\"target\":\"admin::user\",\"configurable\":false,\"writable\":false,\"visible\":false,\"useJoinTable\":false,\"private\":true},\"updatedBy\":{\"type\":\"relation\",\"relation\":\"oneToOne\",\"target\":\"admin::user\",\"configurable\":false,\"writable\":false,\"visible\":false,\"useJoinTable\":false,\"private\":true}},\"kind\":\"collectionType\",\"__schema__\":{\"collectionName\":\"strapi_transfer_token_permissions\",\"info\":{\"name\":\"Transfer Token Permission\",\"description\":\"\",\"singularName\":\"transfer-token-permission\",\"pluralName\":\"transfer-token-permissions\",\"displayName\":\"Transfer Token Permission\"},\"options\":{},\"pluginOptions\":{\"content-manager\":{\"visible\":false},\"content-type-builder\":{\"visible\":false}},\"attributes\":{\"action\":{\"type\":\"string\",\"minLength\":1,\"configurable\":false,\"required\":true},\"token\":{\"configurable\":false,\"type\":\"relation\",\"relation\":\"manyToOne\",\"inversedBy\":\"permissions\",\"target\":\"admin::transfer-token\"}},\"kind\":\"collectionType\"},\"modelType\":\"contentType\",\"modelName\":\"transfer-token-permission\",\"connection\":\"default\",\"uid\":\"admin::transfer-token-permission\",\"plugin\":\"admin\",\"globalId\":\"AdminTransferTokenPermission\"},\"plugin::upload.file\":{\"collectionName\":\"files\",\"info\":{\"singularName\":\"file\",\"pluralName\":\"files\",\"displayName\":\"File\",\"description\":\"\"},\"options\":{},\"pluginOptions\":{\"content-manager\":{\"visible\":false},\"content-type-builder\":{\"visible\":false}},\"attributes\":{\"name\":{\"type\":\"string\",\"configurable\":false,\"required\":true},\"alternativeText\":{\"type\":\"string\",\"configurable\":false},\"caption\":{\"type\":\"string\",\"configurable\":false},\"width\":{\"type\":\"integer\",\"configurable\":false},\"height\":{\"type\":\"integer\",\"configurable\":false},\"formats\":{\"type\":\"json\",\"configurable\":false},\"hash\":{\"type\":\"string\",\"configurable\":false,\"required\":true},\"ext\":{\"type\":\"string\",\"configurable\":false},\"mime\":{\"type\":\"string\",\"configurable\":false,\"required\":true},\"size\":{\"type\":\"decimal\",\"configurable\":false,\"required\":true},\"url\":{\"type\":\"string\",\"configurable\":false,\"required\":true},\"previewUrl\":{\"type\":\"string\",\"configurable\":false},\"provider\":{\"type\":\"string\",\"configurable\":false,\"required\":true},\"provider_metadata\":{\"type\":\"json\",\"configurable\":false},\"related\":{\"type\":\"relation\",\"relation\":\"morphToMany\",\"configurable\":false},\"folder\":{\"type\":\"relation\",\"relation\":\"manyToOne\",\"target\":\"plugin::upload.folder\",\"inversedBy\":\"files\",\"private\":true},\"folderPath\":{\"type\":\"string\",\"min\":1,\"required\":true,\"private\":true,\"searchable\":false},\"createdAt\":{\"type\":\"datetime\"},\"updatedAt\":{\"type\":\"datetime\"},\"createdBy\":{\"type\":\"relation\",\"relation\":\"oneToOne\",\"target\":\"admin::user\",\"configurable\":false,\"writable\":false,\"visible\":false,\"useJoinTable\":false,\"private\":true},\"updatedBy\":{\"type\":\"relation\",\"relation\":\"oneToOne\",\"target\":\"admin::user\",\"configurable\":false,\"writable\":false,\"visible\":false,\"useJoinTable\":false,\"private\":true}},\"indexes\":[{\"name\":\"upload_files_folder_path_index\",\"columns\":[\"folder_path\"],\"type\":null},{\"name\":\"upload_files_created_at_index\",\"columns\":[\"created_at\"],\"type\":null},{\"name\":\"upload_files_updated_at_index\",\"columns\":[\"updated_at\"],\"type\":null},{\"name\":\"upload_files_name_index\",\"columns\":[\"name\"],\"type\":null},{\"name\":\"upload_files_size_index\",\"columns\":[\"size\"],\"type\":null},{\"name\":\"upload_files_ext_index\",\"columns\":[\"ext\"],\"type\":null}],\"kind\":\"collectionType\",\"__schema__\":{\"collectionName\":\"files\",\"info\":{\"singularName\":\"file\",\"pluralName\":\"files\",\"displayName\":\"File\",\"description\":\"\"},\"options\":{},\"pluginOptions\":{\"content-manager\":{\"visible\":false},\"content-type-builder\":{\"visible\":false}},\"attributes\":{\"name\":{\"type\":\"string\",\"configurable\":false,\"required\":true},\"alternativeText\":{\"type\":\"string\",\"configurable\":false},\"caption\":{\"type\":\"string\",\"configurable\":false},\"width\":{\"type\":\"integer\",\"configurable\":false},\"height\":{\"type\":\"integer\",\"configurable\":false},\"formats\":{\"type\":\"json\",\"configurable\":false},\"hash\":{\"type\":\"string\",\"configurable\":false,\"required\":true},\"ext\":{\"type\":\"string\",\"configurable\":false},\"mime\":{\"type\":\"string\",\"configurable\":false,\"required\":true},\"size\":{\"type\":\"decimal\",\"configurable\":false,\"required\":true},\"url\":{\"type\":\"string\",\"configurable\":false,\"required\":true},\"previewUrl\":{\"type\":\"string\",\"configurable\":false},\"provider\":{\"type\":\"string\",\"configurable\":false,\"required\":true},\"provider_metadata\":{\"type\":\"json\",\"configurable\":false},\"related\":{\"type\":\"relation\",\"relation\":\"morphToMany\",\"configurable\":false},\"folder\":{\"type\":\"relation\",\"relation\":\"manyToOne\",\"target\":\"plugin::upload.folder\",\"inversedBy\":\"files\",\"private\":true},\"folderPath\":{\"type\":\"string\",\"min\":1,\"required\":true,\"private\":true,\"searchable\":false}},\"kind\":\"collectionType\"},\"modelType\":\"contentType\",\"modelName\":\"file\",\"connection\":\"default\",\"uid\":\"plugin::upload.file\",\"plugin\":\"upload\",\"globalId\":\"UploadFile\"},\"plugin::upload.folder\":{\"collectionName\":\"upload_folders\",\"info\":{\"singularName\":\"folder\",\"pluralName\":\"folders\",\"displayName\":\"Folder\"},\"options\":{},\"pluginOptions\":{\"content-manager\":{\"visible\":false},\"content-type-builder\":{\"visible\":false}},\"attributes\":{\"name\":{\"type\":\"string\",\"min\":1,\"required\":true},\"pathId\":{\"type\":\"integer\",\"unique\":true,\"required\":true},\"parent\":{\"type\":\"relation\",\"relation\":\"manyToOne\",\"target\":\"plugin::upload.folder\",\"inversedBy\":\"children\"},\"children\":{\"type\":\"relation\",\"relation\":\"oneToMany\",\"target\":\"plugin::upload.folder\",\"mappedBy\":\"parent\"},\"files\":{\"type\":\"relation\",\"relation\":\"oneToMany\",\"target\":\"plugin::upload.file\",\"mappedBy\":\"folder\"},\"path\":{\"type\":\"string\",\"min\":1,\"required\":true},\"createdAt\":{\"type\":\"datetime\"},\"updatedAt\":{\"type\":\"datetime\"},\"createdBy\":{\"type\":\"relation\",\"relation\":\"oneToOne\",\"target\":\"admin::user\",\"configurable\":false,\"writable\":false,\"visible\":false,\"useJoinTable\":false,\"private\":true},\"updatedBy\":{\"type\":\"relation\",\"relation\":\"oneToOne\",\"target\":\"admin::user\",\"configurable\":false,\"writable\":false,\"visible\":false,\"useJoinTable\":false,\"private\":true}},\"indexes\":[{\"name\":\"upload_folders_path_id_index\",\"columns\":[\"path_id\"],\"type\":\"unique\"},{\"name\":\"upload_folders_path_index\",\"columns\":[\"path\"],\"type\":\"unique\"}],\"kind\":\"collectionType\",\"__schema__\":{\"collectionName\":\"upload_folders\",\"info\":{\"singularName\":\"folder\",\"pluralName\":\"folders\",\"displayName\":\"Folder\"},\"options\":{},\"pluginOptions\":{\"content-manager\":{\"visible\":false},\"content-type-builder\":{\"visible\":false}},\"attributes\":{\"name\":{\"type\":\"string\",\"min\":1,\"required\":true},\"pathId\":{\"type\":\"integer\",\"unique\":true,\"required\":true},\"parent\":{\"type\":\"relation\",\"relation\":\"manyToOne\",\"target\":\"plugin::upload.folder\",\"inversedBy\":\"children\"},\"children\":{\"type\":\"relation\",\"relation\":\"oneToMany\",\"target\":\"plugin::upload.folder\",\"mappedBy\":\"parent\"},\"files\":{\"type\":\"relation\",\"relation\":\"oneToMany\",\"target\":\"plugin::upload.file\",\"mappedBy\":\"folder\"},\"path\":{\"type\":\"string\",\"min\":1,\"required\":true}},\"kind\":\"collectionType\"},\"modelType\":\"contentType\",\"modelName\":\"folder\",\"connection\":\"default\",\"uid\":\"plugin::upload.folder\",\"plugin\":\"upload\",\"globalId\":\"UploadFolder\"},\"plugin::i18n.locale\":{\"info\":{\"singularName\":\"locale\",\"pluralName\":\"locales\",\"collectionName\":\"locales\",\"displayName\":\"Locale\",\"description\":\"\"},\"options\":{\"draftAndPublish\":false},\"pluginOptions\":{\"content-manager\":{\"visible\":false},\"content-type-builder\":{\"visible\":false}},\"attributes\":{\"name\":{\"type\":\"string\",\"min\":1,\"max\":50,\"configurable\":false},\"code\":{\"type\":\"string\",\"unique\":true,\"configurable\":false},\"createdAt\":{\"type\":\"datetime\"},\"updatedAt\":{\"type\":\"datetime\"},\"createdBy\":{\"type\":\"relation\",\"relation\":\"oneToOne\",\"target\":\"admin::user\",\"configurable\":false,\"writable\":false,\"visible\":false,\"useJoinTable\":false,\"private\":true},\"updatedBy\":{\"type\":\"relation\",\"relation\":\"oneToOne\",\"target\":\"admin::user\",\"configurable\":false,\"writable\":false,\"visible\":false,\"useJoinTable\":false,\"private\":true}},\"kind\":\"collectionType\",\"__schema__\":{\"info\":{\"singularName\":\"locale\",\"pluralName\":\"locales\",\"collectionName\":\"locales\",\"displayName\":\"Locale\",\"description\":\"\"},\"options\":{\"draftAndPublish\":false},\"pluginOptions\":{\"content-manager\":{\"visible\":false},\"content-type-builder\":{\"visible\":false}},\"attributes\":{\"name\":{\"type\":\"string\",\"min\":1,\"max\":50,\"configurable\":false},\"code\":{\"type\":\"string\",\"unique\":true,\"configurable\":false}},\"kind\":\"collectionType\"},\"modelType\":\"contentType\",\"modelName\":\"locale\",\"connection\":\"default\",\"uid\":\"plugin::i18n.locale\",\"plugin\":\"i18n\",\"collectionName\":\"i18n_locale\",\"globalId\":\"I18NLocale\"},\"plugin::users-permissions.permission\":{\"collectionName\":\"up_permissions\",\"info\":{\"name\":\"permission\",\"description\":\"\",\"singularName\":\"permission\",\"pluralName\":\"permissions\",\"displayName\":\"Permission\"},\"pluginOptions\":{\"content-manager\":{\"visible\":false},\"content-type-builder\":{\"visible\":false}},\"attributes\":{\"action\":{\"type\":\"string\",\"required\":true,\"configurable\":false},\"role\":{\"type\":\"relation\",\"relation\":\"manyToOne\",\"target\":\"plugin::users-permissions.role\",\"inversedBy\":\"permissions\",\"configurable\":false},\"createdAt\":{\"type\":\"datetime\"},\"updatedAt\":{\"type\":\"datetime\"},\"createdBy\":{\"type\":\"relation\",\"relation\":\"oneToOne\",\"target\":\"admin::user\",\"configurable\":false,\"writable\":false,\"visible\":false,\"useJoinTable\":false,\"private\":true},\"updatedBy\":{\"type\":\"relation\",\"relation\":\"oneToOne\",\"target\":\"admin::user\",\"configurable\":false,\"writable\":false,\"visible\":false,\"useJoinTable\":false,\"private\":true}},\"kind\":\"collectionType\",\"__schema__\":{\"collectionName\":\"up_permissions\",\"info\":{\"name\":\"permission\",\"description\":\"\",\"singularName\":\"permission\",\"pluralName\":\"permissions\",\"displayName\":\"Permission\"},\"pluginOptions\":{\"content-manager\":{\"visible\":false},\"content-type-builder\":{\"visible\":false}},\"attributes\":{\"action\":{\"type\":\"string\",\"required\":true,\"configurable\":false},\"role\":{\"type\":\"relation\",\"relation\":\"manyToOne\",\"target\":\"plugin::users-permissions.role\",\"inversedBy\":\"permissions\",\"configurable\":false}},\"kind\":\"collectionType\"},\"modelType\":\"contentType\",\"modelName\":\"permission\",\"connection\":\"default\",\"uid\":\"plugin::users-permissions.permission\",\"plugin\":\"users-permissions\",\"globalId\":\"UsersPermissionsPermission\"},\"plugin::users-permissions.role\":{\"collectionName\":\"up_roles\",\"info\":{\"name\":\"role\",\"description\":\"\",\"singularName\":\"role\",\"pluralName\":\"roles\",\"displayName\":\"Role\"},\"pluginOptions\":{\"content-manager\":{\"visible\":false},\"content-type-builder\":{\"visible\":false}},\"attributes\":{\"name\":{\"type\":\"string\",\"minLength\":3,\"required\":true,\"configurable\":false},\"description\":{\"type\":\"string\",\"configurable\":false},\"type\":{\"type\":\"string\",\"unique\":true,\"configurable\":false},\"permissions\":{\"type\":\"relation\",\"relation\":\"oneToMany\",\"target\":\"plugin::users-permissions.permission\",\"mappedBy\":\"role\",\"configurable\":false},\"users\":{\"type\":\"relation\",\"relation\":\"oneToMany\",\"target\":\"plugin::users-permissions.user\",\"mappedBy\":\"role\",\"configurable\":false},\"createdAt\":{\"type\":\"datetime\"},\"updatedAt\":{\"type\":\"datetime\"},\"createdBy\":{\"type\":\"relation\",\"relation\":\"oneToOne\",\"target\":\"admin::user\",\"configurable\":false,\"writable\":false,\"visible\":false,\"useJoinTable\":false,\"private\":true},\"updatedBy\":{\"type\":\"relation\",\"relation\":\"oneToOne\",\"target\":\"admin::user\",\"configurable\":false,\"writable\":false,\"visible\":false,\"useJoinTable\":false,\"private\":true}},\"kind\":\"collectionType\",\"__schema__\":{\"collectionName\":\"up_roles\",\"info\":{\"name\":\"role\",\"description\":\"\",\"singularName\":\"role\",\"pluralName\":\"roles\",\"displayName\":\"Role\"},\"pluginOptions\":{\"content-manager\":{\"visible\":false},\"content-type-builder\":{\"visible\":false}},\"attributes\":{\"name\":{\"type\":\"string\",\"minLength\":3,\"required\":true,\"configurable\":false},\"description\":{\"type\":\"string\",\"configurable\":false},\"type\":{\"type\":\"string\",\"unique\":true,\"configurable\":false},\"permissions\":{\"type\":\"relation\",\"relation\":\"oneToMany\",\"target\":\"plugin::users-permissions.permission\",\"mappedBy\":\"role\",\"configurable\":false},\"users\":{\"type\":\"relation\",\"relation\":\"oneToMany\",\"target\":\"plugin::users-permissions.user\",\"mappedBy\":\"role\",\"configurable\":false}},\"kind\":\"collectionType\"},\"modelType\":\"contentType\",\"modelName\":\"role\",\"connection\":\"default\",\"uid\":\"plugin::users-permissions.role\",\"plugin\":\"users-permissions\",\"globalId\":\"UsersPermissionsRole\"},\"plugin::users-permissions.user\":{\"collectionName\":\"up_users\",\"info\":{\"name\":\"user\",\"description\":\"\",\"singularName\":\"user\",\"pluralName\":\"users\",\"displayName\":\"User\"},\"options\":{\"draftAndPublish\":false,\"timestamps\":true},\"attributes\":{\"username\":{\"type\":\"string\",\"minLength\":3,\"unique\":true,\"configurable\":false,\"required\":true},\"email\":{\"type\":\"email\",\"minLength\":6,\"configurable\":false,\"required\":true},\"provider\":{\"type\":\"string\",\"configurable\":false},\"password\":{\"type\":\"password\",\"minLength\":6,\"configurable\":false,\"private\":true,\"searchable\":false},\"resetPasswordToken\":{\"type\":\"string\",\"configurable\":false,\"private\":true,\"searchable\":false},\"confirmationToken\":{\"type\":\"string\",\"configurable\":false,\"private\":true,\"searchable\":false},\"confirmed\":{\"type\":\"boolean\",\"default\":false,\"configurable\":false},\"blocked\":{\"type\":\"boolean\",\"default\":false,\"configurable\":false},\"role\":{\"type\":\"relation\",\"relation\":\"manyToOne\",\"target\":\"plugin::users-permissions.role\",\"inversedBy\":\"users\",\"configurable\":false},\"createdAt\":{\"type\":\"datetime\"},\"updatedAt\":{\"type\":\"datetime\"},\"createdBy\":{\"type\":\"relation\",\"relation\":\"oneToOne\",\"target\":\"admin::user\",\"configurable\":false,\"writable\":false,\"visible\":false,\"useJoinTable\":false,\"private\":true},\"updatedBy\":{\"type\":\"relation\",\"relation\":\"oneToOne\",\"target\":\"admin::user\",\"configurable\":false,\"writable\":false,\"visible\":false,\"useJoinTable\":false,\"private\":true}},\"config\":{\"attributes\":{\"resetPasswordToken\":{\"hidden\":true},\"confirmationToken\":{\"hidden\":true},\"provider\":{\"hidden\":true}}},\"kind\":\"collectionType\",\"__schema__\":{\"collectionName\":\"up_users\",\"info\":{\"name\":\"user\",\"description\":\"\",\"singularName\":\"user\",\"pluralName\":\"users\",\"displayName\":\"User\"},\"options\":{\"draftAndPublish\":false,\"timestamps\":true},\"attributes\":{\"username\":{\"type\":\"string\",\"minLength\":3,\"unique\":true,\"configurable\":false,\"required\":true},\"email\":{\"type\":\"email\",\"minLength\":6,\"configurable\":false,\"required\":true},\"provider\":{\"type\":\"string\",\"configurable\":false},\"password\":{\"type\":\"password\",\"minLength\":6,\"configurable\":false,\"private\":true,\"searchable\":false},\"resetPasswordToken\":{\"type\":\"string\",\"configurable\":false,\"private\":true,\"searchable\":false},\"confirmationToken\":{\"type\":\"string\",\"configurable\":false,\"private\":true,\"searchable\":false},\"confirmed\":{\"type\":\"boolean\",\"default\":false,\"configurable\":false},\"blocked\":{\"type\":\"boolean\",\"default\":false,\"configurable\":false},\"role\":{\"type\":\"relation\",\"relation\":\"manyToOne\",\"target\":\"plugin::users-permissions.role\",\"inversedBy\":\"users\",\"configurable\":false}},\"kind\":\"collectionType\"},\"modelType\":\"contentType\",\"modelName\":\"user\",\"connection\":\"default\",\"uid\":\"plugin::users-permissions.user\",\"plugin\":\"users-permissions\",\"globalId\":\"UsersPermissionsUser\"},\"plugin::slugify.slug\":{\"kind\":\"collectionType\",\"collectionName\":\"slugs\",\"info\":{\"singularName\":\"slug\",\"pluralName\":\"slugs\",\"displayName\":\"slug\"},\"options\":{\"draftAndPublish\":false,\"comment\":\"\"},\"pluginOptions\":{\"content-manager\":{\"visible\":false},\"content-type-builder\":{\"visible\":false}},\"attributes\":{\"slug\":{\"type\":\"text\"},\"count\":{\"type\":\"integer\"},\"createdAt\":{\"type\":\"datetime\"},\"updatedAt\":{\"type\":\"datetime\"},\"createdBy\":{\"type\":\"relation\",\"relation\":\"oneToOne\",\"target\":\"admin::user\",\"configurable\":false,\"writable\":false,\"visible\":false,\"useJoinTable\":false,\"private\":true},\"updatedBy\":{\"type\":\"relation\",\"relation\":\"oneToOne\",\"target\":\"admin::user\",\"configurable\":false,\"writable\":false,\"visible\":false,\"useJoinTable\":false,\"private\":true}},\"__schema__\":{\"collectionName\":\"slugs\",\"info\":{\"singularName\":\"slug\",\"pluralName\":\"slugs\",\"displayName\":\"slug\"},\"options\":{\"draftAndPublish\":false,\"comment\":\"\"},\"pluginOptions\":{\"content-manager\":{\"visible\":false},\"content-type-builder\":{\"visible\":false}},\"attributes\":{\"slug\":{\"type\":\"text\"},\"count\":{\"type\":\"integer\"}},\"kind\":\"collectionType\"},\"modelType\":\"contentType\",\"modelName\":\"slug\",\"connection\":\"default\",\"uid\":\"plugin::slugify.slug\",\"plugin\":\"slugify\",\"globalId\":\"SlugifySlug\"},\"api::air-transport.air-transport\":{\"kind\":\"collectionType\",\"collectionName\":\"air_transports\",\"info\":{\"singularName\":\"air-transport\",\"pluralName\":\"air-transports\",\"displayName\":\"Air Transport\",\"description\":\"\"},\"options\":{\"draftAndPublish\":false},\"pluginOptions\":{\"i18n\":{\"localized\":true}},\"attributes\":{\"banner\":{\"type\":\"media\",\"multiple\":false,\"required\":false,\"allowedTypes\":[\"images\",\"files\",\"videos\",\"audios\"],\"pluginOptions\":{\"i18n\":{\"localized\":true}}},\"description\":{\"type\":\"richtext\",\"pluginOptions\":{\"i18n\":{\"localized\":true}}},\"features\":{\"type\":\"component\",\"repeatable\":true,\"pluginOptions\":{\"i18n\":{\"localized\":true}},\"component\":\"air.feature\"},\"domestic_price\":{\"type\":\"component\",\"repeatable\":false,\"pluginOptions\":{\"i18n\":{\"localized\":true}},\"component\":\"common.price-table\"},\"domestic_image\":{\"type\":\"media\",\"multiple\":false,\"required\":false,\"allowedTypes\":[\"images\",\"files\",\"videos\",\"audios\"],\"pluginOptions\":{\"i18n\":{\"localized\":true}}},\"international_price_table\":{\"type\":\"component\",\"repeatable\":false,\"pluginOptions\":{\"i18n\":{\"localized\":true}},\"component\":\"common.price-table\"},\"others\":{\"type\":\"component\",\"repeatable\":true,\"pluginOptions\":{\"i18n\":{\"localized\":true}},\"component\":\"trucking.other-service\"},\"SEO\":{\"type\":\"component\",\"repeatable\":false,\"pluginOptions\":{\"i18n\":{\"localized\":true}},\"component\":\"shared.seo\"},\"domestic_services\":{\"type\":\"component\",\"repeatable\":true,\"pluginOptions\":{\"i18n\":{\"localized\":true}},\"component\":\"rail.service\"},\"international_services\":{\"type\":\"component\",\"repeatable\":true,\"pluginOptions\":{\"i18n\":{\"localized\":true}},\"component\":\"rail.service\"},\"international_image\":{\"allowedTypes\":[\"images\",\"files\",\"videos\",\"audios\"],\"type\":\"media\",\"multiple\":false,\"pluginOptions\":{\"i18n\":{\"localized\":true}}},\"createdAt\":{\"type\":\"datetime\"},\"updatedAt\":{\"type\":\"datetime\"},\"createdBy\":{\"type\":\"relation\",\"relation\":\"oneToOne\",\"target\":\"admin::user\",\"configurable\":false,\"writable\":false,\"visible\":false,\"useJoinTable\":false,\"private\":true},\"updatedBy\":{\"type\":\"relation\",\"relation\":\"oneToOne\",\"target\":\"admin::user\",\"configurable\":false,\"writable\":false,\"visible\":false,\"useJoinTable\":false,\"private\":true},\"localizations\":{\"writable\":true,\"private\":false,\"configurable\":false,\"visible\":false,\"type\":\"relation\",\"relation\":\"oneToMany\",\"target\":\"api::air-transport.air-transport\"},\"locale\":{\"writable\":true,\"private\":false,\"configurable\":false,\"visible\":false,\"type\":\"string\"}},\"__schema__\":{\"collectionName\":\"air_transports\",\"info\":{\"singularName\":\"air-transport\",\"pluralName\":\"air-transports\",\"displayName\":\"Air Transport\",\"description\":\"\"},\"options\":{\"draftAndPublish\":false},\"pluginOptions\":{\"i18n\":{\"localized\":true}},\"attributes\":{\"banner\":{\"type\":\"media\",\"multiple\":false,\"required\":false,\"allowedTypes\":[\"images\",\"files\",\"videos\",\"audios\"],\"pluginOptions\":{\"i18n\":{\"localized\":true}}},\"description\":{\"type\":\"richtext\",\"pluginOptions\":{\"i18n\":{\"localized\":true}}},\"features\":{\"type\":\"component\",\"repeatable\":true,\"pluginOptions\":{\"i18n\":{\"localized\":true}},\"component\":\"air.feature\"},\"domestic_price\":{\"type\":\"component\",\"repeatable\":false,\"pluginOptions\":{\"i18n\":{\"localized\":true}},\"component\":\"common.price-table\"},\"domestic_image\":{\"type\":\"media\",\"multiple\":false,\"required\":false,\"allowedTypes\":[\"images\",\"files\",\"videos\",\"audios\"],\"pluginOptions\":{\"i18n\":{\"localized\":true}}},\"international_price_table\":{\"type\":\"component\",\"repeatable\":false,\"pluginOptions\":{\"i18n\":{\"localized\":true}},\"component\":\"common.price-table\"},\"others\":{\"type\":\"component\",\"repeatable\":true,\"pluginOptions\":{\"i18n\":{\"localized\":true}},\"component\":\"trucking.other-service\"},\"SEO\":{\"type\":\"component\",\"repeatable\":false,\"pluginOptions\":{\"i18n\":{\"localized\":true}},\"component\":\"shared.seo\"},\"domestic_services\":{\"type\":\"component\",\"repeatable\":true,\"pluginOptions\":{\"i18n\":{\"localized\":true}},\"component\":\"rail.service\"},\"international_services\":{\"type\":\"component\",\"repeatable\":true,\"pluginOptions\":{\"i18n\":{\"localized\":true}},\"component\":\"rail.service\"},\"international_image\":{\"allowedTypes\":[\"images\",\"files\",\"videos\",\"audios\"],\"type\":\"media\",\"multiple\":false,\"pluginOptions\":{\"i18n\":{\"localized\":true}}}},\"kind\":\"collectionType\"},\"modelType\":\"contentType\",\"modelName\":\"air-transport\",\"connection\":\"default\",\"uid\":\"api::air-transport.air-transport\",\"apiName\":\"air-transport\",\"globalId\":\"AirTransport\",\"actions\":{},\"lifecycles\":{}},\"api::contact.contact\":{\"kind\":\"collectionType\",\"collectionName\":\"contacts\",\"info\":{\"singularName\":\"contact\",\"pluralName\":\"contacts\",\"displayName\":\"Contact\",\"description\":\"\"},\"options\":{\"draftAndPublish\":false},\"pluginOptions\":{\"i18n\":{\"localized\":true}},\"attributes\":{\"banner\":{\"type\":\"media\",\"multiple\":false,\"required\":true,\"allowedTypes\":[\"images\",\"files\",\"videos\",\"audios\"],\"pluginOptions\":{\"i18n\":{\"localized\":true}}},\"contacts\":{\"type\":\"component\",\"repeatable\":true,\"pluginOptions\":{\"i18n\":{\"localized\":true}},\"component\":\"contact.contact\",\"required\":true},\"SEO\":{\"type\":\"component\",\"repeatable\":false,\"pluginOptions\":{\"i18n\":{\"localized\":true}},\"component\":\"shared.seo\"},\"createdAt\":{\"type\":\"datetime\"},\"updatedAt\":{\"type\":\"datetime\"},\"createdBy\":{\"type\":\"relation\",\"relation\":\"oneToOne\",\"target\":\"admin::user\",\"configurable\":false,\"writable\":false,\"visible\":false,\"useJoinTable\":false,\"private\":true},\"updatedBy\":{\"type\":\"relation\",\"relation\":\"oneToOne\",\"target\":\"admin::user\",\"configurable\":false,\"writable\":false,\"visible\":false,\"useJoinTable\":false,\"private\":true},\"localizations\":{\"writable\":true,\"private\":false,\"configurable\":false,\"visible\":false,\"type\":\"relation\",\"relation\":\"oneToMany\",\"target\":\"api::contact.contact\"},\"locale\":{\"writable\":true,\"private\":false,\"configurable\":false,\"visible\":false,\"type\":\"string\"}},\"__schema__\":{\"collectionName\":\"contacts\",\"info\":{\"singularName\":\"contact\",\"pluralName\":\"contacts\",\"displayName\":\"Contact\",\"description\":\"\"},\"options\":{\"draftAndPublish\":false},\"pluginOptions\":{\"i18n\":{\"localized\":true}},\"attributes\":{\"banner\":{\"type\":\"media\",\"multiple\":false,\"required\":true,\"allowedTypes\":[\"images\",\"files\",\"videos\",\"audios\"],\"pluginOptions\":{\"i18n\":{\"localized\":true}}},\"contacts\":{\"type\":\"component\",\"repeatable\":true,\"pluginOptions\":{\"i18n\":{\"localized\":true}},\"component\":\"contact.contact\",\"required\":true},\"SEO\":{\"type\":\"component\",\"repeatable\":false,\"pluginOptions\":{\"i18n\":{\"localized\":true}},\"component\":\"shared.seo\"}},\"kind\":\"collectionType\"},\"modelType\":\"contentType\",\"modelName\":\"contact\",\"connection\":\"default\",\"uid\":\"api::contact.contact\",\"apiName\":\"contact\",\"globalId\":\"Contact\",\"actions\":{},\"lifecycles\":{}},\"api::country.country\":{\"kind\":\"collectionType\",\"collectionName\":\"countries\",\"info\":{\"singularName\":\"country\",\"pluralName\":\"countries\",\"displayName\":\"Country\",\"description\":\"\"},\"options\":{\"draftAndPublish\":false},\"pluginOptions\":{\"i18n\":{\"localized\":true}},\"attributes\":{\"name\":{\"type\":\"string\",\"pluginOptions\":{\"i18n\":{\"localized\":true}}},\"fullname\":{\"type\":\"string\",\"pluginOptions\":{\"i18n\":{\"localized\":true}}},\"createdAt\":{\"type\":\"datetime\"},\"updatedAt\":{\"type\":\"datetime\"},\"createdBy\":{\"type\":\"relation\",\"relation\":\"oneToOne\",\"target\":\"admin::user\",\"configurable\":false,\"writable\":false,\"visible\":false,\"useJoinTable\":false,\"private\":true},\"updatedBy\":{\"type\":\"relation\",\"relation\":\"oneToOne\",\"target\":\"admin::user\",\"configurable\":false,\"writable\":false,\"visible\":false,\"useJoinTable\":false,\"private\":true},\"localizations\":{\"writable\":true,\"private\":false,\"configurable\":false,\"visible\":false,\"type\":\"relation\",\"relation\":\"oneToMany\",\"target\":\"api::country.country\"},\"locale\":{\"writable\":true,\"private\":false,\"configurable\":false,\"visible\":false,\"type\":\"string\"}},\"__schema__\":{\"collectionName\":\"countries\",\"info\":{\"singularName\":\"country\",\"pluralName\":\"countries\",\"displayName\":\"Country\",\"description\":\"\"},\"options\":{\"draftAndPublish\":false},\"pluginOptions\":{\"i18n\":{\"localized\":true}},\"attributes\":{\"name\":{\"type\":\"string\",\"pluginOptions\":{\"i18n\":{\"localized\":true}}},\"fullname\":{\"type\":\"string\",\"pluginOptions\":{\"i18n\":{\"localized\":true}}}},\"kind\":\"collectionType\"},\"modelType\":\"contentType\",\"modelName\":\"country\",\"connection\":\"default\",\"uid\":\"api::country.country\",\"apiName\":\"country\",\"globalId\":\"Country\",\"actions\":{},\"lifecycles\":{}},\"api::custom.custom\":{\"kind\":\"collectionType\",\"collectionName\":\"customs\",\"info\":{\"singularName\":\"custom\",\"pluralName\":\"customs\",\"displayName\":\"Custom\",\"description\":\"\"},\"options\":{\"draftAndPublish\":true},\"pluginOptions\":{\"i18n\":{\"localized\":true}},\"attributes\":{\"infomation\":{\"type\":\"component\",\"repeatable\":false,\"pluginOptions\":{\"i18n\":{\"localized\":true}},\"component\":\"service.information-service\"},\"procedures\":{\"type\":\"component\",\"repeatable\":true,\"pluginOptions\":{\"i18n\":{\"localized\":true}},\"component\":\"custom.procedure\"},\"bg_price\":{\"type\":\"media\",\"multiple\":false,\"required\":false,\"allowedTypes\":[\"images\",\"files\",\"videos\",\"audios\"],\"pluginOptions\":{\"i18n\":{\"localized\":true}}},\"banner\":{\"type\":\"media\",\"multiple\":false,\"required\":false,\"allowedTypes\":[\"images\",\"files\",\"videos\",\"audios\"],\"pluginOptions\":{\"i18n\":{\"localized\":true}}},\"SEO\":{\"type\":\"component\",\"repeatable\":false,\"pluginOptions\":{\"i18n\":{\"localized\":true}},\"component\":\"shared.seo\"},\"price_table\":{\"type\":\"component\",\"repeatable\":false,\"pluginOptions\":{\"i18n\":{\"localized\":true}},\"component\":\"common.price-table\"},\"createdAt\":{\"type\":\"datetime\"},\"updatedAt\":{\"type\":\"datetime\"},\"publishedAt\":{\"type\":\"datetime\",\"configurable\":false,\"writable\":true,\"visible\":false},\"createdBy\":{\"type\":\"relation\",\"relation\":\"oneToOne\",\"target\":\"admin::user\",\"configurable\":false,\"writable\":false,\"visible\":false,\"useJoinTable\":false,\"private\":true},\"updatedBy\":{\"type\":\"relation\",\"relation\":\"oneToOne\",\"target\":\"admin::user\",\"configurable\":false,\"writable\":false,\"visible\":false,\"useJoinTable\":false,\"private\":true},\"localizations\":{\"writable\":true,\"private\":false,\"configurable\":false,\"visible\":false,\"type\":\"relation\",\"relation\":\"oneToMany\",\"target\":\"api::custom.custom\"},\"locale\":{\"writable\":true,\"private\":false,\"configurable\":false,\"visible\":false,\"type\":\"string\"}},\"__schema__\":{\"collectionName\":\"customs\",\"info\":{\"singularName\":\"custom\",\"pluralName\":\"customs\",\"displayName\":\"Custom\",\"description\":\"\"},\"options\":{\"draftAndPublish\":true},\"pluginOptions\":{\"i18n\":{\"localized\":true}},\"attributes\":{\"infomation\":{\"type\":\"component\",\"repeatable\":false,\"pluginOptions\":{\"i18n\":{\"localized\":true}},\"component\":\"service.information-service\"},\"procedures\":{\"type\":\"component\",\"repeatable\":true,\"pluginOptions\":{\"i18n\":{\"localized\":true}},\"component\":\"custom.procedure\"},\"bg_price\":{\"type\":\"media\",\"multiple\":false,\"required\":false,\"allowedTypes\":[\"images\",\"files\",\"videos\",\"audios\"],\"pluginOptions\":{\"i18n\":{\"localized\":true}}},\"banner\":{\"type\":\"media\",\"multiple\":false,\"required\":false,\"allowedTypes\":[\"images\",\"files\",\"videos\",\"audios\"],\"pluginOptions\":{\"i18n\":{\"localized\":true}}},\"SEO\":{\"type\":\"component\",\"repeatable\":false,\"pluginOptions\":{\"i18n\":{\"localized\":true}},\"component\":\"shared.seo\"},\"price_table\":{\"type\":\"component\",\"repeatable\":false,\"pluginOptions\":{\"i18n\":{\"localized\":true}},\"component\":\"common.price-table\"}},\"kind\":\"collectionType\"},\"modelType\":\"contentType\",\"modelName\":\"custom\",\"connection\":\"default\",\"uid\":\"api::custom.custom\",\"apiName\":\"custom\",\"globalId\":\"Custom\",\"actions\":{},\"lifecycles\":{}},\"api::customer-contact.customer-contact\":{\"kind\":\"collectionType\",\"collectionName\":\"customer_contacts\",\"info\":{\"singularName\":\"customer-contact\",\"pluralName\":\"customer-contacts\",\"displayName\":\"Customer Contact\",\"description\":\"\"},\"options\":{\"draftAndPublish\":true},\"pluginOptions\":{\"i18n\":{\"localized\":true}},\"attributes\":{\"title\":{\"type\":\"string\",\"pluginOptions\":{\"i18n\":{\"localized\":true}}},\"fullname\":{\"type\":\"string\",\"pluginOptions\":{\"i18n\":{\"localized\":true}}},\"phone_number\":{\"type\":\"string\",\"pluginOptions\":{\"i18n\":{\"localized\":true}}},\"address\":{\"type\":\"string\",\"pluginOptions\":{\"i18n\":{\"localized\":true}}},\"email\":{\"type\":\"email\",\"pluginOptions\":{\"i18n\":{\"localized\":true}}},\"content\":{\"type\":\"text\",\"pluginOptions\":{\"i18n\":{\"localized\":true}}},\"createdAt\":{\"type\":\"datetime\"},\"updatedAt\":{\"type\":\"datetime\"},\"publishedAt\":{\"type\":\"datetime\",\"configurable\":false,\"writable\":true,\"visible\":false},\"createdBy\":{\"type\":\"relation\",\"relation\":\"oneToOne\",\"target\":\"admin::user\",\"configurable\":false,\"writable\":false,\"visible\":false,\"useJoinTable\":false,\"private\":true},\"updatedBy\":{\"type\":\"relation\",\"relation\":\"oneToOne\",\"target\":\"admin::user\",\"configurable\":false,\"writable\":false,\"visible\":false,\"useJoinTable\":false,\"private\":true},\"localizations\":{\"writable\":true,\"private\":false,\"configurable\":false,\"visible\":false,\"type\":\"relation\",\"relation\":\"oneToMany\",\"target\":\"api::customer-contact.customer-contact\"},\"locale\":{\"writable\":true,\"private\":false,\"configurable\":false,\"visible\":false,\"type\":\"string\"}},\"__schema__\":{\"collectionName\":\"customer_contacts\",\"info\":{\"singularName\":\"customer-contact\",\"pluralName\":\"customer-contacts\",\"displayName\":\"Customer Contact\",\"description\":\"\"},\"options\":{\"draftAndPublish\":true},\"pluginOptions\":{\"i18n\":{\"localized\":true}},\"attributes\":{\"title\":{\"type\":\"string\",\"pluginOptions\":{\"i18n\":{\"localized\":true}}},\"fullname\":{\"type\":\"string\",\"pluginOptions\":{\"i18n\":{\"localized\":true}}},\"phone_number\":{\"type\":\"string\",\"pluginOptions\":{\"i18n\":{\"localized\":true}}},\"address\":{\"type\":\"string\",\"pluginOptions\":{\"i18n\":{\"localized\":true}}},\"email\":{\"type\":\"email\",\"pluginOptions\":{\"i18n\":{\"localized\":true}}},\"content\":{\"type\":\"text\",\"pluginOptions\":{\"i18n\":{\"localized\":true}}}},\"kind\":\"collectionType\"},\"modelType\":\"contentType\",\"modelName\":\"customer-contact\",\"connection\":\"default\",\"uid\":\"api::customer-contact.customer-contact\",\"apiName\":\"customer-contact\",\"globalId\":\"CustomerContact\",\"actions\":{},\"lifecycles\":{}},\"api::endpoint-delivery.endpoint-delivery\":{\"kind\":\"collectionType\",\"collectionName\":\"endpoint_deliveries\",\"info\":{\"singularName\":\"endpoint-delivery\",\"pluralName\":\"endpoint-deliveries\",\"displayName\":\"Endpoint delivery\",\"description\":\"\"},\"options\":{\"draftAndPublish\":true},\"pluginOptions\":{\"i18n\":{\"localized\":true}},\"attributes\":{\"banner\":{\"type\":\"media\",\"multiple\":false,\"required\":false,\"allowedTypes\":[\"images\",\"files\",\"videos\",\"audios\"],\"pluginOptions\":{\"i18n\":{\"localized\":true}}},\"infomation\":{\"type\":\"component\",\"repeatable\":false,\"pluginOptions\":{\"i18n\":{\"localized\":true}},\"component\":\"service.information-service\"},\"bg_price\":{\"type\":\"media\",\"multiple\":false,\"required\":false,\"allowedTypes\":[\"images\",\"files\",\"videos\",\"audios\"],\"pluginOptions\":{\"i18n\":{\"localized\":true}}},\"SEO\":{\"type\":\"component\",\"repeatable\":false,\"pluginOptions\":{\"i18n\":{\"localized\":true}},\"component\":\"shared.seo\"},\"price_table\":{\"type\":\"component\",\"repeatable\":false,\"pluginOptions\":{\"i18n\":{\"localized\":true}},\"component\":\"common.price-table\"},\"createdAt\":{\"type\":\"datetime\"},\"updatedAt\":{\"type\":\"datetime\"},\"publishedAt\":{\"type\":\"datetime\",\"configurable\":false,\"writable\":true,\"visible\":false},\"createdBy\":{\"type\":\"relation\",\"relation\":\"oneToOne\",\"target\":\"admin::user\",\"configurable\":false,\"writable\":false,\"visible\":false,\"useJoinTable\":false,\"private\":true},\"updatedBy\":{\"type\":\"relation\",\"relation\":\"oneToOne\",\"target\":\"admin::user\",\"configurable\":false,\"writable\":false,\"visible\":false,\"useJoinTable\":false,\"private\":true},\"localizations\":{\"writable\":true,\"private\":false,\"configurable\":false,\"visible\":false,\"type\":\"relation\",\"relation\":\"oneToMany\",\"target\":\"api::endpoint-delivery.endpoint-delivery\"},\"locale\":{\"writable\":true,\"private\":false,\"configurable\":false,\"visible\":false,\"type\":\"string\"}},\"__schema__\":{\"collectionName\":\"endpoint_deliveries\",\"info\":{\"singularName\":\"endpoint-delivery\",\"pluralName\":\"endpoint-deliveries\",\"displayName\":\"Endpoint delivery\",\"description\":\"\"},\"options\":{\"draftAndPublish\":true},\"pluginOptions\":{\"i18n\":{\"localized\":true}},\"attributes\":{\"banner\":{\"type\":\"media\",\"multiple\":false,\"required\":false,\"allowedTypes\":[\"images\",\"files\",\"videos\",\"audios\"],\"pluginOptions\":{\"i18n\":{\"localized\":true}}},\"infomation\":{\"type\":\"component\",\"repeatable\":false,\"pluginOptions\":{\"i18n\":{\"localized\":true}},\"component\":\"service.information-service\"},\"bg_price\":{\"type\":\"media\",\"multiple\":false,\"required\":false,\"allowedTypes\":[\"images\",\"files\",\"videos\",\"audios\"],\"pluginOptions\":{\"i18n\":{\"localized\":true}}},\"SEO\":{\"type\":\"component\",\"repeatable\":false,\"pluginOptions\":{\"i18n\":{\"localized\":true}},\"component\":\"shared.seo\"},\"price_table\":{\"type\":\"component\",\"repeatable\":false,\"pluginOptions\":{\"i18n\":{\"localized\":true}},\"component\":\"common.price-table\"}},\"kind\":\"collectionType\"},\"modelType\":\"contentType\",\"modelName\":\"endpoint-delivery\",\"connection\":\"default\",\"uid\":\"api::endpoint-delivery.endpoint-delivery\",\"apiName\":\"endpoint-delivery\",\"globalId\":\"EndpointDelivery\",\"actions\":{},\"lifecycles\":{}},\"api::footer.footer\":{\"kind\":\"collectionType\",\"collectionName\":\"footers\",\"info\":{\"singularName\":\"footer\",\"pluralName\":\"footers\",\"displayName\":\"Footer\",\"description\":\"\"},\"options\":{\"draftAndPublish\":true},\"pluginOptions\":{\"i18n\":{\"localized\":true}},\"attributes\":{\"links\":{\"type\":\"component\",\"repeatable\":true,\"component\":\"footer.footer-column\",\"pluginOptions\":{\"i18n\":{\"localized\":true}}},\"infos\":{\"type\":\"component\",\"repeatable\":true,\"component\":\"footer.footer-info\",\"pluginOptions\":{\"i18n\":{\"localized\":true}}},\"socials\":{\"type\":\"component\",\"repeatable\":true,\"component\":\"footer.social-link\",\"pluginOptions\":{\"i18n\":{\"localized\":true}}},\"url_bo_cong_thuong\":{\"pluginOptions\":{\"i18n\":{\"localized\":true}},\"type\":\"string\"},\"createdAt\":{\"type\":\"datetime\"},\"updatedAt\":{\"type\":\"datetime\"},\"publishedAt\":{\"type\":\"datetime\",\"configurable\":false,\"writable\":true,\"visible\":false},\"createdBy\":{\"type\":\"relation\",\"relation\":\"oneToOne\",\"target\":\"admin::user\",\"configurable\":false,\"writable\":false,\"visible\":false,\"useJoinTable\":false,\"private\":true},\"updatedBy\":{\"type\":\"relation\",\"relation\":\"oneToOne\",\"target\":\"admin::user\",\"configurable\":false,\"writable\":false,\"visible\":false,\"useJoinTable\":false,\"private\":true},\"localizations\":{\"writable\":true,\"private\":false,\"configurable\":false,\"visible\":false,\"type\":\"relation\",\"relation\":\"oneToMany\",\"target\":\"api::footer.footer\"},\"locale\":{\"writable\":true,\"private\":false,\"configurable\":false,\"visible\":false,\"type\":\"string\"}},\"__schema__\":{\"collectionName\":\"footers\",\"info\":{\"singularName\":\"footer\",\"pluralName\":\"footers\",\"displayName\":\"Footer\",\"description\":\"\"},\"options\":{\"draftAndPublish\":true},\"pluginOptions\":{\"i18n\":{\"localized\":true}},\"attributes\":{\"links\":{\"type\":\"component\",\"repeatable\":true,\"component\":\"footer.footer-column\",\"pluginOptions\":{\"i18n\":{\"localized\":true}}},\"infos\":{\"type\":\"component\",\"repeatable\":true,\"component\":\"footer.footer-info\",\"pluginOptions\":{\"i18n\":{\"localized\":true}}},\"socials\":{\"type\":\"component\",\"repeatable\":true,\"component\":\"footer.social-link\",\"pluginOptions\":{\"i18n\":{\"localized\":true}}},\"url_bo_cong_thuong\":{\"pluginOptions\":{\"i18n\":{\"localized\":true}},\"type\":\"string\"}},\"kind\":\"collectionType\"},\"modelType\":\"contentType\",\"modelName\":\"footer\",\"connection\":\"default\",\"uid\":\"api::footer.footer\",\"apiName\":\"footer\",\"globalId\":\"Footer\",\"actions\":{},\"lifecycles\":{}},\"api::home.home\":{\"kind\":\"collectionType\",\"collectionName\":\"homes\",\"info\":{\"singularName\":\"home\",\"pluralName\":\"homes\",\"displayName\":\"Home\",\"description\":\"\"},\"options\":{\"draftAndPublish\":false},\"pluginOptions\":{\"i18n\":{\"localized\":true}},\"attributes\":{\"abouts\":{\"type\":\"component\",\"repeatable\":true,\"pluginOptions\":{\"i18n\":{\"localized\":true}},\"component\":\"home.about\",\"required\":true},\"features\":{\"type\":\"component\",\"repeatable\":true,\"pluginOptions\":{\"i18n\":{\"localized\":true}},\"component\":\"home.feature\",\"required\":true},\"home_tabs\":{\"type\":\"component\",\"repeatable\":true,\"pluginOptions\":{\"i18n\":{\"localized\":true}},\"component\":\"home.home-tab\",\"required\":true},\"services\":{\"type\":\"component\",\"repeatable\":true,\"pluginOptions\":{\"i18n\":{\"localized\":true}},\"component\":\"home.home-service\",\"required\":true},\"lookups\":{\"type\":\"component\",\"repeatable\":true,\"pluginOptions\":{\"i18n\":{\"localized\":true}},\"component\":\"home.home-lookup\",\"required\":true},\"partners\":{\"type\":\"component\",\"repeatable\":true,\"pluginOptions\":{\"i18n\":{\"localized\":true}},\"component\":\"home.home-partner\",\"required\":true},\"SEO\":{\"type\":\"component\",\"repeatable\":false,\"pluginOptions\":{\"i18n\":{\"localized\":true}},\"component\":\"shared.seo\"},\"banners\":{\"type\":\"component\",\"repeatable\":true,\"pluginOptions\":{\"i18n\":{\"localized\":true}},\"component\":\"home.banner\"},\"createdAt\":{\"type\":\"datetime\"},\"updatedAt\":{\"type\":\"datetime\"},\"createdBy\":{\"type\":\"relation\",\"relation\":\"oneToOne\",\"target\":\"admin::user\",\"configurable\":false,\"writable\":false,\"visible\":false,\"useJoinTable\":false,\"private\":true},\"updatedBy\":{\"type\":\"relation\",\"relation\":\"oneToOne\",\"target\":\"admin::user\",\"configurable\":false,\"writable\":false,\"visible\":false,\"useJoinTable\":false,\"private\":true},\"localizations\":{\"writable\":true,\"private\":false,\"configurable\":false,\"visible\":false,\"type\":\"relation\",\"relation\":\"oneToMany\",\"target\":\"api::home.home\"},\"locale\":{\"writable\":true,\"private\":false,\"configurable\":false,\"visible\":false,\"type\":\"string\"}},\"__schema__\":{\"collectionName\":\"homes\",\"info\":{\"singularName\":\"home\",\"pluralName\":\"homes\",\"displayName\":\"Home\",\"description\":\"\"},\"options\":{\"draftAndPublish\":false},\"pluginOptions\":{\"i18n\":{\"localized\":true}},\"attributes\":{\"abouts\":{\"type\":\"component\",\"repeatable\":true,\"pluginOptions\":{\"i18n\":{\"localized\":true}},\"component\":\"home.about\",\"required\":true},\"features\":{\"type\":\"component\",\"repeatable\":true,\"pluginOptions\":{\"i18n\":{\"localized\":true}},\"component\":\"home.feature\",\"required\":true},\"home_tabs\":{\"type\":\"component\",\"repeatable\":true,\"pluginOptions\":{\"i18n\":{\"localized\":true}},\"component\":\"home.home-tab\",\"required\":true},\"services\":{\"type\":\"component\",\"repeatable\":true,\"pluginOptions\":{\"i18n\":{\"localized\":true}},\"component\":\"home.home-service\",\"required\":true},\"lookups\":{\"type\":\"component\",\"repeatable\":true,\"pluginOptions\":{\"i18n\":{\"localized\":true}},\"component\":\"home.home-lookup\",\"required\":true},\"partners\":{\"type\":\"component\",\"repeatable\":true,\"pluginOptions\":{\"i18n\":{\"localized\":true}},\"component\":\"home.home-partner\",\"required\":true},\"SEO\":{\"type\":\"component\",\"repeatable\":false,\"pluginOptions\":{\"i18n\":{\"localized\":true}},\"component\":\"shared.seo\"},\"banners\":{\"type\":\"component\",\"repeatable\":true,\"pluginOptions\":{\"i18n\":{\"localized\":true}},\"component\":\"home.banner\"}},\"kind\":\"collectionType\"},\"modelType\":\"contentType\",\"modelName\":\"home\",\"connection\":\"default\",\"uid\":\"api::home.home\",\"apiName\":\"home\",\"globalId\":\"Home\",\"actions\":{},\"lifecycles\":{}},\"api::introduce.introduce\":{\"kind\":\"collectionType\",\"collectionName\":\"introduces\",\"info\":{\"singularName\":\"introduce\",\"pluralName\":\"introduces\",\"displayName\":\"Introduce\",\"description\":\"\"},\"options\":{\"draftAndPublish\":true},\"pluginOptions\":{\"i18n\":{\"localized\":true}},\"attributes\":{\"banner\":{\"type\":\"media\",\"multiple\":false,\"required\":false,\"allowedTypes\":[\"images\",\"files\",\"videos\",\"audios\"],\"pluginOptions\":{\"i18n\":{\"localized\":true}}},\"general\":{\"type\":\"component\",\"repeatable\":false,\"pluginOptions\":{\"i18n\":{\"localized\":true}},\"component\":\"introduce.general\"},\"mission\":{\"type\":\"component\",\"repeatable\":false,\"pluginOptions\":{\"i18n\":{\"localized\":true}},\"component\":\"introduce.mission\"},\"core_values\":{\"type\":\"component\",\"repeatable\":false,\"pluginOptions\":{\"i18n\":{\"localized\":true}},\"component\":\"introduce.core-values\"},\"reasons_choose_we\":{\"type\":\"component\",\"repeatable\":false,\"pluginOptions\":{\"i18n\":{\"localized\":true}},\"component\":\"introduce.reasons-choose-we\"},\"other\":{\"displayName\":\"Group Image Content\",\"type\":\"component\",\"repeatable\":true,\"pluginOptions\":{\"i18n\":{\"localized\":true}},\"component\":\"common.group-image-content\"},\"SEO\":{\"type\":\"component\",\"repeatable\":false,\"pluginOptions\":{\"i18n\":{\"localized\":true}},\"component\":\"shared.seo\"},\"createdAt\":{\"type\":\"datetime\"},\"updatedAt\":{\"type\":\"datetime\"},\"publishedAt\":{\"type\":\"datetime\",\"configurable\":false,\"writable\":true,\"visible\":false},\"createdBy\":{\"type\":\"relation\",\"relation\":\"oneToOne\",\"target\":\"admin::user\",\"configurable\":false,\"writable\":false,\"visible\":false,\"useJoinTable\":false,\"private\":true},\"updatedBy\":{\"type\":\"relation\",\"relation\":\"oneToOne\",\"target\":\"admin::user\",\"configurable\":false,\"writable\":false,\"visible\":false,\"useJoinTable\":false,\"private\":true},\"localizations\":{\"writable\":true,\"private\":false,\"configurable\":false,\"visible\":false,\"type\":\"relation\",\"relation\":\"oneToMany\",\"target\":\"api::introduce.introduce\"},\"locale\":{\"writable\":true,\"private\":false,\"configurable\":false,\"visible\":false,\"type\":\"string\"}},\"__schema__\":{\"collectionName\":\"introduces\",\"info\":{\"singularName\":\"introduce\",\"pluralName\":\"introduces\",\"displayName\":\"Introduce\",\"description\":\"\"},\"options\":{\"draftAndPublish\":true},\"pluginOptions\":{\"i18n\":{\"localized\":true}},\"attributes\":{\"banner\":{\"type\":\"media\",\"multiple\":false,\"required\":false,\"allowedTypes\":[\"images\",\"files\",\"videos\",\"audios\"],\"pluginOptions\":{\"i18n\":{\"localized\":true}}},\"general\":{\"type\":\"component\",\"repeatable\":false,\"pluginOptions\":{\"i18n\":{\"localized\":true}},\"component\":\"introduce.general\"},\"mission\":{\"type\":\"component\",\"repeatable\":false,\"pluginOptions\":{\"i18n\":{\"localized\":true}},\"component\":\"introduce.mission\"},\"core_values\":{\"type\":\"component\",\"repeatable\":false,\"pluginOptions\":{\"i18n\":{\"localized\":true}},\"component\":\"introduce.core-values\"},\"reasons_choose_we\":{\"type\":\"component\",\"repeatable\":false,\"pluginOptions\":{\"i18n\":{\"localized\":true}},\"component\":\"introduce.reasons-choose-we\"},\"other\":{\"displayName\":\"Group Image Content\",\"type\":\"component\",\"repeatable\":true,\"pluginOptions\":{\"i18n\":{\"localized\":true}},\"component\":\"common.group-image-content\"},\"SEO\":{\"type\":\"component\",\"repeatable\":false,\"pluginOptions\":{\"i18n\":{\"localized\":true}},\"component\":\"shared.seo\"}},\"kind\":\"collectionType\"},\"modelType\":\"contentType\",\"modelName\":\"introduce\",\"connection\":\"default\",\"uid\":\"api::introduce.introduce\",\"apiName\":\"introduce\",\"globalId\":\"Introduce\",\"actions\":{},\"lifecycles\":{}},\"api::list-new.list-new\":{\"kind\":\"collectionType\",\"collectionName\":\"list_news\",\"info\":{\"singularName\":\"list-new\",\"pluralName\":\"list-news\",\"displayName\":\"Banner New\",\"description\":\"\"},\"options\":{\"draftAndPublish\":false},\"pluginOptions\":{\"i18n\":{\"localized\":true}},\"attributes\":{\"banner\":{\"type\":\"media\",\"multiple\":false,\"required\":true,\"allowedTypes\":[\"images\",\"files\",\"videos\",\"audios\"],\"pluginOptions\":{\"i18n\":{\"localized\":true}}},\"type\":{\"pluginOptions\":{\"i18n\":{\"localized\":true}},\"type\":\"enumeration\",\"enum\":[\"internal_news\",\"market_news\",\"specialized_news\",\"recruitment\"],\"required\":true},\"createdAt\":{\"type\":\"datetime\"},\"updatedAt\":{\"type\":\"datetime\"},\"createdBy\":{\"type\":\"relation\",\"relation\":\"oneToOne\",\"target\":\"admin::user\",\"configurable\":false,\"writable\":false,\"visible\":false,\"useJoinTable\":false,\"private\":true},\"updatedBy\":{\"type\":\"relation\",\"relation\":\"oneToOne\",\"target\":\"admin::user\",\"configurable\":false,\"writable\":false,\"visible\":false,\"useJoinTable\":false,\"private\":true},\"localizations\":{\"writable\":true,\"private\":false,\"configurable\":false,\"visible\":false,\"type\":\"relation\",\"relation\":\"oneToMany\",\"target\":\"api::list-new.list-new\"},\"locale\":{\"writable\":true,\"private\":false,\"configurable\":false,\"visible\":false,\"type\":\"string\"}},\"__schema__\":{\"collectionName\":\"list_news\",\"info\":{\"singularName\":\"list-new\",\"pluralName\":\"list-news\",\"displayName\":\"Banner New\",\"description\":\"\"},\"options\":{\"draftAndPublish\":false},\"pluginOptions\":{\"i18n\":{\"localized\":true}},\"attributes\":{\"banner\":{\"type\":\"media\",\"multiple\":false,\"required\":true,\"allowedTypes\":[\"images\",\"files\",\"videos\",\"audios\"],\"pluginOptions\":{\"i18n\":{\"localized\":true}}},\"type\":{\"pluginOptions\":{\"i18n\":{\"localized\":true}},\"type\":\"enumeration\",\"enum\":[\"internal_news\",\"market_news\",\"specialized_news\",\"recruitment\"],\"required\":true}},\"kind\":\"collectionType\"},\"modelType\":\"contentType\",\"modelName\":\"list-new\",\"connection\":\"default\",\"uid\":\"api::list-new.list-new\",\"apiName\":\"list-new\",\"globalId\":\"ListNew\",\"actions\":{},\"lifecycles\":{}},\"api::milestone.milestone\":{\"kind\":\"collectionType\",\"collectionName\":\"milestones\",\"info\":{\"singularName\":\"milestone\",\"pluralName\":\"milestones\",\"displayName\":\"Milestone\",\"description\":\"\"},\"options\":{\"draftAndPublish\":true},\"pluginOptions\":{\"i18n\":{\"localized\":true}},\"attributes\":{\"banner\":{\"type\":\"media\",\"multiple\":false,\"required\":false,\"allowedTypes\":[\"images\",\"files\",\"videos\",\"audios\"],\"pluginOptions\":{\"i18n\":{\"localized\":true}}},\"bg_image\":{\"type\":\"media\",\"multiple\":false,\"required\":false,\"allowedTypes\":[\"images\",\"files\",\"videos\",\"audios\"],\"pluginOptions\":{\"i18n\":{\"localized\":true}}},\"milestones\":{\"displayName\":\"Milestones\",\"type\":\"component\",\"repeatable\":true,\"pluginOptions\":{\"i18n\":{\"localized\":true}},\"component\":\"introduce.milestones\"},\"SEO\":{\"type\":\"component\",\"repeatable\":false,\"pluginOptions\":{\"i18n\":{\"localized\":true}},\"component\":\"shared.seo\"},\"createdAt\":{\"type\":\"datetime\"},\"updatedAt\":{\"type\":\"datetime\"},\"publishedAt\":{\"type\":\"datetime\",\"configurable\":false,\"writable\":true,\"visible\":false},\"createdBy\":{\"type\":\"relation\",\"relation\":\"oneToOne\",\"target\":\"admin::user\",\"configurable\":false,\"writable\":false,\"visible\":false,\"useJoinTable\":false,\"private\":true},\"updatedBy\":{\"type\":\"relation\",\"relation\":\"oneToOne\",\"target\":\"admin::user\",\"configurable\":false,\"writable\":false,\"visible\":false,\"useJoinTable\":false,\"private\":true},\"localizations\":{\"writable\":true,\"private\":false,\"configurable\":false,\"visible\":false,\"type\":\"relation\",\"relation\":\"oneToMany\",\"target\":\"api::milestone.milestone\"},\"locale\":{\"writable\":true,\"private\":false,\"configurable\":false,\"visible\":false,\"type\":\"string\"}},\"__schema__\":{\"collectionName\":\"milestones\",\"info\":{\"singularName\":\"milestone\",\"pluralName\":\"milestones\",\"displayName\":\"Milestone\",\"description\":\"\"},\"options\":{\"draftAndPublish\":true},\"pluginOptions\":{\"i18n\":{\"localized\":true}},\"attributes\":{\"banner\":{\"type\":\"media\",\"multiple\":false,\"required\":false,\"allowedTypes\":[\"images\",\"files\",\"videos\",\"audios\"],\"pluginOptions\":{\"i18n\":{\"localized\":true}}},\"bg_image\":{\"type\":\"media\",\"multiple\":false,\"required\":false,\"allowedTypes\":[\"images\",\"files\",\"videos\",\"audios\"],\"pluginOptions\":{\"i18n\":{\"localized\":true}}},\"milestones\":{\"displayName\":\"Milestones\",\"type\":\"component\",\"repeatable\":true,\"pluginOptions\":{\"i18n\":{\"localized\":true}},\"component\":\"introduce.milestones\"},\"SEO\":{\"type\":\"component\",\"repeatable\":false,\"pluginOptions\":{\"i18n\":{\"localized\":true}},\"component\":\"shared.seo\"}},\"kind\":\"collectionType\"},\"modelType\":\"contentType\",\"modelName\":\"milestone\",\"connection\":\"default\",\"uid\":\"api::milestone.milestone\",\"apiName\":\"milestone\",\"globalId\":\"Milestone\",\"actions\":{},\"lifecycles\":{}},\"api::news.news\":{\"kind\":\"collectionType\",\"collectionName\":\"newss\",\"info\":{\"singularName\":\"news\",\"pluralName\":\"newss\",\"displayName\":\"News\",\"description\":\"\"},\"options\":{\"draftAndPublish\":true},\"pluginOptions\":{\"i18n\":{\"localized\":true}},\"attributes\":{\"title\":{\"pluginOptions\":{\"i18n\":{\"localized\":true}},\"type\":\"string\",\"required\":true},\"type\":{\"pluginOptions\":{\"i18n\":{\"localized\":true}},\"type\":\"enumeration\",\"enum\":[\"internal_news\",\"market_news\",\"specialized_news\",\"recruitment\"],\"required\":true,\"default\":\"internal_news\"},\"featured_image\":{\"type\":\"media\",\"multiple\":false,\"required\":true,\"allowedTypes\":[\"images\",\"files\",\"videos\",\"audios\"],\"pluginOptions\":{\"i18n\":{\"localized\":true}}},\"relevants\":{\"type\":\"relation\",\"relation\":\"manyToOne\",\"target\":\"api::news.news\",\"inversedBy\":\"news\"},\"news\":{\"type\":\"relation\",\"relation\":\"oneToMany\",\"target\":\"api::news.news\",\"mappedBy\":\"relevants\"},\"SEO\":{\"type\":\"component\",\"repeatable\":false,\"pluginOptions\":{\"versions\":{\"versioned\":true},\"i18n\":{\"localized\":true}},\"component\":\"shared.seo\"},\"is_hot\":{\"pluginOptions\":{\"versions\":{\"versioned\":true},\"i18n\":{\"localized\":true}},\"type\":\"boolean\"},\"preview_content\":{\"pluginOptions\":{\"i18n\":{\"localized\":true}},\"type\":\"text\",\"required\":true},\"slug\":{\"pluginOptions\":{\"i18n\":{\"localized\":true}},\"type\":\"string\",\"unique\":true,\"required\":true},\"page_view\":{\"pluginOptions\":{\"i18n\":{\"localized\":true}},\"type\":\"biginteger\",\"default\":\"0\"},\"like\":{\"pluginOptions\":{\"i18n\":{\"localized\":true}},\"type\":\"biginteger\",\"default\":\"0\"},\"dislike\":{\"pluginOptions\":{\"i18n\":{\"localized\":true}},\"type\":\"biginteger\",\"default\":\"0\"},\"contents\":{\"pluginOptions\":{\"i18n\":{\"localized\":true}},\"type\":\"richtext\",\"options\":{\"preset\":\"toolbar\"},\"customField\":\"plugin::ckeditor5.CKEditor\",\"required\":true},\"createdAt\":{\"type\":\"datetime\"},\"updatedAt\":{\"type\":\"datetime\"},\"publishedAt\":{\"type\":\"datetime\",\"configurable\":false,\"writable\":true,\"visible\":false},\"createdBy\":{\"type\":\"relation\",\"relation\":\"oneToOne\",\"target\":\"admin::user\",\"configurable\":false,\"writable\":false,\"visible\":false,\"useJoinTable\":false,\"private\":true},\"updatedBy\":{\"type\":\"relation\",\"relation\":\"oneToOne\",\"target\":\"admin::user\",\"configurable\":false,\"writable\":false,\"visible\":false,\"useJoinTable\":false,\"private\":true},\"localizations\":{\"writable\":true,\"private\":false,\"configurable\":false,\"visible\":false,\"type\":\"relation\",\"relation\":\"oneToMany\",\"target\":\"api::news.news\"},\"locale\":{\"writable\":true,\"private\":false,\"configurable\":false,\"visible\":false,\"type\":\"string\"}},\"__schema__\":{\"collectionName\":\"newss\",\"info\":{\"singularName\":\"news\",\"pluralName\":\"newss\",\"displayName\":\"News\",\"description\":\"\"},\"options\":{\"draftAndPublish\":true},\"pluginOptions\":{\"i18n\":{\"localized\":true}},\"attributes\":{\"title\":{\"pluginOptions\":{\"i18n\":{\"localized\":true}},\"type\":\"string\",\"required\":true},\"type\":{\"pluginOptions\":{\"i18n\":{\"localized\":true}},\"type\":\"enumeration\",\"enum\":[\"internal_news\",\"market_news\",\"specialized_news\",\"recruitment\"],\"required\":true,\"default\":\"internal_news\"},\"featured_image\":{\"type\":\"media\",\"multiple\":false,\"required\":true,\"allowedTypes\":[\"images\",\"files\",\"videos\",\"audios\"],\"pluginOptions\":{\"i18n\":{\"localized\":true}}},\"relevants\":{\"type\":\"relation\",\"relation\":\"manyToOne\",\"target\":\"api::news.news\",\"inversedBy\":\"news\"},\"news\":{\"type\":\"relation\",\"relation\":\"oneToMany\",\"target\":\"api::news.news\",\"mappedBy\":\"relevants\"},\"SEO\":{\"type\":\"component\",\"repeatable\":false,\"pluginOptions\":{\"versions\":{\"versioned\":true},\"i18n\":{\"localized\":true}},\"component\":\"shared.seo\"},\"is_hot\":{\"pluginOptions\":{\"versions\":{\"versioned\":true},\"i18n\":{\"localized\":true}},\"type\":\"boolean\"},\"preview_content\":{\"pluginOptions\":{\"i18n\":{\"localized\":true}},\"type\":\"text\",\"required\":true},\"slug\":{\"pluginOptions\":{\"i18n\":{\"localized\":true}},\"type\":\"string\",\"unique\":true,\"required\":true},\"page_view\":{\"pluginOptions\":{\"i18n\":{\"localized\":true}},\"type\":\"biginteger\",\"default\":\"0\"},\"like\":{\"pluginOptions\":{\"i18n\":{\"localized\":true}},\"type\":\"biginteger\",\"default\":\"0\"},\"dislike\":{\"pluginOptions\":{\"i18n\":{\"localized\":true}},\"type\":\"biginteger\",\"default\":\"0\"},\"contents\":{\"pluginOptions\":{\"i18n\":{\"localized\":true}},\"type\":\"customField\",\"options\":{\"preset\":\"toolbar\"},\"customField\":\"plugin::ckeditor5.CKEditor\",\"required\":true}},\"kind\":\"collectionType\"},\"modelType\":\"contentType\",\"modelName\":\"news\",\"connection\":\"default\",\"uid\":\"api::news.news\",\"apiName\":\"news\",\"globalId\":\"News\",\"actions\":{},\"lifecycles\":{}},\"api::order.order\":{\"kind\":\"collectionType\",\"collectionName\":\"orders\",\"info\":{\"singularName\":\"order\",\"pluralName\":\"orders\",\"displayName\":\"Order\",\"description\":\"\"},\"options\":{\"draftAndPublish\":false},\"pluginOptions\":{},\"attributes\":{\"fullname\":{\"pluginOptions\":{},\"type\":\"string\"},\"phone_number\":{\"pluginOptions\":{},\"type\":\"string\"},\"email\":{\"pluginOptions\":{},\"type\":\"email\"},\"service\":{\"pluginOptions\":{},\"type\":\"string\"},\"from\":{\"pluginOptions\":{},\"type\":\"string\"},\"to\":{\"pluginOptions\":{},\"type\":\"string\"},\"note\":{\"pluginOptions\":{},\"type\":\"text\"},\"service_type\":{\"pluginOptions\":{},\"type\":\"enumeration\",\"enum\":[\"trucking_domestic\",\"trucking_international\",\"rail_transport\",\"sea_transport\",\"lcl_sea_transport\",\"fcl_sea_transport\",\"bulk_sea_transport\",\"air_transport_domestic\",\"air_transport_international\"],\"default\":\"trucking_domestic\"},\"weight\":{\"pluginOptions\":{},\"type\":\"decimal\"},\"createdAt\":{\"type\":\"datetime\"},\"updatedAt\":{\"type\":\"datetime\"},\"createdBy\":{\"type\":\"relation\",\"relation\":\"oneToOne\",\"target\":\"admin::user\",\"configurable\":false,\"writable\":false,\"visible\":false,\"useJoinTable\":false,\"private\":true},\"updatedBy\":{\"type\":\"relation\",\"relation\":\"oneToOne\",\"target\":\"admin::user\",\"configurable\":false,\"writable\":false,\"visible\":false,\"useJoinTable\":false,\"private\":true}},\"__schema__\":{\"collectionName\":\"orders\",\"info\":{\"singularName\":\"order\",\"pluralName\":\"orders\",\"displayName\":\"Order\",\"description\":\"\"},\"options\":{\"draftAndPublish\":false},\"pluginOptions\":{},\"attributes\":{\"fullname\":{\"pluginOptions\":{},\"type\":\"string\"},\"phone_number\":{\"pluginOptions\":{},\"type\":\"string\"},\"email\":{\"pluginOptions\":{},\"type\":\"email\"},\"service\":{\"pluginOptions\":{},\"type\":\"string\"},\"from\":{\"pluginOptions\":{},\"type\":\"string\"},\"to\":{\"pluginOptions\":{},\"type\":\"string\"},\"note\":{\"pluginOptions\":{},\"type\":\"text\"},\"service_type\":{\"pluginOptions\":{},\"type\":\"enumeration\",\"enum\":[\"trucking_domestic\",\"trucking_international\",\"rail_transport\",\"sea_transport\",\"lcl_sea_transport\",\"fcl_sea_transport\",\"bulk_sea_transport\",\"air_transport_domestic\",\"air_transport_international\"],\"default\":\"trucking_domestic\"},\"weight\":{\"pluginOptions\":{},\"type\":\"decimal\"}},\"kind\":\"collectionType\"},\"modelType\":\"contentType\",\"modelName\":\"order\",\"connection\":\"default\",\"uid\":\"api::order.order\",\"apiName\":\"order\",\"globalId\":\"Order\",\"actions\":{},\"lifecycles\":{}},\"api::packing.packing\":{\"kind\":\"collectionType\",\"collectionName\":\"packings\",\"info\":{\"singularName\":\"packing\",\"pluralName\":\"packings\",\"displayName\":\"Packing\",\"description\":\"\"},\"options\":{\"draftAndPublish\":true},\"pluginOptions\":{\"i18n\":{\"localized\":true}},\"attributes\":{\"banner\":{\"type\":\"media\",\"multiple\":false,\"required\":false,\"allowedTypes\":[\"images\",\"files\",\"videos\",\"audios\"],\"pluginOptions\":{\"i18n\":{\"localized\":true}}},\"infomation\":{\"type\":\"component\",\"repeatable\":false,\"pluginOptions\":{\"i18n\":{\"localized\":true}},\"component\":\"service.information-service\"},\"bg_price\":{\"type\":\"media\",\"multiple\":false,\"required\":false,\"allowedTypes\":[\"images\",\"files\",\"videos\",\"audios\"],\"pluginOptions\":{\"i18n\":{\"localized\":true}}},\"SEO\":{\"type\":\"component\",\"repeatable\":false,\"pluginOptions\":{\"i18n\":{\"localized\":true}},\"component\":\"shared.seo\"},\"price_table\":{\"type\":\"component\",\"repeatable\":false,\"pluginOptions\":{\"i18n\":{\"localized\":true}},\"component\":\"common.price-table\"},\"createdAt\":{\"type\":\"datetime\"},\"updatedAt\":{\"type\":\"datetime\"},\"publishedAt\":{\"type\":\"datetime\",\"configurable\":false,\"writable\":true,\"visible\":false},\"createdBy\":{\"type\":\"relation\",\"relation\":\"oneToOne\",\"target\":\"admin::user\",\"configurable\":false,\"writable\":false,\"visible\":false,\"useJoinTable\":false,\"private\":true},\"updatedBy\":{\"type\":\"relation\",\"relation\":\"oneToOne\",\"target\":\"admin::user\",\"configurable\":false,\"writable\":false,\"visible\":false,\"useJoinTable\":false,\"private\":true},\"localizations\":{\"writable\":true,\"private\":false,\"configurable\":false,\"visible\":false,\"type\":\"relation\",\"relation\":\"oneToMany\",\"target\":\"api::packing.packing\"},\"locale\":{\"writable\":true,\"private\":false,\"configurable\":false,\"visible\":false,\"type\":\"string\"}},\"__schema__\":{\"collectionName\":\"packings\",\"info\":{\"singularName\":\"packing\",\"pluralName\":\"packings\",\"displayName\":\"Packing\",\"description\":\"\"},\"options\":{\"draftAndPublish\":true},\"pluginOptions\":{\"i18n\":{\"localized\":true}},\"attributes\":{\"banner\":{\"type\":\"media\",\"multiple\":false,\"required\":false,\"allowedTypes\":[\"images\",\"files\",\"videos\",\"audios\"],\"pluginOptions\":{\"i18n\":{\"localized\":true}}},\"infomation\":{\"type\":\"component\",\"repeatable\":false,\"pluginOptions\":{\"i18n\":{\"localized\":true}},\"component\":\"service.information-service\"},\"bg_price\":{\"type\":\"media\",\"multiple\":false,\"required\":false,\"allowedTypes\":[\"images\",\"files\",\"videos\",\"audios\"],\"pluginOptions\":{\"i18n\":{\"localized\":true}}},\"SEO\":{\"type\":\"component\",\"repeatable\":false,\"pluginOptions\":{\"i18n\":{\"localized\":true}},\"component\":\"shared.seo\"},\"price_table\":{\"type\":\"component\",\"repeatable\":false,\"pluginOptions\":{\"i18n\":{\"localized\":true}},\"component\":\"common.price-table\"}},\"kind\":\"collectionType\"},\"modelType\":\"contentType\",\"modelName\":\"packing\",\"connection\":\"default\",\"uid\":\"api::packing.packing\",\"apiName\":\"packing\",\"globalId\":\"Packing\",\"actions\":{},\"lifecycles\":{}},\"api::province.province\":{\"kind\":\"collectionType\",\"collectionName\":\"provinces\",\"info\":{\"singularName\":\"province\",\"pluralName\":\"provinces\",\"displayName\":\"Province\",\"description\":\"\"},\"options\":{\"draftAndPublish\":false},\"pluginOptions\":{\"i18n\":{\"localized\":true}},\"attributes\":{\"name\":{\"type\":\"string\",\"pluginOptions\":{\"i18n\":{\"localized\":true}}},\"fullname\":{\"type\":\"string\",\"pluginOptions\":{\"i18n\":{\"localized\":true}}},\"createdAt\":{\"type\":\"datetime\"},\"updatedAt\":{\"type\":\"datetime\"},\"createdBy\":{\"type\":\"relation\",\"relation\":\"oneToOne\",\"target\":\"admin::user\",\"configurable\":false,\"writable\":false,\"visible\":false,\"useJoinTable\":false,\"private\":true},\"updatedBy\":{\"type\":\"relation\",\"relation\":\"oneToOne\",\"target\":\"admin::user\",\"configurable\":false,\"writable\":false,\"visible\":false,\"useJoinTable\":false,\"private\":true},\"localizations\":{\"writable\":true,\"private\":false,\"configurable\":false,\"visible\":false,\"type\":\"relation\",\"relation\":\"oneToMany\",\"target\":\"api::province.province\"},\"locale\":{\"writable\":true,\"private\":false,\"configurable\":false,\"visible\":false,\"type\":\"string\"}},\"__schema__\":{\"collectionName\":\"provinces\",\"info\":{\"singularName\":\"province\",\"pluralName\":\"provinces\",\"displayName\":\"Province\",\"description\":\"\"},\"options\":{\"draftAndPublish\":false},\"pluginOptions\":{\"i18n\":{\"localized\":true}},\"attributes\":{\"name\":{\"type\":\"string\",\"pluginOptions\":{\"i18n\":{\"localized\":true}}},\"fullname\":{\"type\":\"string\",\"pluginOptions\":{\"i18n\":{\"localized\":true}}}},\"kind\":\"collectionType\"},\"modelType\":\"contentType\",\"modelName\":\"province\",\"connection\":\"default\",\"uid\":\"api::province.province\",\"apiName\":\"province\",\"globalId\":\"Province\",\"actions\":{},\"lifecycles\":{}},\"api::rail-transportation.rail-transportation\":{\"kind\":\"collectionType\",\"collectionName\":\"rail_transportations\",\"info\":{\"singularName\":\"rail-transportation\",\"pluralName\":\"rail-transportations\",\"displayName\":\"Rail Transportation\",\"description\":\"\"},\"options\":{\"draftAndPublish\":true},\"pluginOptions\":{\"i18n\":{\"localized\":true}},\"attributes\":{\"description\":{\"type\":\"richtext\",\"pluginOptions\":{\"i18n\":{\"localized\":true}}},\"features\":{\"type\":\"component\",\"repeatable\":true,\"component\":\"service.feature\",\"pluginOptions\":{\"i18n\":{\"localized\":true}}},\"services\":{\"displayName\":\"Service\",\"type\":\"component\",\"repeatable\":true,\"component\":\"rail.service\",\"pluginOptions\":{\"i18n\":{\"localized\":true}}},\"service_image\":{\"type\":\"media\",\"multiple\":false,\"required\":false,\"allowedTypes\":[\"images\",\"files\",\"videos\",\"audios\"],\"pluginOptions\":{\"i18n\":{\"localized\":true}}},\"advantages\":{\"type\":\"component\",\"repeatable\":true,\"component\":\"rail.service\",\"pluginOptions\":{\"i18n\":{\"localized\":true}}},\"advantag_image\":{\"type\":\"media\",\"multiple\":false,\"required\":false,\"allowedTypes\":[\"images\",\"files\",\"videos\",\"audios\"],\"pluginOptions\":{\"i18n\":{\"localized\":true}}},\"others\":{\"type\":\"component\",\"repeatable\":true,\"component\":\"trucking.other-service\",\"pluginOptions\":{\"i18n\":{\"localized\":true}}},\"SEO\":{\"type\":\"component\",\"repeatable\":false,\"pluginOptions\":{\"i18n\":{\"localized\":true}},\"component\":\"shared.seo\"},\"banner\":{\"type\":\"media\",\"multiple\":false,\"required\":false,\"allowedTypes\":[\"images\",\"files\",\"videos\",\"audios\"],\"pluginOptions\":{\"i18n\":{\"localized\":true}}},\"price_table\":{\"type\":\"component\",\"repeatable\":false,\"pluginOptions\":{\"i18n\":{\"localized\":true}},\"component\":\"common.price-table\"},\"createdAt\":{\"type\":\"datetime\"},\"updatedAt\":{\"type\":\"datetime\"},\"publishedAt\":{\"type\":\"datetime\",\"configurable\":false,\"writable\":true,\"visible\":false},\"createdBy\":{\"type\":\"relation\",\"relation\":\"oneToOne\",\"target\":\"admin::user\",\"configurable\":false,\"writable\":false,\"visible\":false,\"useJoinTable\":false,\"private\":true},\"updatedBy\":{\"type\":\"relation\",\"relation\":\"oneToOne\",\"target\":\"admin::user\",\"configurable\":false,\"writable\":false,\"visible\":false,\"useJoinTable\":false,\"private\":true},\"localizations\":{\"writable\":true,\"private\":false,\"configurable\":false,\"visible\":false,\"type\":\"relation\",\"relation\":\"oneToMany\",\"target\":\"api::rail-transportation.rail-transportation\"},\"locale\":{\"writable\":true,\"private\":false,\"configurable\":false,\"visible\":false,\"type\":\"string\"}},\"__schema__\":{\"collectionName\":\"rail_transportations\",\"info\":{\"singularName\":\"rail-transportation\",\"pluralName\":\"rail-transportations\",\"displayName\":\"Rail Transportation\",\"description\":\"\"},\"options\":{\"draftAndPublish\":true},\"pluginOptions\":{\"i18n\":{\"localized\":true}},\"attributes\":{\"description\":{\"type\":\"richtext\",\"pluginOptions\":{\"i18n\":{\"localized\":true}}},\"features\":{\"type\":\"component\",\"repeatable\":true,\"component\":\"service.feature\",\"pluginOptions\":{\"i18n\":{\"localized\":true}}},\"services\":{\"displayName\":\"Service\",\"type\":\"component\",\"repeatable\":true,\"component\":\"rail.service\",\"pluginOptions\":{\"i18n\":{\"localized\":true}}},\"service_image\":{\"type\":\"media\",\"multiple\":false,\"required\":false,\"allowedTypes\":[\"images\",\"files\",\"videos\",\"audios\"],\"pluginOptions\":{\"i18n\":{\"localized\":true}}},\"advantages\":{\"type\":\"component\",\"repeatable\":true,\"component\":\"rail.service\",\"pluginOptions\":{\"i18n\":{\"localized\":true}}},\"advantag_image\":{\"type\":\"media\",\"multiple\":false,\"required\":false,\"allowedTypes\":[\"images\",\"files\",\"videos\",\"audios\"],\"pluginOptions\":{\"i18n\":{\"localized\":true}}},\"others\":{\"type\":\"component\",\"repeatable\":true,\"component\":\"trucking.other-service\",\"pluginOptions\":{\"i18n\":{\"localized\":true}}},\"SEO\":{\"type\":\"component\",\"repeatable\":false,\"pluginOptions\":{\"i18n\":{\"localized\":true}},\"component\":\"shared.seo\"},\"banner\":{\"type\":\"media\",\"multiple\":false,\"required\":false,\"allowedTypes\":[\"images\",\"files\",\"videos\",\"audios\"],\"pluginOptions\":{\"i18n\":{\"localized\":true}}},\"price_table\":{\"type\":\"component\",\"repeatable\":false,\"pluginOptions\":{\"i18n\":{\"localized\":true}},\"component\":\"common.price-table\"}},\"kind\":\"collectionType\"},\"modelType\":\"contentType\",\"modelName\":\"rail-transportation\",\"connection\":\"default\",\"uid\":\"api::rail-transportation.rail-transportation\",\"apiName\":\"rail-transportation\",\"globalId\":\"RailTransportation\",\"actions\":{},\"lifecycles\":{}},\"api::sea-transport.sea-transport\":{\"kind\":\"collectionType\",\"collectionName\":\"sea_transports\",\"info\":{\"singularName\":\"sea-transport\",\"pluralName\":\"sea-transports\",\"displayName\":\"Sea Transport\",\"description\":\"\"},\"options\":{\"draftAndPublish\":false},\"pluginOptions\":{\"i18n\":{\"localized\":true}},\"attributes\":{\"banner\":{\"type\":\"media\",\"multiple\":false,\"required\":false,\"allowedTypes\":[\"images\",\"files\",\"videos\",\"audios\"],\"pluginOptions\":{\"i18n\":{\"localized\":true}}},\"description\":{\"pluginOptions\":{\"i18n\":{\"localized\":true}},\"type\":\"richtext\"},\"features\":{\"displayName\":\"Feature\",\"type\":\"component\",\"repeatable\":true,\"pluginOptions\":{\"i18n\":{\"localized\":true}},\"component\":\"sea.feature\"},\"domestic_services\":{\"type\":\"component\",\"repeatable\":true,\"pluginOptions\":{\"i18n\":{\"localized\":true}},\"component\":\"rail.service\"},\"domestic_image\":{\"type\":\"media\",\"multiple\":false,\"required\":false,\"allowedTypes\":[\"images\",\"files\",\"videos\",\"audios\"],\"pluginOptions\":{\"i18n\":{\"localized\":true}}},\"services\":{\"displayName\":\"Service\",\"type\":\"component\",\"repeatable\":true,\"pluginOptions\":{\"i18n\":{\"localized\":true}},\"component\":\"sea.service\"},\"SEO\":{\"type\":\"component\",\"repeatable\":false,\"pluginOptions\":{\"i18n\":{\"localized\":true}},\"component\":\"shared.seo\"},\"others\":{\"type\":\"component\",\"repeatable\":true,\"pluginOptions\":{\"i18n\":{\"localized\":true}},\"component\":\"trucking.other-service\"},\"domestic_price\":{\"type\":\"component\",\"repeatable\":false,\"pluginOptions\":{\"i18n\":{\"localized\":true}},\"component\":\"common.price-table\"},\"createdAt\":{\"type\":\"datetime\"},\"updatedAt\":{\"type\":\"datetime\"},\"createdBy\":{\"type\":\"relation\",\"relation\":\"oneToOne\",\"target\":\"admin::user\",\"configurable\":false,\"writable\":false,\"visible\":false,\"useJoinTable\":false,\"private\":true},\"updatedBy\":{\"type\":\"relation\",\"relation\":\"oneToOne\",\"target\":\"admin::user\",\"configurable\":false,\"writable\":false,\"visible\":false,\"useJoinTable\":false,\"private\":true},\"localizations\":{\"writable\":true,\"private\":false,\"configurable\":false,\"visible\":false,\"type\":\"relation\",\"relation\":\"oneToMany\",\"target\":\"api::sea-transport.sea-transport\"},\"locale\":{\"writable\":true,\"private\":false,\"configurable\":false,\"visible\":false,\"type\":\"string\"}},\"__schema__\":{\"collectionName\":\"sea_transports\",\"info\":{\"singularName\":\"sea-transport\",\"pluralName\":\"sea-transports\",\"displayName\":\"Sea Transport\",\"description\":\"\"},\"options\":{\"draftAndPublish\":false},\"pluginOptions\":{\"i18n\":{\"localized\":true}},\"attributes\":{\"banner\":{\"type\":\"media\",\"multiple\":false,\"required\":false,\"allowedTypes\":[\"images\",\"files\",\"videos\",\"audios\"],\"pluginOptions\":{\"i18n\":{\"localized\":true}}},\"description\":{\"pluginOptions\":{\"i18n\":{\"localized\":true}},\"type\":\"richtext\"},\"features\":{\"displayName\":\"Feature\",\"type\":\"component\",\"repeatable\":true,\"pluginOptions\":{\"i18n\":{\"localized\":true}},\"component\":\"sea.feature\"},\"domestic_services\":{\"type\":\"component\",\"repeatable\":true,\"pluginOptions\":{\"i18n\":{\"localized\":true}},\"component\":\"rail.service\"},\"domestic_image\":{\"type\":\"media\",\"multiple\":false,\"required\":false,\"allowedTypes\":[\"images\",\"files\",\"videos\",\"audios\"],\"pluginOptions\":{\"i18n\":{\"localized\":true}}},\"services\":{\"displayName\":\"Service\",\"type\":\"component\",\"repeatable\":true,\"pluginOptions\":{\"i18n\":{\"localized\":true}},\"component\":\"sea.service\"},\"SEO\":{\"type\":\"component\",\"repeatable\":false,\"pluginOptions\":{\"i18n\":{\"localized\":true}},\"component\":\"shared.seo\"},\"others\":{\"type\":\"component\",\"repeatable\":true,\"pluginOptions\":{\"i18n\":{\"localized\":true}},\"component\":\"trucking.other-service\"},\"domestic_price\":{\"type\":\"component\",\"repeatable\":false,\"pluginOptions\":{\"i18n\":{\"localized\":true}},\"component\":\"common.price-table\"}},\"kind\":\"collectionType\"},\"modelType\":\"contentType\",\"modelName\":\"sea-transport\",\"connection\":\"default\",\"uid\":\"api::sea-transport.sea-transport\",\"apiName\":\"sea-transport\",\"globalId\":\"SeaTransport\",\"actions\":{},\"lifecycles\":{}},\"api::service.service\":{\"kind\":\"collectionType\",\"collectionName\":\"services\",\"info\":{\"singularName\":\"service\",\"pluralName\":\"services\",\"displayName\":\"Service\",\"description\":\"\"},\"options\":{\"draftAndPublish\":true},\"pluginOptions\":{\"i18n\":{\"localized\":true}},\"attributes\":{\"banner\":{\"type\":\"media\",\"multiple\":false,\"required\":false,\"allowedTypes\":[\"images\",\"files\",\"videos\",\"audios\"],\"pluginOptions\":{\"i18n\":{\"localized\":true}}},\"description\":{\"type\":\"string\",\"pluginOptions\":{\"i18n\":{\"localized\":true}}},\"features\":{\"type\":\"component\",\"repeatable\":true,\"component\":\"service.feature\",\"pluginOptions\":{\"i18n\":{\"localized\":true}}},\"description_service\":{\"type\":\"text\",\"pluginOptions\":{\"i18n\":{\"localized\":true}}},\"transportations\":{\"type\":\"component\",\"repeatable\":true,\"component\":\"service.transportation\",\"pluginOptions\":{\"i18n\":{\"localized\":true}}},\"bg_service\":{\"type\":\"media\",\"multiple\":false,\"required\":false,\"allowedTypes\":[\"images\",\"files\",\"videos\",\"audios\"],\"pluginOptions\":{\"i18n\":{\"localized\":true}}},\"SEO\":{\"type\":\"component\",\"repeatable\":false,\"pluginOptions\":{\"i18n\":{\"localized\":true}},\"component\":\"shared.seo\"},\"createdAt\":{\"type\":\"datetime\"},\"updatedAt\":{\"type\":\"datetime\"},\"publishedAt\":{\"type\":\"datetime\",\"configurable\":false,\"writable\":true,\"visible\":false},\"createdBy\":{\"type\":\"relation\",\"relation\":\"oneToOne\",\"target\":\"admin::user\",\"configurable\":false,\"writable\":false,\"visible\":false,\"useJoinTable\":false,\"private\":true},\"updatedBy\":{\"type\":\"relation\",\"relation\":\"oneToOne\",\"target\":\"admin::user\",\"configurable\":false,\"writable\":false,\"visible\":false,\"useJoinTable\":false,\"private\":true},\"localizations\":{\"writable\":true,\"private\":false,\"configurable\":false,\"visible\":false,\"type\":\"relation\",\"relation\":\"oneToMany\",\"target\":\"api::service.service\"},\"locale\":{\"writable\":true,\"private\":false,\"configurable\":false,\"visible\":false,\"type\":\"string\"}},\"__schema__\":{\"collectionName\":\"services\",\"info\":{\"singularName\":\"service\",\"pluralName\":\"services\",\"displayName\":\"Service\",\"description\":\"\"},\"options\":{\"draftAndPublish\":true},\"pluginOptions\":{\"i18n\":{\"localized\":true}},\"attributes\":{\"banner\":{\"type\":\"media\",\"multiple\":false,\"required\":false,\"allowedTypes\":[\"images\",\"files\",\"videos\",\"audios\"],\"pluginOptions\":{\"i18n\":{\"localized\":true}}},\"description\":{\"type\":\"string\",\"pluginOptions\":{\"i18n\":{\"localized\":true}}},\"features\":{\"type\":\"component\",\"repeatable\":true,\"component\":\"service.feature\",\"pluginOptions\":{\"i18n\":{\"localized\":true}}},\"description_service\":{\"type\":\"text\",\"pluginOptions\":{\"i18n\":{\"localized\":true}}},\"transportations\":{\"type\":\"component\",\"repeatable\":true,\"component\":\"service.transportation\",\"pluginOptions\":{\"i18n\":{\"localized\":true}}},\"bg_service\":{\"type\":\"media\",\"multiple\":false,\"required\":false,\"allowedTypes\":[\"images\",\"files\",\"videos\",\"audios\"],\"pluginOptions\":{\"i18n\":{\"localized\":true}}},\"SEO\":{\"type\":\"component\",\"repeatable\":false,\"pluginOptions\":{\"i18n\":{\"localized\":true}},\"component\":\"shared.seo\"}},\"kind\":\"collectionType\"},\"modelType\":\"contentType\",\"modelName\":\"service\",\"connection\":\"default\",\"uid\":\"api::service.service\",\"apiName\":\"service\",\"globalId\":\"Service\",\"actions\":{},\"lifecycles\":{}},\"api::trucking.trucking\":{\"kind\":\"collectionType\",\"collectionName\":\"truckings\",\"info\":{\"singularName\":\"trucking\",\"pluralName\":\"truckings\",\"displayName\":\"Trucking\",\"description\":\"\"},\"options\":{\"draftAndPublish\":true},\"pluginOptions\":{\"i18n\":{\"localized\":true}},\"attributes\":{\"banner\":{\"type\":\"media\",\"multiple\":false,\"required\":false,\"allowedTypes\":[\"images\",\"files\",\"videos\",\"audios\"],\"pluginOptions\":{\"i18n\":{\"localized\":true}}},\"description\":{\"type\":\"text\",\"pluginOptions\":{\"i18n\":{\"localized\":true}}},\"intro_img\":{\"type\":\"media\",\"multiple\":false,\"required\":false,\"allowedTypes\":[\"images\",\"files\",\"videos\",\"audios\"],\"pluginOptions\":{\"i18n\":{\"localized\":true}}},\"sub_intro_img\":{\"type\":\"media\",\"multiple\":false,\"required\":false,\"allowedTypes\":[\"images\",\"files\",\"videos\",\"audios\"],\"pluginOptions\":{\"i18n\":{\"localized\":true}}},\"internal_img\":{\"type\":\"media\",\"multiple\":false,\"required\":false,\"allowedTypes\":[\"images\",\"files\",\"videos\",\"audios\"],\"pluginOptions\":{\"i18n\":{\"localized\":true}}},\"international_img\":{\"type\":\"media\",\"multiple\":false,\"required\":false,\"allowedTypes\":[\"images\",\"files\",\"videos\",\"audios\"],\"pluginOptions\":{\"i18n\":{\"localized\":true}}},\"intro_features\":{\"type\":\"component\",\"repeatable\":true,\"pluginOptions\":{\"i18n\":{\"localized\":true}},\"component\":\"trucking.introduce-features\"},\"internal_features\":{\"type\":\"component\",\"repeatable\":true,\"pluginOptions\":{\"i18n\":{\"localized\":true}},\"component\":\"trucking.feature\"},\"international_features\":{\"type\":\"component\",\"repeatable\":true,\"pluginOptions\":{\"i18n\":{\"localized\":true}},\"component\":\"trucking.feature\"},\"other\":{\"type\":\"component\",\"repeatable\":true,\"pluginOptions\":{\"i18n\":{\"localized\":true}},\"component\":\"trucking.other-service\"},\"SEO\":{\"type\":\"component\",\"repeatable\":false,\"pluginOptions\":{\"i18n\":{\"localized\":true}},\"component\":\"shared.seo\"},\"internal_price_table\":{\"type\":\"component\",\"repeatable\":false,\"pluginOptions\":{\"i18n\":{\"localized\":true}},\"component\":\"common.price-table\"},\"international_price_table\":{\"type\":\"component\",\"repeatable\":false,\"pluginOptions\":{\"i18n\":{\"localized\":true}},\"component\":\"common.price-table\"},\"createdAt\":{\"type\":\"datetime\"},\"updatedAt\":{\"type\":\"datetime\"},\"publishedAt\":{\"type\":\"datetime\",\"configurable\":false,\"writable\":true,\"visible\":false},\"createdBy\":{\"type\":\"relation\",\"relation\":\"oneToOne\",\"target\":\"admin::user\",\"configurable\":false,\"writable\":false,\"visible\":false,\"useJoinTable\":false,\"private\":true},\"updatedBy\":{\"type\":\"relation\",\"relation\":\"oneToOne\",\"target\":\"admin::user\",\"configurable\":false,\"writable\":false,\"visible\":false,\"useJoinTable\":false,\"private\":true},\"localizations\":{\"writable\":true,\"private\":false,\"configurable\":false,\"visible\":false,\"type\":\"relation\",\"relation\":\"oneToMany\",\"target\":\"api::trucking.trucking\"},\"locale\":{\"writable\":true,\"private\":false,\"configurable\":false,\"visible\":false,\"type\":\"string\"}},\"__schema__\":{\"collectionName\":\"truckings\",\"info\":{\"singularName\":\"trucking\",\"pluralName\":\"truckings\",\"displayName\":\"Trucking\",\"description\":\"\"},\"options\":{\"draftAndPublish\":true},\"pluginOptions\":{\"i18n\":{\"localized\":true}},\"attributes\":{\"banner\":{\"type\":\"media\",\"multiple\":false,\"required\":false,\"allowedTypes\":[\"images\",\"files\",\"videos\",\"audios\"],\"pluginOptions\":{\"i18n\":{\"localized\":true}}},\"description\":{\"type\":\"text\",\"pluginOptions\":{\"i18n\":{\"localized\":true}}},\"intro_img\":{\"type\":\"media\",\"multiple\":false,\"required\":false,\"allowedTypes\":[\"images\",\"files\",\"videos\",\"audios\"],\"pluginOptions\":{\"i18n\":{\"localized\":true}}},\"sub_intro_img\":{\"type\":\"media\",\"multiple\":false,\"required\":false,\"allowedTypes\":[\"images\",\"files\",\"videos\",\"audios\"],\"pluginOptions\":{\"i18n\":{\"localized\":true}}},\"internal_img\":{\"type\":\"media\",\"multiple\":false,\"required\":false,\"allowedTypes\":[\"images\",\"files\",\"videos\",\"audios\"],\"pluginOptions\":{\"i18n\":{\"localized\":true}}},\"international_img\":{\"type\":\"media\",\"multiple\":false,\"required\":false,\"allowedTypes\":[\"images\",\"files\",\"videos\",\"audios\"],\"pluginOptions\":{\"i18n\":{\"localized\":true}}},\"intro_features\":{\"type\":\"component\",\"repeatable\":true,\"pluginOptions\":{\"i18n\":{\"localized\":true}},\"component\":\"trucking.introduce-features\"},\"internal_features\":{\"type\":\"component\",\"repeatable\":true,\"pluginOptions\":{\"i18n\":{\"localized\":true}},\"component\":\"trucking.feature\"},\"international_features\":{\"type\":\"component\",\"repeatable\":true,\"pluginOptions\":{\"i18n\":{\"localized\":true}},\"component\":\"trucking.feature\"},\"other\":{\"type\":\"component\",\"repeatable\":true,\"pluginOptions\":{\"i18n\":{\"localized\":true}},\"component\":\"trucking.other-service\"},\"SEO\":{\"type\":\"component\",\"repeatable\":false,\"pluginOptions\":{\"i18n\":{\"localized\":true}},\"component\":\"shared.seo\"},\"internal_price_table\":{\"type\":\"component\",\"repeatable\":false,\"pluginOptions\":{\"i18n\":{\"localized\":true}},\"component\":\"common.price-table\"},\"international_price_table\":{\"type\":\"component\",\"repeatable\":false,\"pluginOptions\":{\"i18n\":{\"localized\":true}},\"component\":\"common.price-table\"}},\"kind\":\"collectionType\"},\"modelType\":\"contentType\",\"modelName\":\"trucking\",\"connection\":\"default\",\"uid\":\"api::trucking.trucking\",\"apiName\":\"trucking\",\"globalId\":\"Trucking\",\"actions\":{},\"lifecycles\":{}},\"api::warehouse.warehouse\":{\"kind\":\"collectionType\",\"collectionName\":\"warehouses\",\"info\":{\"singularName\":\"warehouse\",\"pluralName\":\"warehouses\",\"displayName\":\"Warehouse\",\"description\":\"\"},\"options\":{\"draftAndPublish\":true},\"pluginOptions\":{\"i18n\":{\"localized\":true}},\"attributes\":{\"banner\":{\"type\":\"media\",\"multiple\":false,\"required\":true,\"allowedTypes\":[\"images\"],\"pluginOptions\":{\"i18n\":{\"localized\":true}}},\"infomation\":{\"type\":\"component\",\"repeatable\":false,\"pluginOptions\":{\"i18n\":{\"localized\":true}},\"component\":\"service.information-service\"},\"bg_price\":{\"type\":\"media\",\"multiple\":false,\"required\":true,\"allowedTypes\":[\"images\"],\"pluginOptions\":{\"i18n\":{\"localized\":true}}},\"SEO\":{\"type\":\"component\",\"repeatable\":false,\"pluginOptions\":{\"i18n\":{\"localized\":true}},\"component\":\"shared.seo\"},\"price_table\":{\"type\":\"component\",\"repeatable\":false,\"pluginOptions\":{\"i18n\":{\"localized\":true}},\"component\":\"common.price-table\",\"required\":true},\"createdAt\":{\"type\":\"datetime\"},\"updatedAt\":{\"type\":\"datetime\"},\"publishedAt\":{\"type\":\"datetime\",\"configurable\":false,\"writable\":true,\"visible\":false},\"createdBy\":{\"type\":\"relation\",\"relation\":\"oneToOne\",\"target\":\"admin::user\",\"configurable\":false,\"writable\":false,\"visible\":false,\"useJoinTable\":false,\"private\":true},\"updatedBy\":{\"type\":\"relation\",\"relation\":\"oneToOne\",\"target\":\"admin::user\",\"configurable\":false,\"writable\":false,\"visible\":false,\"useJoinTable\":false,\"private\":true},\"localizations\":{\"writable\":true,\"private\":false,\"configurable\":false,\"visible\":false,\"type\":\"relation\",\"relation\":\"oneToMany\",\"target\":\"api::warehouse.warehouse\"},\"locale\":{\"writable\":true,\"private\":false,\"configurable\":false,\"visible\":false,\"type\":\"string\"}},\"__schema__\":{\"collectionName\":\"warehouses\",\"info\":{\"singularName\":\"warehouse\",\"pluralName\":\"warehouses\",\"displayName\":\"Warehouse\",\"description\":\"\"},\"options\":{\"draftAndPublish\":true},\"pluginOptions\":{\"i18n\":{\"localized\":true}},\"attributes\":{\"banner\":{\"type\":\"media\",\"multiple\":false,\"required\":true,\"allowedTypes\":[\"images\"],\"pluginOptions\":{\"i18n\":{\"localized\":true}}},\"infomation\":{\"type\":\"component\",\"repeatable\":false,\"pluginOptions\":{\"i18n\":{\"localized\":true}},\"component\":\"service.information-service\"},\"bg_price\":{\"type\":\"media\",\"multiple\":false,\"required\":true,\"allowedTypes\":[\"images\"],\"pluginOptions\":{\"i18n\":{\"localized\":true}}},\"SEO\":{\"type\":\"component\",\"repeatable\":false,\"pluginOptions\":{\"i18n\":{\"localized\":true}},\"component\":\"shared.seo\"},\"price_table\":{\"type\":\"component\",\"repeatable\":false,\"pluginOptions\":{\"i18n\":{\"localized\":true}},\"component\":\"common.price-table\",\"required\":true}},\"kind\":\"collectionType\"},\"modelType\":\"contentType\",\"modelName\":\"warehouse\",\"connection\":\"default\",\"uid\":\"api::warehouse.warehouse\",\"apiName\":\"warehouse\",\"globalId\":\"Warehouse\",\"actions\":{},\"lifecycles\":{}}}','object',NULL,NULL),(2,'plugin_content_manager_configuration_content_types::admin::permission','{\"uid\":\"admin::permission\",\"settings\":{\"bulkable\":true,\"filterable\":true,\"searchable\":true,\"pageSize\":10,\"mainField\":\"action\",\"defaultSortBy\":\"action\",\"defaultSortOrder\":\"ASC\"},\"metadatas\":{\"id\":{\"edit\":{},\"list\":{\"label\":\"id\",\"searchable\":true,\"sortable\":true}},\"action\":{\"edit\":{\"label\":\"action\",\"description\":\"\",\"placeholder\":\"\",\"visible\":true,\"editable\":true},\"list\":{\"label\":\"action\",\"searchable\":true,\"sortable\":true}},\"subject\":{\"edit\":{\"label\":\"subject\",\"description\":\"\",\"placeholder\":\"\",\"visible\":true,\"editable\":true},\"list\":{\"label\":\"subject\",\"searchable\":true,\"sortable\":true}},\"properties\":{\"edit\":{\"label\":\"properties\",\"description\":\"\",\"placeholder\":\"\",\"visible\":true,\"editable\":true},\"list\":{\"label\":\"properties\",\"searchable\":false,\"sortable\":false}},\"conditions\":{\"edit\":{\"label\":\"conditions\",\"description\":\"\",\"placeholder\":\"\",\"visible\":true,\"editable\":true},\"list\":{\"label\":\"conditions\",\"searchable\":false,\"sortable\":false}},\"role\":{\"edit\":{\"label\":\"role\",\"description\":\"\",\"placeholder\":\"\",\"visible\":true,\"editable\":true,\"mainField\":\"name\"},\"list\":{\"label\":\"role\",\"searchable\":true,\"sortable\":true}},\"createdAt\":{\"edit\":{\"label\":\"createdAt\",\"description\":\"\",\"placeholder\":\"\",\"visible\":false,\"editable\":true},\"list\":{\"label\":\"createdAt\",\"searchable\":true,\"sortable\":true}},\"updatedAt\":{\"edit\":{\"label\":\"updatedAt\",\"description\":\"\",\"placeholder\":\"\",\"visible\":false,\"editable\":true},\"list\":{\"label\":\"updatedAt\",\"searchable\":true,\"sortable\":true}}},\"layouts\":{\"list\":[\"id\",\"action\",\"subject\",\"role\"],\"edit\":[[{\"name\":\"action\",\"size\":6},{\"name\":\"subject\",\"size\":6}],[{\"name\":\"properties\",\"size\":12}],[{\"name\":\"conditions\",\"size\":12}],[{\"name\":\"role\",\"size\":6}]]}}','object',NULL,NULL),(3,'plugin_content_manager_configuration_content_types::admin::api-token','{\"uid\":\"admin::api-token\",\"settings\":{\"bulkable\":true,\"filterable\":true,\"searchable\":true,\"pageSize\":10,\"mainField\":\"name\",\"defaultSortBy\":\"name\",\"defaultSortOrder\":\"ASC\"},\"metadatas\":{\"id\":{\"edit\":{},\"list\":{\"label\":\"id\",\"searchable\":true,\"sortable\":true}},\"name\":{\"edit\":{\"label\":\"name\",\"description\":\"\",\"placeholder\":\"\",\"visible\":true,\"editable\":true},\"list\":{\"label\":\"name\",\"searchable\":true,\"sortable\":true}},\"description\":{\"edit\":{\"label\":\"description\",\"description\":\"\",\"placeholder\":\"\",\"visible\":true,\"editable\":true},\"list\":{\"label\":\"description\",\"searchable\":true,\"sortable\":true}},\"type\":{\"edit\":{\"label\":\"type\",\"description\":\"\",\"placeholder\":\"\",\"visible\":true,\"editable\":true},\"list\":{\"label\":\"type\",\"searchable\":true,\"sortable\":true}},\"accessKey\":{\"edit\":{\"label\":\"accessKey\",\"description\":\"\",\"placeholder\":\"\",\"visible\":true,\"editable\":true},\"list\":{\"label\":\"accessKey\",\"searchable\":true,\"sortable\":true}},\"lastUsedAt\":{\"edit\":{\"label\":\"lastUsedAt\",\"description\":\"\",\"placeholder\":\"\",\"visible\":true,\"editable\":true},\"list\":{\"label\":\"lastUsedAt\",\"searchable\":true,\"sortable\":true}},\"permissions\":{\"edit\":{\"label\":\"permissions\",\"description\":\"\",\"placeholder\":\"\",\"visible\":true,\"editable\":true,\"mainField\":\"action\"},\"list\":{\"label\":\"permissions\",\"searchable\":false,\"sortable\":false}},\"expiresAt\":{\"edit\":{\"label\":\"expiresAt\",\"description\":\"\",\"placeholder\":\"\",\"visible\":true,\"editable\":true},\"list\":{\"label\":\"expiresAt\",\"searchable\":true,\"sortable\":true}},\"lifespan\":{\"edit\":{\"label\":\"lifespan\",\"description\":\"\",\"placeholder\":\"\",\"visible\":true,\"editable\":true},\"list\":{\"label\":\"lifespan\",\"searchable\":true,\"sortable\":true}},\"createdAt\":{\"edit\":{\"label\":\"createdAt\",\"description\":\"\",\"placeholder\":\"\",\"visible\":false,\"editable\":true},\"list\":{\"label\":\"createdAt\",\"searchable\":true,\"sortable\":true}},\"updatedAt\":{\"edit\":{\"label\":\"updatedAt\",\"description\":\"\",\"placeholder\":\"\",\"visible\":false,\"editable\":true},\"list\":{\"label\":\"updatedAt\",\"searchable\":true,\"sortable\":true}}},\"layouts\":{\"list\":[\"id\",\"name\",\"description\",\"type\"],\"edit\":[[{\"name\":\"name\",\"size\":6},{\"name\":\"description\",\"size\":6}],[{\"name\":\"type\",\"size\":6},{\"name\":\"accessKey\",\"size\":6}],[{\"name\":\"lastUsedAt\",\"size\":6},{\"name\":\"permissions\",\"size\":6}],[{\"name\":\"expiresAt\",\"size\":6},{\"name\":\"lifespan\",\"size\":4}]]}}','object',NULL,NULL),(4,'plugin_content_manager_configuration_content_types::admin::api-token-permission','{\"uid\":\"admin::api-token-permission\",\"settings\":{\"bulkable\":true,\"filterable\":true,\"searchable\":true,\"pageSize\":10,\"mainField\":\"action\",\"defaultSortBy\":\"action\",\"defaultSortOrder\":\"ASC\"},\"metadatas\":{\"id\":{\"edit\":{},\"list\":{\"label\":\"id\",\"searchable\":true,\"sortable\":true}},\"action\":{\"edit\":{\"label\":\"action\",\"description\":\"\",\"placeholder\":\"\",\"visible\":true,\"editable\":true},\"list\":{\"label\":\"action\",\"searchable\":true,\"sortable\":true}},\"token\":{\"edit\":{\"label\":\"token\",\"description\":\"\",\"placeholder\":\"\",\"visible\":true,\"editable\":true,\"mainField\":\"name\"},\"list\":{\"label\":\"token\",\"searchable\":true,\"sortable\":true}},\"createdAt\":{\"edit\":{\"label\":\"createdAt\",\"description\":\"\",\"placeholder\":\"\",\"visible\":false,\"editable\":true},\"list\":{\"label\":\"createdAt\",\"searchable\":true,\"sortable\":true}},\"updatedAt\":{\"edit\":{\"label\":\"updatedAt\",\"description\":\"\",\"placeholder\":\"\",\"visible\":false,\"editable\":true},\"list\":{\"label\":\"updatedAt\",\"searchable\":true,\"sortable\":true}}},\"layouts\":{\"list\":[\"id\",\"action\",\"token\",\"createdAt\"],\"edit\":[[{\"name\":\"action\",\"size\":6},{\"name\":\"token\",\"size\":6}]]}}','object',NULL,NULL),(5,'plugin_content_manager_configuration_content_types::admin::role','{\"uid\":\"admin::role\",\"settings\":{\"bulkable\":true,\"filterable\":true,\"searchable\":true,\"pageSize\":10,\"mainField\":\"name\",\"defaultSortBy\":\"name\",\"defaultSortOrder\":\"ASC\"},\"metadatas\":{\"id\":{\"edit\":{},\"list\":{\"label\":\"id\",\"searchable\":true,\"sortable\":true}},\"name\":{\"edit\":{\"label\":\"name\",\"description\":\"\",\"placeholder\":\"\",\"visible\":true,\"editable\":true},\"list\":{\"label\":\"name\",\"searchable\":true,\"sortable\":true}},\"code\":{\"edit\":{\"label\":\"code\",\"description\":\"\",\"placeholder\":\"\",\"visible\":true,\"editable\":true},\"list\":{\"label\":\"code\",\"searchable\":true,\"sortable\":true}},\"description\":{\"edit\":{\"label\":\"description\",\"description\":\"\",\"placeholder\":\"\",\"visible\":true,\"editable\":true},\"list\":{\"label\":\"description\",\"searchable\":true,\"sortable\":true}},\"users\":{\"edit\":{\"label\":\"users\",\"description\":\"\",\"placeholder\":\"\",\"visible\":true,\"editable\":true,\"mainField\":\"firstname\"},\"list\":{\"label\":\"users\",\"searchable\":false,\"sortable\":false}},\"permissions\":{\"edit\":{\"label\":\"permissions\",\"description\":\"\",\"placeholder\":\"\",\"visible\":true,\"editable\":true,\"mainField\":\"action\"},\"list\":{\"label\":\"permissions\",\"searchable\":false,\"sortable\":false}},\"createdAt\":{\"edit\":{\"label\":\"createdAt\",\"description\":\"\",\"placeholder\":\"\",\"visible\":false,\"editable\":true},\"list\":{\"label\":\"createdAt\",\"searchable\":true,\"sortable\":true}},\"updatedAt\":{\"edit\":{\"label\":\"updatedAt\",\"description\":\"\",\"placeholder\":\"\",\"visible\":false,\"editable\":true},\"list\":{\"label\":\"updatedAt\",\"searchable\":true,\"sortable\":true}}},\"layouts\":{\"list\":[\"id\",\"name\",\"code\",\"description\"],\"edit\":[[{\"name\":\"name\",\"size\":6},{\"name\":\"code\",\"size\":6}],[{\"name\":\"description\",\"size\":6},{\"name\":\"users\",\"size\":6}],[{\"name\":\"permissions\",\"size\":6}]]}}','object',NULL,NULL),(6,'plugin_content_manager_configuration_content_types::admin::transfer-token','{\"uid\":\"admin::transfer-token\",\"settings\":{\"bulkable\":true,\"filterable\":true,\"searchable\":true,\"pageSize\":10,\"mainField\":\"name\",\"defaultSortBy\":\"name\",\"defaultSortOrder\":\"ASC\"},\"metadatas\":{\"id\":{\"edit\":{},\"list\":{\"label\":\"id\",\"searchable\":true,\"sortable\":true}},\"name\":{\"edit\":{\"label\":\"name\",\"description\":\"\",\"placeholder\":\"\",\"visible\":true,\"editable\":true},\"list\":{\"label\":\"name\",\"searchable\":true,\"sortable\":true}},\"description\":{\"edit\":{\"label\":\"description\",\"description\":\"\",\"placeholder\":\"\",\"visible\":true,\"editable\":true},\"list\":{\"label\":\"description\",\"searchable\":true,\"sortable\":true}},\"accessKey\":{\"edit\":{\"label\":\"accessKey\",\"description\":\"\",\"placeholder\":\"\",\"visible\":true,\"editable\":true},\"list\":{\"label\":\"accessKey\",\"searchable\":true,\"sortable\":true}},\"lastUsedAt\":{\"edit\":{\"label\":\"lastUsedAt\",\"description\":\"\",\"placeholder\":\"\",\"visible\":true,\"editable\":true},\"list\":{\"label\":\"lastUsedAt\",\"searchable\":true,\"sortable\":true}},\"permissions\":{\"edit\":{\"label\":\"permissions\",\"description\":\"\",\"placeholder\":\"\",\"visible\":true,\"editable\":true,\"mainField\":\"action\"},\"list\":{\"label\":\"permissions\",\"searchable\":false,\"sortable\":false}},\"expiresAt\":{\"edit\":{\"label\":\"expiresAt\",\"description\":\"\",\"placeholder\":\"\",\"visible\":true,\"editable\":true},\"list\":{\"label\":\"expiresAt\",\"searchable\":true,\"sortable\":true}},\"lifespan\":{\"edit\":{\"label\":\"lifespan\",\"description\":\"\",\"placeholder\":\"\",\"visible\":true,\"editable\":true},\"list\":{\"label\":\"lifespan\",\"searchable\":true,\"sortable\":true}},\"createdAt\":{\"edit\":{\"label\":\"createdAt\",\"description\":\"\",\"placeholder\":\"\",\"visible\":false,\"editable\":true},\"list\":{\"label\":\"createdAt\",\"searchable\":true,\"sortable\":true}},\"updatedAt\":{\"edit\":{\"label\":\"updatedAt\",\"description\":\"\",\"placeholder\":\"\",\"visible\":false,\"editable\":true},\"list\":{\"label\":\"updatedAt\",\"searchable\":true,\"sortable\":true}}},\"layouts\":{\"list\":[\"id\",\"name\",\"description\",\"accessKey\"],\"edit\":[[{\"name\":\"name\",\"size\":6},{\"name\":\"description\",\"size\":6}],[{\"name\":\"accessKey\",\"size\":6},{\"name\":\"lastUsedAt\",\"size\":6}],[{\"name\":\"permissions\",\"size\":6},{\"name\":\"expiresAt\",\"size\":6}],[{\"name\":\"lifespan\",\"size\":4}]]}}','object',NULL,NULL),(7,'plugin_content_manager_configuration_content_types::admin::transfer-token-permission','{\"uid\":\"admin::transfer-token-permission\",\"settings\":{\"bulkable\":true,\"filterable\":true,\"searchable\":true,\"pageSize\":10,\"mainField\":\"action\",\"defaultSortBy\":\"action\",\"defaultSortOrder\":\"ASC\"},\"metadatas\":{\"id\":{\"edit\":{},\"list\":{\"label\":\"id\",\"searchable\":true,\"sortable\":true}},\"action\":{\"edit\":{\"label\":\"action\",\"description\":\"\",\"placeholder\":\"\",\"visible\":true,\"editable\":true},\"list\":{\"label\":\"action\",\"searchable\":true,\"sortable\":true}},\"token\":{\"edit\":{\"label\":\"token\",\"description\":\"\",\"placeholder\":\"\",\"visible\":true,\"editable\":true,\"mainField\":\"name\"},\"list\":{\"label\":\"token\",\"searchable\":true,\"sortable\":true}},\"createdAt\":{\"edit\":{\"label\":\"createdAt\",\"description\":\"\",\"placeholder\":\"\",\"visible\":false,\"editable\":true},\"list\":{\"label\":\"createdAt\",\"searchable\":true,\"sortable\":true}},\"updatedAt\":{\"edit\":{\"label\":\"updatedAt\",\"description\":\"\",\"placeholder\":\"\",\"visible\":false,\"editable\":true},\"list\":{\"label\":\"updatedAt\",\"searchable\":true,\"sortable\":true}}},\"layouts\":{\"list\":[\"id\",\"action\",\"token\",\"createdAt\"],\"edit\":[[{\"name\":\"action\",\"size\":6},{\"name\":\"token\",\"size\":6}]]}}','object',NULL,NULL),(8,'plugin_content_manager_configuration_content_types::plugin::upload.folder','{\"uid\":\"plugin::upload.folder\",\"settings\":{\"bulkable\":true,\"filterable\":true,\"searchable\":true,\"pageSize\":10,\"mainField\":\"name\",\"defaultSortBy\":\"name\",\"defaultSortOrder\":\"ASC\"},\"metadatas\":{\"id\":{\"edit\":{},\"list\":{\"label\":\"id\",\"searchable\":true,\"sortable\":true}},\"name\":{\"edit\":{\"label\":\"name\",\"description\":\"\",\"placeholder\":\"\",\"visible\":true,\"editable\":true},\"list\":{\"label\":\"name\",\"searchable\":true,\"sortable\":true}},\"pathId\":{\"edit\":{\"label\":\"pathId\",\"description\":\"\",\"placeholder\":\"\",\"visible\":true,\"editable\":true},\"list\":{\"label\":\"pathId\",\"searchable\":true,\"sortable\":true}},\"parent\":{\"edit\":{\"label\":\"parent\",\"description\":\"\",\"placeholder\":\"\",\"visible\":true,\"editable\":true,\"mainField\":\"name\"},\"list\":{\"label\":\"parent\",\"searchable\":true,\"sortable\":true}},\"children\":{\"edit\":{\"label\":\"children\",\"description\":\"\",\"placeholder\":\"\",\"visible\":true,\"editable\":true,\"mainField\":\"name\"},\"list\":{\"label\":\"children\",\"searchable\":false,\"sortable\":false}},\"files\":{\"edit\":{\"label\":\"files\",\"description\":\"\",\"placeholder\":\"\",\"visible\":true,\"editable\":true,\"mainField\":\"name\"},\"list\":{\"label\":\"files\",\"searchable\":false,\"sortable\":false}},\"path\":{\"edit\":{\"label\":\"path\",\"description\":\"\",\"placeholder\":\"\",\"visible\":true,\"editable\":true},\"list\":{\"label\":\"path\",\"searchable\":true,\"sortable\":true}},\"createdAt\":{\"edit\":{\"label\":\"createdAt\",\"description\":\"\",\"placeholder\":\"\",\"visible\":false,\"editable\":true},\"list\":{\"label\":\"createdAt\",\"searchable\":true,\"sortable\":true}},\"updatedAt\":{\"edit\":{\"label\":\"updatedAt\",\"description\":\"\",\"placeholder\":\"\",\"visible\":false,\"editable\":true},\"list\":{\"label\":\"updatedAt\",\"searchable\":true,\"sortable\":true}}},\"layouts\":{\"list\":[\"id\",\"name\",\"pathId\",\"parent\"],\"edit\":[[{\"name\":\"name\",\"size\":6},{\"name\":\"pathId\",\"size\":4}],[{\"name\":\"parent\",\"size\":6},{\"name\":\"children\",\"size\":6}],[{\"name\":\"files\",\"size\":6},{\"name\":\"path\",\"size\":6}]]}}','object',NULL,NULL),(9,'plugin_content_manager_configuration_content_types::plugin::users-permissions.permission','{\"uid\":\"plugin::users-permissions.permission\",\"settings\":{\"bulkable\":true,\"filterable\":true,\"searchable\":true,\"pageSize\":10,\"mainField\":\"action\",\"defaultSortBy\":\"action\",\"defaultSortOrder\":\"ASC\"},\"metadatas\":{\"id\":{\"edit\":{},\"list\":{\"label\":\"id\",\"searchable\":true,\"sortable\":true}},\"action\":{\"edit\":{\"label\":\"action\",\"description\":\"\",\"placeholder\":\"\",\"visible\":true,\"editable\":true},\"list\":{\"label\":\"action\",\"searchable\":true,\"sortable\":true}},\"role\":{\"edit\":{\"label\":\"role\",\"description\":\"\",\"placeholder\":\"\",\"visible\":true,\"editable\":true,\"mainField\":\"name\"},\"list\":{\"label\":\"role\",\"searchable\":true,\"sortable\":true}},\"createdAt\":{\"edit\":{\"label\":\"createdAt\",\"description\":\"\",\"placeholder\":\"\",\"visible\":false,\"editable\":true},\"list\":{\"label\":\"createdAt\",\"searchable\":true,\"sortable\":true}},\"updatedAt\":{\"edit\":{\"label\":\"updatedAt\",\"description\":\"\",\"placeholder\":\"\",\"visible\":false,\"editable\":true},\"list\":{\"label\":\"updatedAt\",\"searchable\":true,\"sortable\":true}}},\"layouts\":{\"list\":[\"id\",\"action\",\"role\",\"createdAt\"],\"edit\":[[{\"name\":\"action\",\"size\":6},{\"name\":\"role\",\"size\":6}]]}}','object',NULL,NULL),(10,'plugin_content_manager_configuration_content_types::plugin::upload.file','{\"uid\":\"plugin::upload.file\",\"settings\":{\"bulkable\":true,\"filterable\":true,\"searchable\":true,\"pageSize\":10,\"mainField\":\"name\",\"defaultSortBy\":\"name\",\"defaultSortOrder\":\"ASC\"},\"metadatas\":{\"id\":{\"edit\":{},\"list\":{\"label\":\"id\",\"searchable\":true,\"sortable\":true}},\"name\":{\"edit\":{\"label\":\"name\",\"description\":\"\",\"placeholder\":\"\",\"visible\":true,\"editable\":true},\"list\":{\"label\":\"name\",\"searchable\":true,\"sortable\":true}},\"alternativeText\":{\"edit\":{\"label\":\"alternativeText\",\"description\":\"\",\"placeholder\":\"\",\"visible\":true,\"editable\":true},\"list\":{\"label\":\"alternativeText\",\"searchable\":true,\"sortable\":true}},\"caption\":{\"edit\":{\"label\":\"caption\",\"description\":\"\",\"placeholder\":\"\",\"visible\":true,\"editable\":true},\"list\":{\"label\":\"caption\",\"searchable\":true,\"sortable\":true}},\"width\":{\"edit\":{\"label\":\"width\",\"description\":\"\",\"placeholder\":\"\",\"visible\":true,\"editable\":true},\"list\":{\"label\":\"width\",\"searchable\":true,\"sortable\":true}},\"height\":{\"edit\":{\"label\":\"height\",\"description\":\"\",\"placeholder\":\"\",\"visible\":true,\"editable\":true},\"list\":{\"label\":\"height\",\"searchable\":true,\"sortable\":true}},\"formats\":{\"edit\":{\"label\":\"formats\",\"description\":\"\",\"placeholder\":\"\",\"visible\":true,\"editable\":true},\"list\":{\"label\":\"formats\",\"searchable\":false,\"sortable\":false}},\"hash\":{\"edit\":{\"label\":\"hash\",\"description\":\"\",\"placeholder\":\"\",\"visible\":true,\"editable\":true},\"list\":{\"label\":\"hash\",\"searchable\":true,\"sortable\":true}},\"ext\":{\"edit\":{\"label\":\"ext\",\"description\":\"\",\"placeholder\":\"\",\"visible\":true,\"editable\":true},\"list\":{\"label\":\"ext\",\"searchable\":true,\"sortable\":true}},\"mime\":{\"edit\":{\"label\":\"mime\",\"description\":\"\",\"placeholder\":\"\",\"visible\":true,\"editable\":true},\"list\":{\"label\":\"mime\",\"searchable\":true,\"sortable\":true}},\"size\":{\"edit\":{\"label\":\"size\",\"description\":\"\",\"placeholder\":\"\",\"visible\":true,\"editable\":true},\"list\":{\"label\":\"size\",\"searchable\":true,\"sortable\":true}},\"url\":{\"edit\":{\"label\":\"url\",\"description\":\"\",\"placeholder\":\"\",\"visible\":true,\"editable\":true},\"list\":{\"label\":\"url\",\"searchable\":true,\"sortable\":true}},\"previewUrl\":{\"edit\":{\"label\":\"previewUrl\",\"description\":\"\",\"placeholder\":\"\",\"visible\":true,\"editable\":true},\"list\":{\"label\":\"previewUrl\",\"searchable\":true,\"sortable\":true}},\"provider\":{\"edit\":{\"label\":\"provider\",\"description\":\"\",\"placeholder\":\"\",\"visible\":true,\"editable\":true},\"list\":{\"label\":\"provider\",\"searchable\":true,\"sortable\":true}},\"provider_metadata\":{\"edit\":{\"label\":\"provider_metadata\",\"description\":\"\",\"placeholder\":\"\",\"visible\":true,\"editable\":true},\"list\":{\"label\":\"provider_metadata\",\"searchable\":false,\"sortable\":false}},\"folder\":{\"edit\":{\"label\":\"folder\",\"description\":\"\",\"placeholder\":\"\",\"visible\":true,\"editable\":true,\"mainField\":\"name\"},\"list\":{\"label\":\"folder\",\"searchable\":true,\"sortable\":true}},\"folderPath\":{\"edit\":{\"label\":\"folderPath\",\"description\":\"\",\"placeholder\":\"\",\"visible\":true,\"editable\":true},\"list\":{\"label\":\"folderPath\",\"searchable\":true,\"sortable\":true}},\"createdAt\":{\"edit\":{\"label\":\"createdAt\",\"description\":\"\",\"placeholder\":\"\",\"visible\":false,\"editable\":true},\"list\":{\"label\":\"createdAt\",\"searchable\":true,\"sortable\":true}},\"updatedAt\":{\"edit\":{\"label\":\"updatedAt\",\"description\":\"\",\"placeholder\":\"\",\"visible\":false,\"editable\":true},\"list\":{\"label\":\"updatedAt\",\"searchable\":true,\"sortable\":true}}},\"layouts\":{\"list\":[\"id\",\"name\",\"alternativeText\",\"caption\"],\"edit\":[[{\"name\":\"name\",\"size\":6},{\"name\":\"alternativeText\",\"size\":6}],[{\"name\":\"caption\",\"size\":6},{\"name\":\"width\",\"size\":4}],[{\"name\":\"height\",\"size\":4}],[{\"name\":\"formats\",\"size\":12}],[{\"name\":\"hash\",\"size\":6},{\"name\":\"ext\",\"size\":6}],[{\"name\":\"mime\",\"size\":6},{\"name\":\"size\",\"size\":4}],[{\"name\":\"url\",\"size\":6},{\"name\":\"previewUrl\",\"size\":6}],[{\"name\":\"provider\",\"size\":6}],[{\"name\":\"provider_metadata\",\"size\":12}],[{\"name\":\"folder\",\"size\":6},{\"name\":\"folderPath\",\"size\":6}]]}}','object',NULL,NULL),(11,'plugin_content_manager_configuration_content_types::admin::user','{\"uid\":\"admin::user\",\"settings\":{\"bulkable\":true,\"filterable\":true,\"searchable\":true,\"pageSize\":10,\"mainField\":\"firstname\",\"defaultSortBy\":\"firstname\",\"defaultSortOrder\":\"ASC\"},\"metadatas\":{\"id\":{\"edit\":{},\"list\":{\"label\":\"id\",\"searchable\":true,\"sortable\":true}},\"firstname\":{\"edit\":{\"label\":\"firstname\",\"description\":\"\",\"placeholder\":\"\",\"visible\":true,\"editable\":true},\"list\":{\"label\":\"firstname\",\"searchable\":true,\"sortable\":true}},\"lastname\":{\"edit\":{\"label\":\"lastname\",\"description\":\"\",\"placeholder\":\"\",\"visible\":true,\"editable\":true},\"list\":{\"label\":\"lastname\",\"searchable\":true,\"sortable\":true}},\"username\":{\"edit\":{\"label\":\"username\",\"description\":\"\",\"placeholder\":\"\",\"visible\":true,\"editable\":true},\"list\":{\"label\":\"username\",\"searchable\":true,\"sortable\":true}},\"email\":{\"edit\":{\"label\":\"email\",\"description\":\"\",\"placeholder\":\"\",\"visible\":true,\"editable\":true},\"list\":{\"label\":\"email\",\"searchable\":true,\"sortable\":true}},\"password\":{\"edit\":{\"label\":\"password\",\"description\":\"\",\"placeholder\":\"\",\"visible\":true,\"editable\":true},\"list\":{\"label\":\"password\",\"searchable\":true,\"sortable\":true}},\"resetPasswordToken\":{\"edit\":{\"label\":\"resetPasswordToken\",\"description\":\"\",\"placeholder\":\"\",\"visible\":true,\"editable\":true},\"list\":{\"label\":\"resetPasswordToken\",\"searchable\":true,\"sortable\":true}},\"registrationToken\":{\"edit\":{\"label\":\"registrationToken\",\"description\":\"\",\"placeholder\":\"\",\"visible\":true,\"editable\":true},\"list\":{\"label\":\"registrationToken\",\"searchable\":true,\"sortable\":true}},\"isActive\":{\"edit\":{\"label\":\"isActive\",\"description\":\"\",\"placeholder\":\"\",\"visible\":true,\"editable\":true},\"list\":{\"label\":\"isActive\",\"searchable\":true,\"sortable\":true}},\"roles\":{\"edit\":{\"label\":\"roles\",\"description\":\"\",\"placeholder\":\"\",\"visible\":true,\"editable\":true,\"mainField\":\"name\"},\"list\":{\"label\":\"roles\",\"searchable\":false,\"sortable\":false}},\"blocked\":{\"edit\":{\"label\":\"blocked\",\"description\":\"\",\"placeholder\":\"\",\"visible\":true,\"editable\":true},\"list\":{\"label\":\"blocked\",\"searchable\":true,\"sortable\":true}},\"preferedLanguage\":{\"edit\":{\"label\":\"preferedLanguage\",\"description\":\"\",\"placeholder\":\"\",\"visible\":true,\"editable\":true},\"list\":{\"label\":\"preferedLanguage\",\"searchable\":true,\"sortable\":true}},\"createdAt\":{\"edit\":{\"label\":\"createdAt\",\"description\":\"\",\"placeholder\":\"\",\"visible\":false,\"editable\":true},\"list\":{\"label\":\"createdAt\",\"searchable\":true,\"sortable\":true}},\"updatedAt\":{\"edit\":{\"label\":\"updatedAt\",\"description\":\"\",\"placeholder\":\"\",\"visible\":false,\"editable\":true},\"list\":{\"label\":\"updatedAt\",\"searchable\":true,\"sortable\":true}}},\"layouts\":{\"list\":[\"id\",\"firstname\",\"lastname\",\"username\"],\"edit\":[[{\"name\":\"firstname\",\"size\":6},{\"name\":\"lastname\",\"size\":6}],[{\"name\":\"username\",\"size\":6},{\"name\":\"email\",\"size\":6}],[{\"name\":\"password\",\"size\":6},{\"name\":\"resetPasswordToken\",\"size\":6}],[{\"name\":\"registrationToken\",\"size\":6},{\"name\":\"isActive\",\"size\":4}],[{\"name\":\"roles\",\"size\":6},{\"name\":\"blocked\",\"size\":4}],[{\"name\":\"preferedLanguage\",\"size\":6}]]}}','object',NULL,NULL),(12,'plugin_content_manager_configuration_content_types::plugin::users-permissions.user','{\"uid\":\"plugin::users-permissions.user\",\"settings\":{\"bulkable\":true,\"filterable\":true,\"searchable\":true,\"pageSize\":10,\"mainField\":\"username\",\"defaultSortBy\":\"username\",\"defaultSortOrder\":\"ASC\"},\"metadatas\":{\"id\":{\"edit\":{},\"list\":{\"label\":\"id\",\"searchable\":true,\"sortable\":true}},\"username\":{\"edit\":{\"label\":\"username\",\"description\":\"\",\"placeholder\":\"\",\"visible\":true,\"editable\":true},\"list\":{\"label\":\"username\",\"searchable\":true,\"sortable\":true}},\"email\":{\"edit\":{\"label\":\"email\",\"description\":\"\",\"placeholder\":\"\",\"visible\":true,\"editable\":true},\"list\":{\"label\":\"email\",\"searchable\":true,\"sortable\":true}},\"provider\":{\"edit\":{\"label\":\"provider\",\"description\":\"\",\"placeholder\":\"\",\"visible\":false,\"editable\":true},\"list\":{\"label\":\"provider\",\"searchable\":true,\"sortable\":true}},\"password\":{\"edit\":{\"label\":\"password\",\"description\":\"\",\"placeholder\":\"\",\"visible\":true,\"editable\":true},\"list\":{\"label\":\"password\",\"searchable\":true,\"sortable\":true}},\"resetPasswordToken\":{\"edit\":{\"label\":\"resetPasswordToken\",\"description\":\"\",\"placeholder\":\"\",\"visible\":false,\"editable\":true},\"list\":{\"label\":\"resetPasswordToken\",\"searchable\":true,\"sortable\":true}},\"confirmationToken\":{\"edit\":{\"label\":\"confirmationToken\",\"description\":\"\",\"placeholder\":\"\",\"visible\":false,\"editable\":true},\"list\":{\"label\":\"confirmationToken\",\"searchable\":true,\"sortable\":true}},\"confirmed\":{\"edit\":{\"label\":\"confirmed\",\"description\":\"\",\"placeholder\":\"\",\"visible\":true,\"editable\":true},\"list\":{\"label\":\"confirmed\",\"searchable\":true,\"sortable\":true}},\"blocked\":{\"edit\":{\"label\":\"blocked\",\"description\":\"\",\"placeholder\":\"\",\"visible\":true,\"editable\":true},\"list\":{\"label\":\"blocked\",\"searchable\":true,\"sortable\":true}},\"role\":{\"edit\":{\"label\":\"role\",\"description\":\"\",\"placeholder\":\"\",\"visible\":true,\"editable\":true,\"mainField\":\"name\"},\"list\":{\"label\":\"role\",\"searchable\":true,\"sortable\":true}},\"createdAt\":{\"edit\":{\"label\":\"createdAt\",\"description\":\"\",\"placeholder\":\"\",\"visible\":false,\"editable\":true},\"list\":{\"label\":\"createdAt\",\"searchable\":true,\"sortable\":true}},\"updatedAt\":{\"edit\":{\"label\":\"updatedAt\",\"description\":\"\",\"placeholder\":\"\",\"visible\":false,\"editable\":true},\"list\":{\"label\":\"updatedAt\",\"searchable\":true,\"sortable\":true}}},\"layouts\":{\"list\":[\"id\",\"username\",\"email\",\"confirmed\"],\"edit\":[[{\"name\":\"username\",\"size\":6},{\"name\":\"email\",\"size\":6}],[{\"name\":\"password\",\"size\":6},{\"name\":\"confirmed\",\"size\":4}],[{\"name\":\"blocked\",\"size\":4},{\"name\":\"role\",\"size\":6}]]}}','object',NULL,NULL),(13,'plugin_content_manager_configuration_content_types::plugin::i18n.locale','{\"uid\":\"plugin::i18n.locale\",\"settings\":{\"bulkable\":true,\"filterable\":true,\"searchable\":true,\"pageSize\":10,\"mainField\":\"name\",\"defaultSortBy\":\"name\",\"defaultSortOrder\":\"ASC\"},\"metadatas\":{\"id\":{\"edit\":{},\"list\":{\"label\":\"id\",\"searchable\":true,\"sortable\":true}},\"name\":{\"edit\":{\"label\":\"name\",\"description\":\"\",\"placeholder\":\"\",\"visible\":true,\"editable\":true},\"list\":{\"label\":\"name\",\"searchable\":true,\"sortable\":true}},\"code\":{\"edit\":{\"label\":\"code\",\"description\":\"\",\"placeholder\":\"\",\"visible\":true,\"editable\":true},\"list\":{\"label\":\"code\",\"searchable\":true,\"sortable\":true}},\"createdAt\":{\"edit\":{\"label\":\"createdAt\",\"description\":\"\",\"placeholder\":\"\",\"visible\":false,\"editable\":true},\"list\":{\"label\":\"createdAt\",\"searchable\":true,\"sortable\":true}},\"updatedAt\":{\"edit\":{\"label\":\"updatedAt\",\"description\":\"\",\"placeholder\":\"\",\"visible\":false,\"editable\":true},\"list\":{\"label\":\"updatedAt\",\"searchable\":true,\"sortable\":true}}},\"layouts\":{\"list\":[\"id\",\"name\",\"code\",\"createdAt\"],\"edit\":[[{\"name\":\"name\",\"size\":6},{\"name\":\"code\",\"size\":6}]]}}','object',NULL,NULL),(14,'plugin_content_manager_configuration_content_types::plugin::users-permissions.role','{\"uid\":\"plugin::users-permissions.role\",\"settings\":{\"bulkable\":true,\"filterable\":true,\"searchable\":true,\"pageSize\":10,\"mainField\":\"name\",\"defaultSortBy\":\"name\",\"defaultSortOrder\":\"ASC\"},\"metadatas\":{\"id\":{\"edit\":{},\"list\":{\"label\":\"id\",\"searchable\":true,\"sortable\":true}},\"name\":{\"edit\":{\"label\":\"name\",\"description\":\"\",\"placeholder\":\"\",\"visible\":true,\"editable\":true},\"list\":{\"label\":\"name\",\"searchable\":true,\"sortable\":true}},\"description\":{\"edit\":{\"label\":\"description\",\"description\":\"\",\"placeholder\":\"\",\"visible\":true,\"editable\":true},\"list\":{\"label\":\"description\",\"searchable\":true,\"sortable\":true}},\"type\":{\"edit\":{\"label\":\"type\",\"description\":\"\",\"placeholder\":\"\",\"visible\":true,\"editable\":true},\"list\":{\"label\":\"type\",\"searchable\":true,\"sortable\":true}},\"permissions\":{\"edit\":{\"label\":\"permissions\",\"description\":\"\",\"placeholder\":\"\",\"visible\":true,\"editable\":true,\"mainField\":\"action\"},\"list\":{\"label\":\"permissions\",\"searchable\":false,\"sortable\":false}},\"users\":{\"edit\":{\"label\":\"users\",\"description\":\"\",\"placeholder\":\"\",\"visible\":true,\"editable\":true,\"mainField\":\"username\"},\"list\":{\"label\":\"users\",\"searchable\":false,\"sortable\":false}},\"createdAt\":{\"edit\":{\"label\":\"createdAt\",\"description\":\"\",\"placeholder\":\"\",\"visible\":false,\"editable\":true},\"list\":{\"label\":\"createdAt\",\"searchable\":true,\"sortable\":true}},\"updatedAt\":{\"edit\":{\"label\":\"updatedAt\",\"description\":\"\",\"placeholder\":\"\",\"visible\":false,\"editable\":true},\"list\":{\"label\":\"updatedAt\",\"searchable\":true,\"sortable\":true}}},\"layouts\":{\"list\":[\"id\",\"name\",\"description\",\"type\"],\"edit\":[[{\"name\":\"name\",\"size\":6},{\"name\":\"description\",\"size\":6}],[{\"name\":\"type\",\"size\":6},{\"name\":\"permissions\",\"size\":6}],[{\"name\":\"users\",\"size\":6}]]}}','object',NULL,NULL),(15,'plugin_upload_settings','{\"sizeOptimization\":true,\"responsiveDimensions\":true,\"autoOrientation\":false}','object',NULL,NULL),(16,'plugin_upload_view_configuration','{\"pageSize\":100,\"sort\":\"createdAt:DESC\"}','object',NULL,NULL),(17,'plugin_upload_metrics','{\"weeklySchedule\":\"10 11 7 * * 1\",\"lastWeeklyUpdate\":1691997070018}','object',NULL,NULL),(18,'plugin_users-permissions_grant','{\"email\":{\"enabled\":true,\"icon\":\"envelope\"},\"discord\":{\"enabled\":false,\"icon\":\"discord\",\"key\":\"\",\"secret\":\"\",\"callback\":\"https://cms.grandsways.com/api/auth/discord/callback\",\"scope\":[\"identify\",\"email\"]},\"facebook\":{\"enabled\":false,\"icon\":\"facebook-square\",\"key\":\"\",\"secret\":\"\",\"callback\":\"https://cms.grandsways.com/api/auth/facebook/callback\",\"scope\":[\"email\"]},\"google\":{\"enabled\":false,\"icon\":\"google\",\"key\":\"\",\"secret\":\"\",\"callback\":\"https://cms.grandsways.com/api/auth/google/callback\",\"scope\":[\"email\"]},\"github\":{\"enabled\":false,\"icon\":\"github\",\"key\":\"\",\"secret\":\"\",\"callback\":\"https://cms.grandsways.com/api/auth/github/callback\",\"scope\":[\"user\",\"user:email\"]},\"microsoft\":{\"enabled\":false,\"icon\":\"windows\",\"key\":\"\",\"secret\":\"\",\"callback\":\"https://cms.grandsways.com/api/auth/microsoft/callback\",\"scope\":[\"user.read\"]},\"twitter\":{\"enabled\":false,\"icon\":\"twitter\",\"key\":\"\",\"secret\":\"\",\"callback\":\"https://cms.grandsways.com/api/auth/twitter/callback\"},\"instagram\":{\"enabled\":false,\"icon\":\"instagram\",\"key\":\"\",\"secret\":\"\",\"callback\":\"https://cms.grandsways.com/api/auth/instagram/callback\",\"scope\":[\"user_profile\"]},\"vk\":{\"enabled\":false,\"icon\":\"vk\",\"key\":\"\",\"secret\":\"\",\"callback\":\"https://cms.grandsways.com/api/auth/vk/callback\",\"scope\":[\"email\"]},\"twitch\":{\"enabled\":false,\"icon\":\"twitch\",\"key\":\"\",\"secret\":\"\",\"callback\":\"https://cms.grandsways.com/api/auth/twitch/callback\",\"scope\":[\"user:read:email\"]},\"linkedin\":{\"enabled\":false,\"icon\":\"linkedin\",\"key\":\"\",\"secret\":\"\",\"callback\":\"https://cms.grandsways.com/api/auth/linkedin/callback\",\"scope\":[\"r_liteprofile\",\"r_emailaddress\"]},\"cognito\":{\"enabled\":false,\"icon\":\"aws\",\"key\":\"\",\"secret\":\"\",\"subdomain\":\"my.subdomain.com\",\"callback\":\"https://cms.grandsways.com/api/auth/cognito/callback\",\"scope\":[\"email\",\"openid\",\"profile\"]},\"reddit\":{\"enabled\":false,\"icon\":\"reddit\",\"key\":\"\",\"secret\":\"\",\"state\":true,\"callback\":\"https://cms.grandsways.com/api/auth/reddit/callback\",\"scope\":[\"identity\"]},\"auth0\":{\"enabled\":false,\"icon\":\"\",\"key\":\"\",\"secret\":\"\",\"subdomain\":\"my-tenant.eu\",\"callback\":\"https://cms.grandsways.com/api/auth/auth0/callback\",\"scope\":[\"openid\",\"email\",\"profile\"]},\"cas\":{\"enabled\":false,\"icon\":\"book\",\"key\":\"\",\"secret\":\"\",\"callback\":\"https://cms.grandsways.com/api/auth/cas/callback\",\"scope\":[\"openid email\"],\"subdomain\":\"my.subdomain.com/cas\"},\"patreon\":{\"enabled\":false,\"icon\":\"\",\"key\":\"\",\"secret\":\"\",\"callback\":\"https://cms.grandsways.com/api/auth/patreon/callback\",\"scope\":[\"identity\",\"identity[email]\"]}}','object',NULL,NULL),(19,'plugin_users-permissions_email','{\"reset_password\":{\"display\":\"Email.template.reset_password\",\"icon\":\"sync\",\"options\":{\"from\":{\"name\":\"Administration Panel\",\"email\":\"no-reply@strapi.io\"},\"response_email\":\"\",\"object\":\"Reset password\",\"message\":\"<p>We heard that you lost your password. Sorry about that!</p>\\n\\n<p>But dont worry! You can use the following link to reset your password:</p>\\n<p><%= URL %>?code=<%= TOKEN %></p>\\n\\n<p>Thanks.</p>\"}},\"email_confirmation\":{\"display\":\"Email.template.email_confirmation\",\"icon\":\"check-square\",\"options\":{\"from\":{\"name\":\"Administration Panel\",\"email\":\"no-reply@strapi.io\"},\"response_email\":\"\",\"object\":\"Account confirmation\",\"message\":\"<p>Thank you for registering!</p>\\n\\n<p>You have to confirm your email address. Please click on the link below.</p>\\n\\n<p><%= URL %>?confirmation=<%= CODE %></p>\\n\\n<p>Thanks.</p>\"}}}','object',NULL,NULL),(20,'plugin_users-permissions_advanced','{\"unique_email\":true,\"allow_register\":true,\"email_confirmation\":false,\"email_reset_password\":null,\"email_confirmation_redirection\":null,\"default_role\":\"authenticated\"}','object',NULL,NULL),(21,'plugin_i18n_default_locale','\"vi-VN\"','string',NULL,NULL),(22,'core_admin_auth','{\"providers\":{\"autoRegister\":false,\"defaultRole\":null}}','object',NULL,NULL),(26,'plugin_content_manager_configuration_content_types::api::home.home','{\"uid\":\"api::home.home\",\"settings\":{\"bulkable\":true,\"filterable\":true,\"searchable\":true,\"pageSize\":100,\"mainField\":\"id\",\"defaultSortBy\":\"id\",\"defaultSortOrder\":\"ASC\"},\"metadatas\":{\"id\":{\"edit\":{},\"list\":{\"label\":\"id\",\"searchable\":true,\"sortable\":true}},\"abouts\":{\"edit\":{\"label\":\"abouts\",\"description\":\"\",\"placeholder\":\"\",\"visible\":true,\"editable\":true},\"list\":{\"label\":\"abouts\",\"searchable\":false,\"sortable\":false}},\"features\":{\"edit\":{\"label\":\"features\",\"description\":\"\",\"placeholder\":\"\",\"visible\":true,\"editable\":true},\"list\":{\"label\":\"features\",\"searchable\":false,\"sortable\":false}},\"home_tabs\":{\"edit\":{\"label\":\"home_tabs\",\"description\":\"\",\"placeholder\":\"\",\"visible\":true,\"editable\":true},\"list\":{\"label\":\"home_tabs\",\"searchable\":false,\"sortable\":false}},\"services\":{\"edit\":{\"label\":\"services\",\"description\":\"\",\"placeholder\":\"\",\"visible\":true,\"editable\":true},\"list\":{\"label\":\"services\",\"searchable\":false,\"sortable\":false}},\"lookups\":{\"edit\":{\"label\":\"lookups\",\"description\":\"\",\"placeholder\":\"\",\"visible\":true,\"editable\":true},\"list\":{\"label\":\"lookups\",\"searchable\":false,\"sortable\":false}},\"partners\":{\"edit\":{\"label\":\"partners\",\"description\":\"\",\"placeholder\":\"\",\"visible\":true,\"editable\":true},\"list\":{\"label\":\"partners\",\"searchable\":false,\"sortable\":false}},\"SEO\":{\"edit\":{\"label\":\"SEO\",\"description\":\"\",\"placeholder\":\"\",\"visible\":true,\"editable\":true},\"list\":{\"label\":\"SEO\",\"searchable\":false,\"sortable\":false}},\"banners\":{\"edit\":{\"label\":\"banners\",\"description\":\"\",\"placeholder\":\"\",\"visible\":true,\"editable\":true},\"list\":{\"label\":\"banners\",\"searchable\":false,\"sortable\":false}},\"createdAt\":{\"edit\":{\"label\":\"createdAt\",\"description\":\"\",\"placeholder\":\"\",\"visible\":false,\"editable\":true},\"list\":{\"label\":\"createdAt\",\"searchable\":true,\"sortable\":true}},\"updatedAt\":{\"edit\":{\"label\":\"updatedAt\",\"description\":\"\",\"placeholder\":\"\",\"visible\":false,\"editable\":true},\"list\":{\"label\":\"updatedAt\",\"searchable\":true,\"sortable\":true}}},\"layouts\":{\"edit\":[[{\"name\":\"banners\",\"size\":12}],[{\"name\":\"abouts\",\"size\":12}],[{\"name\":\"features\",\"size\":12}],[{\"name\":\"home_tabs\",\"size\":12}],[{\"name\":\"services\",\"size\":12}],[{\"name\":\"lookups\",\"size\":12}],[{\"name\":\"partners\",\"size\":12}],[{\"name\":\"SEO\",\"size\":12}]],\"list\":[\"id\",\"createdAt\",\"abouts\",\"banners\"]}}','object',NULL,NULL),(31,'plugin_content_manager_configuration_content_types::api::news.news','{\"uid\":\"api::news.news\",\"settings\":{\"bulkable\":true,\"filterable\":true,\"searchable\":true,\"pageSize\":10,\"mainField\":\"title\",\"defaultSortBy\":\"title\",\"defaultSortOrder\":\"ASC\"},\"metadatas\":{\"id\":{\"edit\":{},\"list\":{\"label\":\"id\",\"searchable\":true,\"sortable\":true}},\"title\":{\"edit\":{\"label\":\"title\",\"description\":\"\",\"placeholder\":\"\",\"visible\":true,\"editable\":true},\"list\":{\"label\":\"title\",\"searchable\":true,\"sortable\":true}},\"type\":{\"edit\":{\"label\":\"type\",\"description\":\"\",\"placeholder\":\"\",\"visible\":true,\"editable\":true},\"list\":{\"label\":\"type\",\"searchable\":true,\"sortable\":true}},\"featured_image\":{\"edit\":{\"label\":\"featured_image\",\"description\":\"\",\"placeholder\":\"\",\"visible\":true,\"editable\":true},\"list\":{\"label\":\"featured_image\",\"searchable\":false,\"sortable\":false}},\"relevants\":{\"edit\":{\"label\":\"relevants\",\"description\":\"\",\"placeholder\":\"\",\"visible\":true,\"editable\":true,\"mainField\":\"title\"},\"list\":{\"label\":\"relevants\",\"searchable\":true,\"sortable\":true}},\"news\":{\"edit\":{\"label\":\"news\",\"description\":\"\",\"placeholder\":\"\",\"visible\":true,\"editable\":true,\"mainField\":\"title\"},\"list\":{\"label\":\"news\",\"searchable\":false,\"sortable\":false}},\"SEO\":{\"edit\":{\"label\":\"SEO\",\"description\":\"\",\"placeholder\":\"\",\"visible\":true,\"editable\":true},\"list\":{\"label\":\"SEO\",\"searchable\":false,\"sortable\":false}},\"is_hot\":{\"edit\":{\"label\":\"is_hot\",\"description\":\"\",\"placeholder\":\"\",\"visible\":true,\"editable\":true},\"list\":{\"label\":\"is_hot\",\"searchable\":true,\"sortable\":true}},\"preview_content\":{\"edit\":{\"label\":\"preview_content\",\"description\":\"\",\"placeholder\":\"\",\"visible\":true,\"editable\":true},\"list\":{\"label\":\"preview_content\",\"searchable\":true,\"sortable\":true}},\"slug\":{\"edit\":{\"label\":\"slug\",\"description\":\"\",\"placeholder\":\"\",\"visible\":true,\"editable\":true},\"list\":{\"label\":\"slug\",\"searchable\":true,\"sortable\":true}},\"page_view\":{\"edit\":{\"label\":\"page_view\",\"description\":\"\",\"placeholder\":\"\",\"visible\":true,\"editable\":true},\"list\":{\"label\":\"page_view\",\"searchable\":true,\"sortable\":true}},\"like\":{\"edit\":{\"label\":\"like\",\"description\":\"\",\"placeholder\":\"\",\"visible\":true,\"editable\":true},\"list\":{\"label\":\"like\",\"searchable\":true,\"sortable\":true}},\"dislike\":{\"edit\":{\"label\":\"dislike\",\"description\":\"\",\"placeholder\":\"\",\"visible\":true,\"editable\":true},\"list\":{\"label\":\"dislike\",\"searchable\":true,\"sortable\":true}},\"contents\":{\"edit\":{\"label\":\"contents\",\"description\":\"\",\"placeholder\":\"\",\"visible\":true,\"editable\":true},\"list\":{\"label\":\"contents\",\"searchable\":false,\"sortable\":false}},\"createdAt\":{\"edit\":{\"label\":\"createdAt\",\"description\":\"\",\"placeholder\":\"\",\"visible\":false,\"editable\":true},\"list\":{\"label\":\"createdAt\",\"searchable\":true,\"sortable\":true}},\"updatedAt\":{\"edit\":{\"label\":\"updatedAt\",\"description\":\"\",\"placeholder\":\"\",\"visible\":false,\"editable\":true},\"list\":{\"label\":\"updatedAt\",\"searchable\":true,\"sortable\":true}}},\"layouts\":{\"edit\":[[{\"name\":\"type\",\"size\":6},{\"name\":\"title\",\"size\":6}],[{\"name\":\"slug\",\"size\":6}],[{\"name\":\"featured_image\",\"size\":6}],[{\"name\":\"relevants\",\"size\":6},{\"name\":\"news\",\"size\":6}],[{\"name\":\"is_hot\",\"size\":4}],[{\"name\":\"preview_content\",\"size\":6}],[{\"name\":\"page_view\",\"size\":4},{\"name\":\"like\",\"size\":4},{\"name\":\"dislike\",\"size\":4}],[{\"name\":\"contents\",\"size\":12}],[{\"name\":\"SEO\",\"size\":12}]],\"list\":[\"id\",\"title\",\"type\",\"featured_image\",\"is_hot\"]}}','object',NULL,NULL),(46,'plugin_navigation_config','{\"additionalFields\":[],\"contentTypes\":[],\"contentTypesNameFields\":{\"default\":[\"title\",\"subject\",\"name\"]},\"contentTypesPopulate\":{},\"allowedLevels\":2,\"gql\":{\"navigationItemRelated\":[]},\"i18nEnabled\":true,\"pruneObsoleteI18nNavigations\":false,\"pathDefaultFields\":{},\"cascadeMenuAttached\":true}','object',NULL,NULL),(47,'plugin_content_manager_configuration_components::shared.meta-social','{\"uid\":\"shared.meta-social\",\"settings\":{\"bulkable\":true,\"filterable\":true,\"searchable\":true,\"pageSize\":10,\"mainField\":\"title\",\"defaultSortBy\":\"title\",\"defaultSortOrder\":\"ASC\"},\"metadatas\":{\"id\":{\"edit\":{},\"list\":{\"label\":\"id\",\"searchable\":false,\"sortable\":false}},\"socialNetwork\":{\"edit\":{\"label\":\"socialNetwork\",\"description\":\"\",\"placeholder\":\"\",\"visible\":true,\"editable\":true},\"list\":{\"label\":\"socialNetwork\",\"searchable\":true,\"sortable\":true}},\"title\":{\"edit\":{\"label\":\"title\",\"description\":\"\",\"placeholder\":\"\",\"visible\":true,\"editable\":true},\"list\":{\"label\":\"title\",\"searchable\":true,\"sortable\":true}},\"description\":{\"edit\":{\"label\":\"description\",\"description\":\"\",\"placeholder\":\"\",\"visible\":true,\"editable\":true},\"list\":{\"label\":\"description\",\"searchable\":true,\"sortable\":true}},\"image\":{\"edit\":{\"label\":\"image\",\"description\":\"\",\"placeholder\":\"\",\"visible\":true,\"editable\":true},\"list\":{\"label\":\"image\",\"searchable\":false,\"sortable\":false}}},\"layouts\":{\"list\":[\"id\",\"socialNetwork\",\"title\",\"description\"],\"edit\":[[{\"name\":\"socialNetwork\",\"size\":6},{\"name\":\"title\",\"size\":6}],[{\"name\":\"description\",\"size\":6},{\"name\":\"image\",\"size\":6}]]},\"isComponent\":true}','object',NULL,NULL),(48,'plugin_content_manager_configuration_components::shared.seo','{\"uid\":\"shared.seo\",\"settings\":{\"bulkable\":true,\"filterable\":true,\"searchable\":true,\"pageSize\":10,\"mainField\":\"metaTitle\",\"defaultSortBy\":\"metaTitle\",\"defaultSortOrder\":\"ASC\"},\"metadatas\":{\"id\":{\"edit\":{},\"list\":{\"label\":\"id\",\"searchable\":false,\"sortable\":false}},\"metaTitle\":{\"edit\":{\"label\":\"metaTitle\",\"description\":\"\",\"placeholder\":\"\",\"visible\":true,\"editable\":true},\"list\":{\"label\":\"metaTitle\",\"searchable\":true,\"sortable\":true}},\"metaDescription\":{\"edit\":{\"label\":\"metaDescription\",\"description\":\"\",\"placeholder\":\"\",\"visible\":true,\"editable\":true},\"list\":{\"label\":\"metaDescription\",\"searchable\":true,\"sortable\":true}},\"metaImage\":{\"edit\":{\"label\":\"metaImage\",\"description\":\"\",\"placeholder\":\"\",\"visible\":true,\"editable\":true},\"list\":{\"label\":\"metaImage\",\"searchable\":false,\"sortable\":false}},\"metaSocial\":{\"edit\":{\"label\":\"metaSocial\",\"description\":\"\",\"placeholder\":\"\",\"visible\":true,\"editable\":true},\"list\":{\"label\":\"metaSocial\",\"searchable\":false,\"sortable\":false}},\"keywords\":{\"edit\":{\"label\":\"keywords\",\"description\":\"\",\"placeholder\":\"\",\"visible\":true,\"editable\":true},\"list\":{\"label\":\"keywords\",\"searchable\":true,\"sortable\":true}},\"metaRobots\":{\"edit\":{\"label\":\"metaRobots\",\"description\":\"\",\"placeholder\":\"\",\"visible\":true,\"editable\":true},\"list\":{\"label\":\"metaRobots\",\"searchable\":true,\"sortable\":true}},\"structuredData\":{\"edit\":{\"label\":\"structuredData\",\"description\":\"\",\"placeholder\":\"\",\"visible\":true,\"editable\":true},\"list\":{\"label\":\"structuredData\",\"searchable\":false,\"sortable\":false}},\"metaViewport\":{\"edit\":{\"label\":\"metaViewport\",\"description\":\"\",\"placeholder\":\"\",\"visible\":true,\"editable\":true},\"list\":{\"label\":\"metaViewport\",\"searchable\":true,\"sortable\":true}},\"canonicalURL\":{\"edit\":{\"label\":\"canonicalURL\",\"description\":\"\",\"placeholder\":\"\",\"visible\":true,\"editable\":true},\"list\":{\"label\":\"canonicalURL\",\"searchable\":true,\"sortable\":true}}},\"layouts\":{\"list\":[\"id\",\"metaTitle\",\"metaDescription\",\"metaImage\"],\"edit\":[[{\"name\":\"metaTitle\",\"size\":6},{\"name\":\"metaDescription\",\"size\":6}],[{\"name\":\"metaImage\",\"size\":6}],[{\"name\":\"metaSocial\",\"size\":12}],[{\"name\":\"keywords\",\"size\":6},{\"name\":\"metaRobots\",\"size\":6}],[{\"name\":\"structuredData\",\"size\":12}],[{\"name\":\"metaViewport\",\"size\":6},{\"name\":\"canonicalURL\",\"size\":6}]]},\"isComponent\":true}','object',NULL,NULL),(49,'plugin_content_manager_configuration_content_types::api::service.service','{\"uid\":\"api::service.service\",\"settings\":{\"bulkable\":true,\"filterable\":true,\"searchable\":true,\"pageSize\":10,\"mainField\":\"description\",\"defaultSortBy\":\"description\",\"defaultSortOrder\":\"ASC\"},\"metadatas\":{\"id\":{\"edit\":{},\"list\":{\"label\":\"id\",\"searchable\":true,\"sortable\":true}},\"banner\":{\"edit\":{\"label\":\"banner\",\"description\":\"\",\"placeholder\":\"\",\"visible\":true,\"editable\":true},\"list\":{\"label\":\"banner\",\"searchable\":false,\"sortable\":false}},\"description\":{\"edit\":{\"label\":\"description\",\"description\":\"\",\"placeholder\":\"\",\"visible\":true,\"editable\":true},\"list\":{\"label\":\"description\",\"searchable\":true,\"sortable\":true}},\"features\":{\"edit\":{\"label\":\"features\",\"description\":\"\",\"placeholder\":\"\",\"visible\":true,\"editable\":true},\"list\":{\"label\":\"features\",\"searchable\":false,\"sortable\":false}},\"description_service\":{\"edit\":{\"label\":\"description_service\",\"description\":\"\",\"placeholder\":\"\",\"visible\":true,\"editable\":true},\"list\":{\"label\":\"description_service\",\"searchable\":true,\"sortable\":true}},\"transportations\":{\"edit\":{\"label\":\"transportations\",\"description\":\"\",\"placeholder\":\"\",\"visible\":true,\"editable\":true},\"list\":{\"label\":\"transportations\",\"searchable\":false,\"sortable\":false}},\"bg_service\":{\"edit\":{\"label\":\"bg_service\",\"description\":\"\",\"placeholder\":\"\",\"visible\":true,\"editable\":true},\"list\":{\"label\":\"bg_service\",\"searchable\":false,\"sortable\":false}},\"SEO\":{\"edit\":{\"label\":\"SEO\",\"description\":\"\",\"placeholder\":\"\",\"visible\":true,\"editable\":true},\"list\":{\"label\":\"SEO\",\"searchable\":false,\"sortable\":false}},\"createdAt\":{\"edit\":{\"label\":\"createdAt\",\"description\":\"\",\"placeholder\":\"\",\"visible\":false,\"editable\":true},\"list\":{\"label\":\"createdAt\",\"searchable\":true,\"sortable\":true}},\"updatedAt\":{\"edit\":{\"label\":\"updatedAt\",\"description\":\"\",\"placeholder\":\"\",\"visible\":false,\"editable\":true},\"list\":{\"label\":\"updatedAt\",\"searchable\":true,\"sortable\":true}}},\"layouts\":{\"edit\":[[{\"name\":\"banner\",\"size\":6},{\"name\":\"description\",\"size\":6}],[{\"name\":\"bg_service\",\"size\":6}],[{\"name\":\"features\",\"size\":12}],[{\"name\":\"description_service\",\"size\":6}],[{\"name\":\"transportations\",\"size\":12}],[{\"name\":\"SEO\",\"size\":12}]],\"list\":[\"id\",\"banner\",\"description\",\"createdAt\"]}}','object',NULL,NULL),(52,'plugin_content_manager_configuration_content_types::api::footer.footer','{\"uid\":\"api::footer.footer\",\"settings\":{\"bulkable\":true,\"filterable\":true,\"searchable\":true,\"pageSize\":10,\"mainField\":\"id\",\"defaultSortBy\":\"id\",\"defaultSortOrder\":\"ASC\"},\"metadatas\":{\"id\":{\"edit\":{},\"list\":{\"label\":\"id\",\"searchable\":true,\"sortable\":true}},\"links\":{\"edit\":{\"label\":\"links\",\"description\":\"\",\"placeholder\":\"\",\"visible\":true,\"editable\":true},\"list\":{\"label\":\"links\",\"searchable\":false,\"sortable\":false}},\"infos\":{\"edit\":{\"label\":\"infos\",\"description\":\"\",\"placeholder\":\"\",\"visible\":true,\"editable\":true},\"list\":{\"label\":\"infos\",\"searchable\":false,\"sortable\":false}},\"socials\":{\"edit\":{\"label\":\"socials\",\"description\":\"\",\"placeholder\":\"\",\"visible\":true,\"editable\":true},\"list\":{\"label\":\"socials\",\"searchable\":false,\"sortable\":false}},\"url_bo_cong_thuong\":{\"edit\":{\"label\":\"url_bo_cong_thuong\",\"description\":\"\",\"placeholder\":\"\",\"visible\":true,\"editable\":true},\"list\":{\"label\":\"url_bo_cong_thuong\",\"searchable\":true,\"sortable\":true}},\"createdAt\":{\"edit\":{\"label\":\"createdAt\",\"description\":\"\",\"placeholder\":\"\",\"visible\":false,\"editable\":true},\"list\":{\"label\":\"createdAt\",\"searchable\":true,\"sortable\":true}},\"updatedAt\":{\"edit\":{\"label\":\"updatedAt\",\"description\":\"\",\"placeholder\":\"\",\"visible\":false,\"editable\":true},\"list\":{\"label\":\"updatedAt\",\"searchable\":true,\"sortable\":true}}},\"layouts\":{\"list\":[\"id\",\"links\",\"createdAt\",\"updatedAt\"],\"edit\":[[{\"name\":\"links\",\"size\":12}],[{\"name\":\"infos\",\"size\":12}],[{\"name\":\"socials\",\"size\":12}],[{\"name\":\"url_bo_cong_thuong\",\"size\":6}]]}}','object',NULL,NULL),(54,'plugin_content_manager_configuration_components::home.about','{\"uid\":\"home.about\",\"settings\":{\"bulkable\":true,\"filterable\":true,\"searchable\":true,\"pageSize\":10,\"mainField\":\"subject\",\"defaultSortBy\":\"subject\",\"defaultSortOrder\":\"ASC\"},\"metadatas\":{\"id\":{\"edit\":{},\"list\":{\"label\":\"id\",\"searchable\":false,\"sortable\":false}},\"is_plus\":{\"edit\":{\"label\":\"is_plus\",\"description\":\"\",\"placeholder\":\"\",\"visible\":true,\"editable\":true},\"list\":{\"label\":\"is_plus\",\"searchable\":true,\"sortable\":true}},\"heading\":{\"edit\":{\"label\":\"heading\",\"description\":\"\",\"placeholder\":\"\",\"visible\":true,\"editable\":true},\"list\":{\"label\":\"heading\",\"searchable\":true,\"sortable\":true}},\"subject\":{\"edit\":{\"label\":\"subject\",\"description\":\"\",\"placeholder\":\"\",\"visible\":true,\"editable\":true},\"list\":{\"label\":\"subject\",\"searchable\":true,\"sortable\":true}},\"detail\":{\"edit\":{\"label\":\"detail\",\"description\":\"\",\"placeholder\":\"\",\"visible\":true,\"editable\":true},\"list\":{\"label\":\"detail\",\"searchable\":true,\"sortable\":true}}},\"layouts\":{\"list\":[\"id\",\"is_plus\",\"heading\",\"subject\"],\"edit\":[[{\"name\":\"is_plus\",\"size\":4},{\"name\":\"heading\",\"size\":4}],[{\"name\":\"subject\",\"size\":6},{\"name\":\"detail\",\"size\":6}]]},\"isComponent\":true}','object',NULL,NULL),(55,'plugin_content_manager_configuration_components::home.home-lookup','{\"uid\":\"home.home-lookup\",\"settings\":{\"bulkable\":true,\"filterable\":true,\"searchable\":true,\"pageSize\":10,\"mainField\":\"title\",\"defaultSortBy\":\"title\",\"defaultSortOrder\":\"ASC\"},\"metadatas\":{\"id\":{\"edit\":{},\"list\":{\"label\":\"id\",\"searchable\":false,\"sortable\":false}},\"title\":{\"edit\":{\"label\":\"title\",\"description\":\"\",\"placeholder\":\"\",\"visible\":true,\"editable\":true},\"list\":{\"label\":\"title\",\"searchable\":true,\"sortable\":true}},\"background\":{\"edit\":{\"label\":\"background\",\"description\":\"\",\"placeholder\":\"\",\"visible\":true,\"editable\":true},\"list\":{\"label\":\"background\",\"searchable\":false,\"sortable\":false}},\"contacts\":{\"edit\":{\"label\":\"contacts\",\"description\":\"\",\"placeholder\":\"\",\"visible\":true,\"editable\":true},\"list\":{\"label\":\"contacts\",\"searchable\":false,\"sortable\":false}}},\"layouts\":{\"list\":[\"id\",\"title\",\"background\",\"contacts\"],\"edit\":[[{\"name\":\"title\",\"size\":6},{\"name\":\"background\",\"size\":6}],[{\"name\":\"contacts\",\"size\":12}]]},\"isComponent\":true}','object',NULL,NULL),(56,'plugin_content_manager_configuration_components::home.home-partner','{\"uid\":\"home.home-partner\",\"settings\":{\"bulkable\":true,\"filterable\":true,\"searchable\":true,\"pageSize\":10,\"mainField\":\"url\",\"defaultSortBy\":\"url\",\"defaultSortOrder\":\"ASC\"},\"metadatas\":{\"id\":{\"edit\":{},\"list\":{\"label\":\"id\",\"searchable\":false,\"sortable\":false}},\"url\":{\"edit\":{\"label\":\"url\",\"description\":\"\",\"placeholder\":\"\",\"visible\":true,\"editable\":true},\"list\":{\"label\":\"url\",\"searchable\":true,\"sortable\":true}},\"image\":{\"edit\":{\"label\":\"image\",\"description\":\"\",\"placeholder\":\"\",\"visible\":true,\"editable\":true},\"list\":{\"label\":\"image\",\"searchable\":false,\"sortable\":false}}},\"layouts\":{\"list\":[\"id\",\"url\",\"image\"],\"edit\":[[{\"name\":\"url\",\"size\":6},{\"name\":\"image\",\"size\":6}]]},\"isComponent\":true}','object',NULL,NULL),(57,'plugin_content_manager_configuration_components::home.home-service','{\"uid\":\"home.home-service\",\"settings\":{\"bulkable\":true,\"filterable\":true,\"searchable\":true,\"pageSize\":10,\"mainField\":\"title\",\"defaultSortBy\":\"title\",\"defaultSortOrder\":\"ASC\"},\"metadatas\":{\"id\":{\"edit\":{},\"list\":{\"label\":\"id\",\"searchable\":false,\"sortable\":false}},\"icon\":{\"edit\":{\"label\":\"icon\",\"description\":\"\",\"placeholder\":\"\",\"visible\":true,\"editable\":true},\"list\":{\"label\":\"icon\",\"searchable\":false,\"sortable\":false}},\"title\":{\"edit\":{\"label\":\"title\",\"description\":\"\",\"placeholder\":\"\",\"visible\":true,\"editable\":true},\"list\":{\"label\":\"title\",\"searchable\":true,\"sortable\":true}},\"background\":{\"edit\":{\"label\":\"background\",\"description\":\"\",\"placeholder\":\"\",\"visible\":true,\"editable\":true},\"list\":{\"label\":\"background\",\"searchable\":false,\"sortable\":false}},\"url\":{\"edit\":{\"label\":\"url\",\"description\":\"\",\"placeholder\":\"\",\"visible\":true,\"editable\":true},\"list\":{\"label\":\"url\",\"searchable\":true,\"sortable\":true}},\"subs\":{\"edit\":{\"label\":\"subs\",\"description\":\"\",\"placeholder\":\"\",\"visible\":true,\"editable\":true},\"list\":{\"label\":\"subs\",\"searchable\":false,\"sortable\":false}}},\"layouts\":{\"list\":[\"id\",\"icon\",\"title\",\"background\"],\"edit\":[[{\"name\":\"icon\",\"size\":6},{\"name\":\"title\",\"size\":6}],[{\"name\":\"background\",\"size\":6},{\"name\":\"url\",\"size\":6}],[{\"name\":\"subs\",\"size\":12}]]},\"isComponent\":true}','object',NULL,NULL),(58,'plugin_content_manager_configuration_components::home.home-sub-service','{\"uid\":\"home.home-sub-service\",\"settings\":{\"bulkable\":true,\"filterable\":true,\"searchable\":true,\"pageSize\":10,\"mainField\":\"title\",\"defaultSortBy\":\"title\",\"defaultSortOrder\":\"ASC\"},\"metadatas\":{\"id\":{\"edit\":{},\"list\":{\"label\":\"id\",\"searchable\":false,\"sortable\":false}},\"title\":{\"edit\":{\"label\":\"title\",\"description\":\"\",\"placeholder\":\"\",\"visible\":true,\"editable\":true},\"list\":{\"label\":\"title\",\"searchable\":true,\"sortable\":true}},\"url\":{\"edit\":{\"label\":\"url\",\"description\":\"\",\"placeholder\":\"\",\"visible\":true,\"editable\":true},\"list\":{\"label\":\"url\",\"searchable\":true,\"sortable\":true}}},\"layouts\":{\"list\":[\"id\",\"title\",\"url\"],\"edit\":[[{\"name\":\"title\",\"size\":6},{\"name\":\"url\",\"size\":6}]]},\"isComponent\":true}','object',NULL,NULL),(59,'plugin_content_manager_configuration_components::home.home-tab','{\"uid\":\"home.home-tab\",\"settings\":{\"bulkable\":true,\"filterable\":true,\"searchable\":true,\"pageSize\":10,\"mainField\":\"id\",\"defaultSortBy\":\"id\",\"defaultSortOrder\":\"ASC\"},\"metadatas\":{\"id\":{\"edit\":{},\"list\":{\"label\":\"id\",\"searchable\":false,\"sortable\":false}},\"image\":{\"edit\":{\"label\":\"image\",\"description\":\"\",\"placeholder\":\"\",\"visible\":true,\"editable\":true},\"list\":{\"label\":\"image\",\"searchable\":false,\"sortable\":false}},\"title\":{\"edit\":{\"label\":\"title\",\"description\":\"\",\"placeholder\":\"\",\"visible\":true,\"editable\":true},\"list\":{\"label\":\"title\",\"searchable\":false,\"sortable\":false}}},\"layouts\":{\"list\":[\"id\",\"image\"],\"edit\":[[{\"name\":\"image\",\"size\":6}],[{\"name\":\"title\",\"size\":12}]]},\"isComponent\":true}','object',NULL,NULL),(60,'plugin_content_manager_configuration_components::home.service-contact','{\"uid\":\"home.service-contact\",\"settings\":{\"bulkable\":true,\"filterable\":true,\"searchable\":true,\"pageSize\":10,\"mainField\":\"name\",\"defaultSortBy\":\"name\",\"defaultSortOrder\":\"ASC\"},\"metadatas\":{\"id\":{\"edit\":{},\"list\":{\"label\":\"id\",\"searchable\":false,\"sortable\":false}},\"name\":{\"edit\":{\"label\":\"name\",\"description\":\"\",\"placeholder\":\"\",\"visible\":true,\"editable\":true},\"list\":{\"label\":\"name\",\"searchable\":true,\"sortable\":true}},\"phone\":{\"edit\":{\"label\":\"phone\",\"description\":\"\",\"placeholder\":\"\",\"visible\":true,\"editable\":true},\"list\":{\"label\":\"phone\",\"searchable\":true,\"sortable\":true}},\"phone_displayed\":{\"edit\":{\"label\":\"phone_displayed\",\"description\":\"\",\"placeholder\":\"\",\"visible\":true,\"editable\":true},\"list\":{\"label\":\"phone_displayed\",\"searchable\":true,\"sortable\":true}}},\"layouts\":{\"list\":[\"id\",\"name\",\"phone\",\"phone_displayed\"],\"edit\":[[{\"name\":\"name\",\"size\":6},{\"name\":\"phone\",\"size\":6}],[{\"name\":\"phone_displayed\",\"size\":6}]]},\"isComponent\":true}','object',NULL,NULL),(61,'plugin_content_manager_configuration_components::home.feature','{\"uid\":\"home.feature\",\"settings\":{\"bulkable\":true,\"filterable\":true,\"searchable\":true,\"pageSize\":10,\"mainField\":\"id\",\"defaultSortBy\":\"id\",\"defaultSortOrder\":\"ASC\"},\"metadatas\":{\"id\":{\"edit\":{},\"list\":{\"label\":\"id\",\"searchable\":false,\"sortable\":false}},\"icon\":{\"edit\":{\"label\":\"icon\",\"description\":\"\",\"placeholder\":\"\",\"visible\":true,\"editable\":true},\"list\":{\"label\":\"icon\",\"searchable\":false,\"sortable\":false}},\"title\":{\"edit\":{\"label\":\"title\",\"description\":\"\",\"placeholder\":\"\",\"visible\":true,\"editable\":true},\"list\":{\"label\":\"title\",\"searchable\":true,\"sortable\":true}}},\"layouts\":{\"list\":[\"id\",\"icon\",\"title\"],\"edit\":[[{\"name\":\"icon\",\"size\":6},{\"name\":\"title\",\"size\":6}]]},\"isComponent\":true}','object',NULL,NULL),(62,'plugin_content_manager_configuration_components::footer.footer-link','{\"uid\":\"footer.footer-link\",\"settings\":{\"bulkable\":true,\"filterable\":true,\"searchable\":true,\"pageSize\":10,\"mainField\":\"title\",\"defaultSortBy\":\"title\",\"defaultSortOrder\":\"ASC\"},\"metadatas\":{\"id\":{\"edit\":{},\"list\":{\"label\":\"id\",\"searchable\":false,\"sortable\":false}},\"icon\":{\"edit\":{\"label\":\"icon\",\"description\":\"\",\"placeholder\":\"\",\"visible\":true,\"editable\":true},\"list\":{\"label\":\"icon\",\"searchable\":false,\"sortable\":false}},\"title\":{\"edit\":{\"label\":\"title\",\"description\":\"\",\"placeholder\":\"\",\"visible\":true,\"editable\":true},\"list\":{\"label\":\"title\",\"searchable\":true,\"sortable\":true}},\"url\":{\"edit\":{\"label\":\"url\",\"description\":\"\",\"placeholder\":\"\",\"visible\":true,\"editable\":true},\"list\":{\"label\":\"url\",\"searchable\":true,\"sortable\":true}},\"is_external_link\":{\"edit\":{\"label\":\"is_external_link\",\"description\":\"\",\"placeholder\":\"\",\"visible\":true,\"editable\":true},\"list\":{\"label\":\"is_external_link\",\"searchable\":true,\"sortable\":true}}},\"layouts\":{\"list\":[\"id\",\"icon\",\"title\",\"url\"],\"edit\":[[{\"name\":\"icon\",\"size\":6},{\"name\":\"title\",\"size\":6}],[{\"name\":\"url\",\"size\":6},{\"name\":\"is_external_link\",\"size\":4}]]},\"isComponent\":true}','object',NULL,NULL),(63,'plugin_content_manager_configuration_components::footer.footer-column','{\"uid\":\"footer.footer-column\",\"settings\":{\"bulkable\":true,\"filterable\":true,\"searchable\":true,\"pageSize\":10,\"mainField\":\"title\",\"defaultSortBy\":\"title\",\"defaultSortOrder\":\"ASC\"},\"metadatas\":{\"id\":{\"edit\":{},\"list\":{\"label\":\"id\",\"searchable\":false,\"sortable\":false}},\"title\":{\"edit\":{\"label\":\"title\",\"description\":\"\",\"placeholder\":\"\",\"visible\":true,\"editable\":true},\"list\":{\"label\":\"title\",\"searchable\":true,\"sortable\":true}},\"links\":{\"edit\":{\"label\":\"links\",\"description\":\"\",\"placeholder\":\"\",\"visible\":true,\"editable\":true},\"list\":{\"label\":\"links\",\"searchable\":false,\"sortable\":false}}},\"layouts\":{\"list\":[\"id\",\"title\",\"links\"],\"edit\":[[{\"name\":\"title\",\"size\":6}],[{\"name\":\"links\",\"size\":12}]]},\"isComponent\":true}','object',NULL,NULL),(64,'plugin_content_manager_configuration_components::footer.footer-info','{\"uid\":\"footer.footer-info\",\"settings\":{\"bulkable\":true,\"filterable\":true,\"searchable\":true,\"pageSize\":10,\"mainField\":\"title\",\"defaultSortBy\":\"title\",\"defaultSortOrder\":\"ASC\"},\"metadatas\":{\"id\":{\"edit\":{},\"list\":{\"label\":\"id\",\"searchable\":false,\"sortable\":false}},\"title\":{\"edit\":{\"label\":\"title\",\"description\":\"\",\"placeholder\":\"\",\"visible\":true,\"editable\":true},\"list\":{\"label\":\"title\",\"searchable\":true,\"sortable\":true}},\"url\":{\"edit\":{\"label\":\"url\",\"description\":\"\",\"placeholder\":\"\",\"visible\":true,\"editable\":true},\"list\":{\"label\":\"url\",\"searchable\":true,\"sortable\":true}}},\"layouts\":{\"list\":[\"id\",\"title\",\"url\"],\"edit\":[[{\"name\":\"title\",\"size\":6},{\"name\":\"url\",\"size\":6}]]},\"isComponent\":true}','object',NULL,NULL),(65,'plugin_content_manager_configuration_components::footer.social-link','{\"uid\":\"footer.social-link\",\"settings\":{\"bulkable\":true,\"filterable\":true,\"searchable\":true,\"pageSize\":10,\"mainField\":\"url\",\"defaultSortBy\":\"url\",\"defaultSortOrder\":\"ASC\"},\"metadatas\":{\"id\":{\"edit\":{},\"list\":{\"label\":\"id\",\"searchable\":false,\"sortable\":false}},\"icon\":{\"edit\":{\"label\":\"icon\",\"description\":\"\",\"placeholder\":\"\",\"visible\":true,\"editable\":true},\"list\":{\"label\":\"icon\",\"searchable\":false,\"sortable\":false}},\"url\":{\"edit\":{\"label\":\"url\",\"description\":\"\",\"placeholder\":\"\",\"visible\":true,\"editable\":true},\"list\":{\"label\":\"url\",\"searchable\":true,\"sortable\":true}}},\"layouts\":{\"list\":[\"id\",\"icon\",\"url\"],\"edit\":[[{\"name\":\"icon\",\"size\":6},{\"name\":\"url\",\"size\":6}]]},\"isComponent\":true}','object',NULL,NULL),(66,'plugin_content_manager_configuration_components::service.feature','{\"uid\":\"service.feature\",\"settings\":{\"bulkable\":true,\"filterable\":true,\"searchable\":true,\"pageSize\":10,\"mainField\":\"object\",\"defaultSortBy\":\"object\",\"defaultSortOrder\":\"ASC\"},\"metadatas\":{\"id\":{\"edit\":{},\"list\":{\"label\":\"id\",\"searchable\":false,\"sortable\":false}},\"icon\":{\"edit\":{\"label\":\"icon\",\"description\":\"\",\"placeholder\":\"\",\"visible\":true,\"editable\":true},\"list\":{\"label\":\"icon\",\"searchable\":false,\"sortable\":false}},\"number\":{\"edit\":{\"label\":\"number\",\"description\":\"\",\"placeholder\":\"\",\"visible\":true,\"editable\":true},\"list\":{\"label\":\"number\",\"searchable\":true,\"sortable\":true}},\"object\":{\"edit\":{\"label\":\"object\",\"description\":\"\",\"placeholder\":\"\",\"visible\":true,\"editable\":true},\"list\":{\"label\":\"object\",\"searchable\":true,\"sortable\":true}},\"title\":{\"edit\":{\"label\":\"title\",\"description\":\"\",\"placeholder\":\"\",\"visible\":true,\"editable\":true},\"list\":{\"label\":\"title\",\"searchable\":true,\"sortable\":true}}},\"layouts\":{\"list\":[\"id\",\"icon\",\"number\",\"object\"],\"edit\":[[{\"name\":\"icon\",\"size\":6},{\"name\":\"number\",\"size\":4}],[{\"name\":\"object\",\"size\":6},{\"name\":\"title\",\"size\":6}]]},\"isComponent\":true}','object',NULL,NULL),(67,'plugin_content_manager_configuration_components::service.transportation','{\"uid\":\"service.transportation\",\"settings\":{\"bulkable\":true,\"filterable\":true,\"searchable\":true,\"pageSize\":10,\"mainField\":\"title\",\"defaultSortBy\":\"title\",\"defaultSortOrder\":\"ASC\"},\"metadatas\":{\"id\":{\"edit\":{},\"list\":{\"label\":\"id\",\"searchable\":false,\"sortable\":false}},\"title\":{\"edit\":{\"label\":\"title\",\"description\":\"\",\"placeholder\":\"\",\"visible\":true,\"editable\":true},\"list\":{\"label\":\"title\",\"searchable\":true,\"sortable\":true}},\"link\":{\"edit\":{\"label\":\"link\",\"description\":\"\",\"placeholder\":\"\",\"visible\":true,\"editable\":true},\"list\":{\"label\":\"link\",\"searchable\":true,\"sortable\":true}},\"image\":{\"edit\":{\"label\":\"image\",\"description\":\"\",\"placeholder\":\"\",\"visible\":true,\"editable\":true},\"list\":{\"label\":\"image\",\"searchable\":false,\"sortable\":false}}},\"layouts\":{\"list\":[\"id\",\"title\",\"link\",\"image\"],\"edit\":[[{\"name\":\"title\",\"size\":6},{\"name\":\"link\",\"size\":6}],[{\"name\":\"image\",\"size\":6}]]},\"isComponent\":true}','object',NULL,NULL),(68,'plugin_content_manager_configuration_content_types::api::trucking.trucking','{\"uid\":\"api::trucking.trucking\",\"settings\":{\"bulkable\":true,\"filterable\":true,\"searchable\":true,\"pageSize\":10,\"mainField\":\"id\",\"defaultSortBy\":\"id\",\"defaultSortOrder\":\"ASC\"},\"metadatas\":{\"id\":{\"edit\":{},\"list\":{\"label\":\"id\",\"searchable\":true,\"sortable\":true}},\"banner\":{\"edit\":{\"label\":\"banner\",\"description\":\"\",\"placeholder\":\"\",\"visible\":true,\"editable\":true},\"list\":{\"label\":\"banner\",\"searchable\":false,\"sortable\":false}},\"description\":{\"edit\":{\"label\":\"description\",\"description\":\"\",\"placeholder\":\"\",\"visible\":true,\"editable\":true},\"list\":{\"label\":\"description\",\"searchable\":true,\"sortable\":true}},\"intro_img\":{\"edit\":{\"label\":\"intro_img\",\"description\":\"\",\"placeholder\":\"\",\"visible\":true,\"editable\":true},\"list\":{\"label\":\"intro_img\",\"searchable\":false,\"sortable\":false}},\"sub_intro_img\":{\"edit\":{\"label\":\"sub_intro_img\",\"description\":\"\",\"placeholder\":\"\",\"visible\":true,\"editable\":true},\"list\":{\"label\":\"sub_intro_img\",\"searchable\":false,\"sortable\":false}},\"internal_img\":{\"edit\":{\"label\":\"internal_img\",\"description\":\"\",\"placeholder\":\"\",\"visible\":true,\"editable\":true},\"list\":{\"label\":\"internal_img\",\"searchable\":false,\"sortable\":false}},\"international_img\":{\"edit\":{\"label\":\"international_img\",\"description\":\"\",\"placeholder\":\"\",\"visible\":true,\"editable\":true},\"list\":{\"label\":\"international_img\",\"searchable\":false,\"sortable\":false}},\"intro_features\":{\"edit\":{\"label\":\"intro_features\",\"description\":\"\",\"placeholder\":\"\",\"visible\":true,\"editable\":true},\"list\":{\"label\":\"intro_features\",\"searchable\":false,\"sortable\":false}},\"internal_features\":{\"edit\":{\"label\":\"internal_features\",\"description\":\"\",\"placeholder\":\"\",\"visible\":true,\"editable\":true},\"list\":{\"label\":\"internal_features\",\"searchable\":false,\"sortable\":false}},\"international_features\":{\"edit\":{\"label\":\"international_features\",\"description\":\"\",\"placeholder\":\"\",\"visible\":true,\"editable\":true},\"list\":{\"label\":\"international_features\",\"searchable\":false,\"sortable\":false}},\"other\":{\"edit\":{\"label\":\"other\",\"description\":\"\",\"placeholder\":\"\",\"visible\":true,\"editable\":true},\"list\":{\"label\":\"other\",\"searchable\":false,\"sortable\":false}},\"SEO\":{\"edit\":{\"label\":\"SEO\",\"description\":\"\",\"placeholder\":\"\",\"visible\":true,\"editable\":true},\"list\":{\"label\":\"SEO\",\"searchable\":false,\"sortable\":false}},\"internal_price_table\":{\"edit\":{\"label\":\"internal_price_table\",\"description\":\"\",\"placeholder\":\"\",\"visible\":true,\"editable\":true},\"list\":{\"label\":\"internal_price_table\",\"searchable\":false,\"sortable\":false}},\"international_price_table\":{\"edit\":{\"label\":\"international_price_table\",\"description\":\"\",\"placeholder\":\"\",\"visible\":true,\"editable\":true},\"list\":{\"label\":\"international_price_table\",\"searchable\":false,\"sortable\":false}},\"createdAt\":{\"edit\":{\"label\":\"createdAt\",\"description\":\"\",\"placeholder\":\"\",\"visible\":false,\"editable\":true},\"list\":{\"label\":\"createdAt\",\"searchable\":true,\"sortable\":true}},\"updatedAt\":{\"edit\":{\"label\":\"updatedAt\",\"description\":\"\",\"placeholder\":\"\",\"visible\":false,\"editable\":true},\"list\":{\"label\":\"updatedAt\",\"searchable\":true,\"sortable\":true}}},\"layouts\":{\"edit\":[[{\"name\":\"banner\",\"size\":6},{\"name\":\"description\",\"size\":6}],[{\"name\":\"intro_img\",\"size\":6},{\"name\":\"sub_intro_img\",\"size\":6}],[{\"name\":\"internal_img\",\"size\":6},{\"name\":\"international_img\",\"size\":6}],[{\"name\":\"intro_features\",\"size\":12}],[{\"name\":\"internal_features\",\"size\":12}],[{\"name\":\"internal_price_table\",\"size\":12}],[{\"name\":\"international_features\",\"size\":12}],[{\"name\":\"international_price_table\",\"size\":12}],[{\"name\":\"other\",\"size\":12}],[{\"name\":\"SEO\",\"size\":12}]],\"list\":[\"id\",\"banner\",\"description\",\"intro_img\"]}}','object',NULL,NULL),(69,'plugin_content_manager_configuration_components::trucking.introduce-features','{\"uid\":\"trucking.introduce-features\",\"settings\":{\"bulkable\":true,\"filterable\":true,\"searchable\":true,\"pageSize\":10,\"mainField\":\"title\",\"defaultSortBy\":\"title\",\"defaultSortOrder\":\"ASC\"},\"metadatas\":{\"id\":{\"edit\":{},\"list\":{\"label\":\"id\",\"searchable\":false,\"sortable\":false}},\"icon\":{\"edit\":{\"label\":\"icon\",\"description\":\"\",\"placeholder\":\"\",\"visible\":true,\"editable\":true},\"list\":{\"label\":\"icon\",\"searchable\":false,\"sortable\":false}},\"title\":{\"edit\":{\"label\":\"title\",\"description\":\"\",\"placeholder\":\"\",\"visible\":true,\"editable\":true},\"list\":{\"label\":\"title\",\"searchable\":true,\"sortable\":true}},\"description\":{\"edit\":{\"label\":\"description\",\"description\":\"\",\"placeholder\":\"\",\"visible\":true,\"editable\":true},\"list\":{\"label\":\"description\",\"searchable\":true,\"sortable\":true}}},\"layouts\":{\"list\":[\"id\",\"icon\",\"title\",\"description\"],\"edit\":[[{\"name\":\"icon\",\"size\":6},{\"name\":\"title\",\"size\":6}],[{\"name\":\"description\",\"size\":6}]]},\"isComponent\":true}','object',NULL,NULL),(70,'plugin_content_manager_configuration_components::trucking.feature','{\"uid\":\"trucking.feature\",\"settings\":{\"bulkable\":true,\"filterable\":true,\"searchable\":true,\"pageSize\":10,\"mainField\":\"title\",\"defaultSortBy\":\"title\",\"defaultSortOrder\":\"ASC\"},\"metadatas\":{\"id\":{\"edit\":{},\"list\":{\"label\":\"id\",\"searchable\":false,\"sortable\":false}},\"title\":{\"edit\":{\"label\":\"title\",\"description\":\"\",\"placeholder\":\"\",\"visible\":true,\"editable\":true},\"list\":{\"label\":\"title\",\"searchable\":true,\"sortable\":true}},\"description\":{\"edit\":{\"label\":\"description\",\"description\":\"\",\"placeholder\":\"\",\"visible\":true,\"editable\":true},\"list\":{\"label\":\"description\",\"searchable\":true,\"sortable\":true}}},\"layouts\":{\"list\":[\"id\",\"title\",\"description\"],\"edit\":[[{\"name\":\"title\",\"size\":6},{\"name\":\"description\",\"size\":6}]]},\"isComponent\":true}','object',NULL,NULL),(71,'plugin_content_manager_configuration_components::trucking.other-service','{\"uid\":\"trucking.other-service\",\"settings\":{\"bulkable\":true,\"filterable\":true,\"searchable\":true,\"pageSize\":10,\"mainField\":\"title\",\"defaultSortBy\":\"title\",\"defaultSortOrder\":\"ASC\"},\"metadatas\":{\"id\":{\"edit\":{},\"list\":{\"label\":\"id\",\"searchable\":false,\"sortable\":false}},\"title\":{\"edit\":{\"label\":\"title\",\"description\":\"\",\"placeholder\":\"\",\"visible\":true,\"editable\":true},\"list\":{\"label\":\"title\",\"searchable\":true,\"sortable\":true}},\"image\":{\"edit\":{\"label\":\"image\",\"description\":\"\",\"placeholder\":\"\",\"visible\":true,\"editable\":true},\"list\":{\"label\":\"image\",\"searchable\":false,\"sortable\":false}},\"link\":{\"edit\":{\"label\":\"link\",\"description\":\"\",\"placeholder\":\"\",\"visible\":true,\"editable\":true},\"list\":{\"label\":\"link\",\"searchable\":true,\"sortable\":true}}},\"layouts\":{\"list\":[\"id\",\"title\",\"image\",\"link\"],\"edit\":[[{\"name\":\"title\",\"size\":6},{\"name\":\"image\",\"size\":6}],[{\"name\":\"link\",\"size\":6}]]},\"isComponent\":true}','object',NULL,NULL),(73,'plugin_content_manager_configuration_components::service.information-service','{\"uid\":\"service.information-service\",\"settings\":{\"bulkable\":true,\"filterable\":true,\"searchable\":true,\"pageSize\":10,\"mainField\":\"id\",\"defaultSortBy\":\"id\",\"defaultSortOrder\":\"ASC\"},\"metadatas\":{\"id\":{\"edit\":{},\"list\":{\"label\":\"id\",\"searchable\":false,\"sortable\":false}},\"description\":{\"edit\":{\"label\":\"description\",\"description\":\"\",\"placeholder\":\"\",\"visible\":true,\"editable\":true},\"list\":{\"label\":\"description\",\"searchable\":true,\"sortable\":true}},\"info_img\":{\"edit\":{\"label\":\"info_img\",\"description\":\"\",\"placeholder\":\"\",\"visible\":true,\"editable\":true},\"list\":{\"label\":\"info_img\",\"searchable\":false,\"sortable\":false}},\"info_sub_img\":{\"edit\":{\"label\":\"info_sub_img\",\"description\":\"\",\"placeholder\":\"\",\"visible\":true,\"editable\":true},\"list\":{\"label\":\"info_sub_img\",\"searchable\":false,\"sortable\":false}},\"advantage\":{\"edit\":{\"label\":\"advantage\",\"description\":\"\",\"placeholder\":\"\",\"visible\":true,\"editable\":true},\"list\":{\"label\":\"advantage\",\"searchable\":false,\"sortable\":false}}},\"layouts\":{\"list\":[\"id\",\"description\",\"info_img\",\"info_sub_img\"],\"edit\":[[{\"name\":\"description\",\"size\":6},{\"name\":\"info_img\",\"size\":6}],[{\"name\":\"info_sub_img\",\"size\":6}],[{\"name\":\"advantage\",\"size\":12}]]},\"isComponent\":true}','object',NULL,NULL),(74,'plugin_content_manager_configuration_content_types::api::custom.custom','{\"uid\":\"api::custom.custom\",\"settings\":{\"bulkable\":true,\"filterable\":true,\"searchable\":true,\"pageSize\":10,\"mainField\":\"id\",\"defaultSortBy\":\"id\",\"defaultSortOrder\":\"ASC\"},\"metadatas\":{\"id\":{\"edit\":{},\"list\":{\"label\":\"id\",\"searchable\":true,\"sortable\":true}},\"infomation\":{\"edit\":{\"label\":\"infomation\",\"description\":\"\",\"placeholder\":\"\",\"visible\":true,\"editable\":true},\"list\":{\"label\":\"infomation\",\"searchable\":false,\"sortable\":false}},\"procedures\":{\"edit\":{\"label\":\"procedures\",\"description\":\"\",\"placeholder\":\"\",\"visible\":true,\"editable\":true},\"list\":{\"label\":\"procedures\",\"searchable\":false,\"sortable\":false}},\"bg_price\":{\"edit\":{\"label\":\"bg_price\",\"description\":\"\",\"placeholder\":\"\",\"visible\":true,\"editable\":true},\"list\":{\"label\":\"bg_price\",\"searchable\":false,\"sortable\":false}},\"banner\":{\"edit\":{\"label\":\"banner\",\"description\":\"\",\"placeholder\":\"\",\"visible\":true,\"editable\":true},\"list\":{\"label\":\"banner\",\"searchable\":false,\"sortable\":false}},\"SEO\":{\"edit\":{\"label\":\"SEO\",\"description\":\"\",\"placeholder\":\"\",\"visible\":true,\"editable\":true},\"list\":{\"label\":\"SEO\",\"searchable\":false,\"sortable\":false}},\"price_table\":{\"edit\":{\"label\":\"price_table\",\"description\":\"\",\"placeholder\":\"\",\"visible\":true,\"editable\":true},\"list\":{\"label\":\"price_table\",\"searchable\":false,\"sortable\":false}},\"createdAt\":{\"edit\":{\"label\":\"createdAt\",\"description\":\"\",\"placeholder\":\"\",\"visible\":false,\"editable\":true},\"list\":{\"label\":\"createdAt\",\"searchable\":true,\"sortable\":true}},\"updatedAt\":{\"edit\":{\"label\":\"updatedAt\",\"description\":\"\",\"placeholder\":\"\",\"visible\":false,\"editable\":true},\"list\":{\"label\":\"updatedAt\",\"searchable\":true,\"sortable\":true}}},\"layouts\":{\"edit\":[[{\"name\":\"banner\",\"size\":6}],[{\"name\":\"infomation\",\"size\":12}],[{\"name\":\"procedures\",\"size\":12}],[{\"name\":\"price_table\",\"size\":12}],[{\"name\":\"bg_price\",\"size\":6}],[{\"name\":\"SEO\",\"size\":12}]],\"list\":[\"id\",\"infomation\",\"createdAt\",\"updatedAt\"]}}','object',NULL,NULL),(75,'plugin_content_manager_configuration_components::custom.procedure','{\"uid\":\"custom.procedure\",\"settings\":{\"bulkable\":true,\"filterable\":true,\"searchable\":true,\"pageSize\":10,\"mainField\":\"text\",\"defaultSortBy\":\"text\",\"defaultSortOrder\":\"ASC\"},\"metadatas\":{\"id\":{\"edit\":{},\"list\":{\"label\":\"id\",\"searchable\":false,\"sortable\":false}},\"text\":{\"edit\":{\"label\":\"text\",\"description\":\"\",\"placeholder\":\"\",\"visible\":true,\"editable\":true},\"list\":{\"label\":\"text\",\"searchable\":true,\"sortable\":true}},\"is_active\":{\"edit\":{\"label\":\"is_active\",\"description\":\"\",\"placeholder\":\"\",\"visible\":true,\"editable\":true},\"list\":{\"label\":\"is_active\",\"searchable\":true,\"sortable\":true}}},\"layouts\":{\"list\":[\"id\",\"text\",\"is_active\"],\"edit\":[[{\"name\":\"text\",\"size\":6},{\"name\":\"is_active\",\"size\":4}]]},\"isComponent\":true}','object',NULL,NULL),(76,'plugin_content_manager_configuration_content_types::api::warehouse.warehouse','{\"uid\":\"api::warehouse.warehouse\",\"settings\":{\"bulkable\":true,\"filterable\":true,\"searchable\":true,\"pageSize\":10,\"mainField\":\"id\",\"defaultSortBy\":\"id\",\"defaultSortOrder\":\"ASC\"},\"metadatas\":{\"id\":{\"edit\":{},\"list\":{\"label\":\"id\",\"searchable\":true,\"sortable\":true}},\"banner\":{\"edit\":{\"label\":\"banner\",\"description\":\"\",\"placeholder\":\"\",\"visible\":true,\"editable\":true},\"list\":{\"label\":\"banner\",\"searchable\":false,\"sortable\":false}},\"infomation\":{\"edit\":{\"label\":\"infomation\",\"description\":\"\",\"placeholder\":\"\",\"visible\":true,\"editable\":true},\"list\":{\"label\":\"infomation\",\"searchable\":false,\"sortable\":false}},\"bg_price\":{\"edit\":{\"label\":\"bg_price\",\"description\":\"\",\"placeholder\":\"\",\"visible\":true,\"editable\":true},\"list\":{\"label\":\"bg_price\",\"searchable\":false,\"sortable\":false}},\"SEO\":{\"edit\":{\"label\":\"SEO\",\"description\":\"\",\"placeholder\":\"\",\"visible\":true,\"editable\":true},\"list\":{\"label\":\"SEO\",\"searchable\":false,\"sortable\":false}},\"price_table\":{\"edit\":{\"label\":\"price_table\",\"description\":\"\",\"placeholder\":\"\",\"visible\":true,\"editable\":true},\"list\":{\"label\":\"price_table\",\"searchable\":false,\"sortable\":false}},\"createdAt\":{\"edit\":{\"label\":\"createdAt\",\"description\":\"\",\"placeholder\":\"\",\"visible\":false,\"editable\":true},\"list\":{\"label\":\"createdAt\",\"searchable\":true,\"sortable\":true}},\"updatedAt\":{\"edit\":{\"label\":\"updatedAt\",\"description\":\"\",\"placeholder\":\"\",\"visible\":false,\"editable\":true},\"list\":{\"label\":\"updatedAt\",\"searchable\":true,\"sortable\":true}}},\"layouts\":{\"edit\":[[{\"name\":\"banner\",\"size\":6}],[{\"name\":\"infomation\",\"size\":12}],[{\"name\":\"price_table\",\"size\":12}],[{\"name\":\"bg_price\",\"size\":6}],[{\"name\":\"SEO\",\"size\":12}]],\"list\":[\"id\",\"banner\",\"infomation\",\"bg_price\"]}}','object',NULL,NULL),(77,'plugin_content_manager_configuration_content_types::api::packing.packing','{\"uid\":\"api::packing.packing\",\"settings\":{\"bulkable\":true,\"filterable\":true,\"searchable\":true,\"pageSize\":10,\"mainField\":\"id\",\"defaultSortBy\":\"id\",\"defaultSortOrder\":\"ASC\"},\"metadatas\":{\"id\":{\"edit\":{},\"list\":{\"label\":\"id\",\"searchable\":true,\"sortable\":true}},\"banner\":{\"edit\":{\"label\":\"banner\",\"description\":\"\",\"placeholder\":\"\",\"visible\":true,\"editable\":true},\"list\":{\"label\":\"banner\",\"searchable\":false,\"sortable\":false}},\"infomation\":{\"edit\":{\"label\":\"infomation\",\"description\":\"\",\"placeholder\":\"\",\"visible\":true,\"editable\":true},\"list\":{\"label\":\"infomation\",\"searchable\":false,\"sortable\":false}},\"bg_price\":{\"edit\":{\"label\":\"bg_price\",\"description\":\"\",\"placeholder\":\"\",\"visible\":true,\"editable\":true},\"list\":{\"label\":\"bg_price\",\"searchable\":false,\"sortable\":false}},\"SEO\":{\"edit\":{\"label\":\"SEO\",\"description\":\"\",\"placeholder\":\"\",\"visible\":true,\"editable\":true},\"list\":{\"label\":\"SEO\",\"searchable\":false,\"sortable\":false}},\"price_table\":{\"edit\":{\"label\":\"price_table\",\"description\":\"\",\"placeholder\":\"\",\"visible\":true,\"editable\":true},\"list\":{\"label\":\"price_table\",\"searchable\":false,\"sortable\":false}},\"createdAt\":{\"edit\":{\"label\":\"createdAt\",\"description\":\"\",\"placeholder\":\"\",\"visible\":false,\"editable\":true},\"list\":{\"label\":\"createdAt\",\"searchable\":true,\"sortable\":true}},\"updatedAt\":{\"edit\":{\"label\":\"updatedAt\",\"description\":\"\",\"placeholder\":\"\",\"visible\":false,\"editable\":true},\"list\":{\"label\":\"updatedAt\",\"searchable\":true,\"sortable\":true}}},\"layouts\":{\"edit\":[[{\"name\":\"banner\",\"size\":6}],[{\"name\":\"infomation\",\"size\":12}],[{\"name\":\"price_table\",\"size\":12}],[{\"name\":\"bg_price\",\"size\":6}],[{\"name\":\"SEO\",\"size\":12}]],\"list\":[\"id\",\"banner\",\"infomation\",\"bg_price\"]}}','object',NULL,NULL),(78,'plugin_content_manager_configuration_content_types::api::endpoint-delivery.endpoint-delivery','{\"uid\":\"api::endpoint-delivery.endpoint-delivery\",\"settings\":{\"bulkable\":true,\"filterable\":true,\"searchable\":true,\"pageSize\":10,\"mainField\":\"id\",\"defaultSortBy\":\"id\",\"defaultSortOrder\":\"ASC\"},\"metadatas\":{\"id\":{\"edit\":{},\"list\":{\"label\":\"id\",\"searchable\":true,\"sortable\":true}},\"banner\":{\"edit\":{\"label\":\"banner\",\"description\":\"\",\"placeholder\":\"\",\"visible\":true,\"editable\":true},\"list\":{\"label\":\"banner\",\"searchable\":false,\"sortable\":false}},\"infomation\":{\"edit\":{\"label\":\"infomation\",\"description\":\"\",\"placeholder\":\"\",\"visible\":true,\"editable\":true},\"list\":{\"label\":\"infomation\",\"searchable\":false,\"sortable\":false}},\"bg_price\":{\"edit\":{\"label\":\"bg_price\",\"description\":\"\",\"placeholder\":\"\",\"visible\":true,\"editable\":true},\"list\":{\"label\":\"bg_price\",\"searchable\":false,\"sortable\":false}},\"SEO\":{\"edit\":{\"label\":\"SEO\",\"description\":\"\",\"placeholder\":\"\",\"visible\":true,\"editable\":true},\"list\":{\"label\":\"SEO\",\"searchable\":false,\"sortable\":false}},\"price_table\":{\"edit\":{\"label\":\"price_table\",\"description\":\"\",\"placeholder\":\"\",\"visible\":true,\"editable\":true},\"list\":{\"label\":\"price_table\",\"searchable\":false,\"sortable\":false}},\"createdAt\":{\"edit\":{\"label\":\"createdAt\",\"description\":\"\",\"placeholder\":\"\",\"visible\":false,\"editable\":true},\"list\":{\"label\":\"createdAt\",\"searchable\":true,\"sortable\":true}},\"updatedAt\":{\"edit\":{\"label\":\"updatedAt\",\"description\":\"\",\"placeholder\":\"\",\"visible\":false,\"editable\":true},\"list\":{\"label\":\"updatedAt\",\"searchable\":true,\"sortable\":true}}},\"layouts\":{\"edit\":[[{\"name\":\"banner\",\"size\":6}],[{\"name\":\"infomation\",\"size\":12}],[{\"name\":\"price_table\",\"size\":12}],[{\"name\":\"bg_price\",\"size\":6}],[{\"name\":\"SEO\",\"size\":12}]],\"list\":[\"id\",\"banner\",\"infomation\",\"bg_price\"]}}','object',NULL,NULL),(79,'plugin_content_manager_configuration_components::common.advantage','{\"uid\":\"common.advantage\",\"settings\":{\"bulkable\":true,\"filterable\":true,\"searchable\":true,\"pageSize\":10,\"mainField\":\"title\",\"defaultSortBy\":\"title\",\"defaultSortOrder\":\"ASC\"},\"metadatas\":{\"id\":{\"edit\":{},\"list\":{\"label\":\"id\",\"searchable\":false,\"sortable\":false}},\"title\":{\"edit\":{\"label\":\"title\",\"description\":\"\",\"placeholder\":\"\",\"visible\":true,\"editable\":true},\"list\":{\"label\":\"title\",\"searchable\":true,\"sortable\":true}}},\"layouts\":{\"list\":[\"id\",\"title\"],\"edit\":[[{\"name\":\"title\",\"size\":6}]]},\"isComponent\":true}','object',NULL,NULL),(80,'plugin_content_manager_configuration_components::introduce.general','{\"uid\":\"introduce.general\",\"settings\":{\"bulkable\":true,\"filterable\":true,\"searchable\":true,\"pageSize\":10,\"mainField\":\"title\",\"defaultSortBy\":\"title\",\"defaultSortOrder\":\"ASC\"},\"metadatas\":{\"id\":{\"edit\":{},\"list\":{\"label\":\"id\",\"searchable\":false,\"sortable\":false}},\"image\":{\"edit\":{\"label\":\"image\",\"description\":\"\",\"placeholder\":\"\",\"visible\":true,\"editable\":true},\"list\":{\"label\":\"image\",\"searchable\":false,\"sortable\":false}},\"sub_image\":{\"edit\":{\"label\":\"sub_image\",\"description\":\"\",\"placeholder\":\"\",\"visible\":true,\"editable\":true},\"list\":{\"label\":\"sub_image\",\"searchable\":false,\"sortable\":false}},\"title\":{\"edit\":{\"label\":\"title\",\"description\":\"\",\"placeholder\":\"\",\"visible\":true,\"editable\":true},\"list\":{\"label\":\"title\",\"searchable\":true,\"sortable\":true}},\"content\":{\"edit\":{\"label\":\"content\",\"description\":\"\",\"placeholder\":\"\",\"visible\":true,\"editable\":true},\"list\":{\"label\":\"content\",\"searchable\":true,\"sortable\":true}}},\"layouts\":{\"list\":[\"id\",\"image\",\"sub_image\",\"title\"],\"edit\":[[{\"name\":\"image\",\"size\":6},{\"name\":\"sub_image\",\"size\":6}],[{\"name\":\"title\",\"size\":6},{\"name\":\"content\",\"size\":6}]]},\"isComponent\":true}','object',NULL,NULL),(81,'plugin_content_manager_configuration_components::introduce.mission','{\"uid\":\"introduce.mission\",\"settings\":{\"bulkable\":true,\"filterable\":true,\"searchable\":true,\"pageSize\":10,\"mainField\":\"id\",\"defaultSortBy\":\"id\",\"defaultSortOrder\":\"ASC\"},\"metadatas\":{\"id\":{\"edit\":{},\"list\":{\"label\":\"id\",\"searchable\":false,\"sortable\":false}},\"image\":{\"edit\":{\"label\":\"image\",\"description\":\"\",\"placeholder\":\"\",\"visible\":true,\"editable\":true},\"list\":{\"label\":\"image\",\"searchable\":false,\"sortable\":false}},\"description\":{\"edit\":{\"label\":\"description\",\"description\":\"\",\"placeholder\":\"\",\"visible\":true,\"editable\":true},\"list\":{\"label\":\"description\",\"searchable\":true,\"sortable\":true}},\"properties\":{\"edit\":{\"label\":\"properties\",\"description\":\"\",\"placeholder\":\"\",\"visible\":true,\"editable\":true},\"list\":{\"label\":\"properties\",\"searchable\":false,\"sortable\":false}},\"introduce\":{\"edit\":{\"label\":\"introduce\",\"description\":\"\",\"placeholder\":\"\",\"visible\":true,\"editable\":true},\"list\":{\"label\":\"introduce\",\"searchable\":false,\"sortable\":false}}},\"layouts\":{\"list\":[\"id\",\"image\",\"description\",\"properties\"],\"edit\":[[{\"name\":\"image\",\"size\":6},{\"name\":\"description\",\"size\":6}],[{\"name\":\"properties\",\"size\":12}],[{\"name\":\"introduce\",\"size\":12}]]},\"isComponent\":true}','object',NULL,NULL),(82,'plugin_content_manager_configuration_components::introduce.core-values','{\"uid\":\"introduce.core-values\",\"settings\":{\"bulkable\":true,\"filterable\":true,\"searchable\":true,\"pageSize\":10,\"mainField\":\"center_customer_title\",\"defaultSortBy\":\"center_customer_title\",\"defaultSortOrder\":\"ASC\"},\"metadatas\":{\"id\":{\"edit\":{},\"list\":{\"label\":\"id\",\"searchable\":false,\"sortable\":false}},\"images\":{\"edit\":{\"label\":\"images\",\"description\":\"\",\"placeholder\":\"\",\"visible\":true,\"editable\":true},\"list\":{\"label\":\"images\",\"searchable\":false,\"sortable\":false}},\"center_customer_title\":{\"edit\":{\"label\":\"center_customer_title\",\"description\":\"\",\"placeholder\":\"\",\"visible\":true,\"editable\":true},\"list\":{\"label\":\"center_customer_title\",\"searchable\":true,\"sortable\":true}},\"center_customer_content\":{\"edit\":{\"label\":\"center_customer_content\",\"description\":\"\",\"placeholder\":\"\",\"visible\":true,\"editable\":true},\"list\":{\"label\":\"center_customer_content\",\"searchable\":true,\"sortable\":true}},\"kindness_title\":{\"edit\":{\"label\":\"kindness_title\",\"description\":\"\",\"placeholder\":\"\",\"visible\":true,\"editable\":true},\"list\":{\"label\":\"kindness_title\",\"searchable\":true,\"sortable\":true}},\"kindness_content\":{\"edit\":{\"label\":\"kindness_content\",\"description\":\"\",\"placeholder\":\"\",\"visible\":true,\"editable\":true},\"list\":{\"label\":\"kindness_content\",\"searchable\":false,\"sortable\":false}}},\"layouts\":{\"list\":[\"id\",\"center_customer_title\",\"center_customer_content\",\"images\"],\"edit\":[[{\"name\":\"center_customer_title\",\"size\":6}],[{\"name\":\"center_customer_content\",\"size\":6},{\"name\":\"kindness_title\",\"size\":6}],[{\"name\":\"kindness_content\",\"size\":12}],[{\"name\":\"images\",\"size\":6}]]},\"isComponent\":true}','object',NULL,NULL),(83,'plugin_content_manager_configuration_components::introduce.reasons-choose-we','{\"uid\":\"introduce.reasons-choose-we\",\"settings\":{\"bulkable\":true,\"filterable\":true,\"searchable\":true,\"pageSize\":10,\"mainField\":\"id\",\"defaultSortBy\":\"id\",\"defaultSortOrder\":\"ASC\"},\"metadatas\":{\"id\":{\"edit\":{},\"list\":{\"label\":\"id\",\"searchable\":false,\"sortable\":false}},\"image\":{\"edit\":{\"label\":\"image\",\"description\":\"\",\"placeholder\":\"\",\"visible\":true,\"editable\":true},\"list\":{\"label\":\"image\",\"searchable\":false,\"sortable\":false}},\"description\":{\"edit\":{\"label\":\"description\",\"description\":\"\",\"placeholder\":\"\",\"visible\":true,\"editable\":true},\"list\":{\"label\":\"description\",\"searchable\":true,\"sortable\":true}},\"reasons\":{\"edit\":{\"label\":\"reasons\",\"description\":\"\",\"placeholder\":\"\",\"visible\":true,\"editable\":true},\"list\":{\"label\":\"reasons\",\"searchable\":false,\"sortable\":false}}},\"layouts\":{\"list\":[\"id\",\"image\",\"description\",\"reasons\"],\"edit\":[[{\"name\":\"image\",\"size\":6},{\"name\":\"description\",\"size\":6}],[{\"name\":\"reasons\",\"size\":12}]]},\"isComponent\":true}','object',NULL,NULL),(84,'plugin_content_manager_configuration_components::common.group-image-content','{\"uid\":\"common.group-image-content\",\"settings\":{\"bulkable\":true,\"filterable\":true,\"searchable\":true,\"pageSize\":10,\"mainField\":\"title\",\"defaultSortBy\":\"title\",\"defaultSortOrder\":\"ASC\"},\"metadatas\":{\"id\":{\"edit\":{},\"list\":{\"label\":\"id\",\"searchable\":false,\"sortable\":false}},\"image\":{\"edit\":{\"label\":\"image\",\"description\":\"\",\"placeholder\":\"\",\"visible\":true,\"editable\":true},\"list\":{\"label\":\"image\",\"searchable\":false,\"sortable\":false}},\"title\":{\"edit\":{\"label\":\"title\",\"description\":\"\",\"placeholder\":\"\",\"visible\":true,\"editable\":true},\"list\":{\"label\":\"title\",\"searchable\":true,\"sortable\":true}},\"content\":{\"edit\":{\"label\":\"content\",\"description\":\"\",\"placeholder\":\"\",\"visible\":true,\"editable\":true},\"list\":{\"label\":\"content\",\"searchable\":true,\"sortable\":true}},\"link\":{\"edit\":{\"label\":\"link\",\"description\":\"\",\"placeholder\":\"\",\"visible\":true,\"editable\":true},\"list\":{\"label\":\"link\",\"searchable\":true,\"sortable\":true}}},\"layouts\":{\"list\":[\"id\",\"image\",\"title\",\"content\"],\"edit\":[[{\"name\":\"image\",\"size\":6},{\"name\":\"title\",\"size\":6}],[{\"name\":\"content\",\"size\":6},{\"name\":\"link\",\"size\":6}]]},\"isComponent\":true}','object',NULL,NULL),(85,'plugin_content_manager_configuration_content_types::api::introduce.introduce','{\"uid\":\"api::introduce.introduce\",\"settings\":{\"bulkable\":true,\"filterable\":true,\"searchable\":true,\"pageSize\":10,\"mainField\":\"id\",\"defaultSortBy\":\"id\",\"defaultSortOrder\":\"ASC\"},\"metadatas\":{\"id\":{\"edit\":{},\"list\":{\"label\":\"id\",\"searchable\":true,\"sortable\":true}},\"banner\":{\"edit\":{\"label\":\"banner\",\"description\":\"\",\"placeholder\":\"\",\"visible\":true,\"editable\":true},\"list\":{\"label\":\"banner\",\"searchable\":false,\"sortable\":false}},\"general\":{\"edit\":{\"label\":\"general\",\"description\":\"\",\"placeholder\":\"\",\"visible\":true,\"editable\":true},\"list\":{\"label\":\"general\",\"searchable\":false,\"sortable\":false}},\"mission\":{\"edit\":{\"label\":\"mission\",\"description\":\"\",\"placeholder\":\"\",\"visible\":true,\"editable\":true},\"list\":{\"label\":\"mission\",\"searchable\":false,\"sortable\":false}},\"core_values\":{\"edit\":{\"label\":\"core_values\",\"description\":\"\",\"placeholder\":\"\",\"visible\":true,\"editable\":true},\"list\":{\"label\":\"core_values\",\"searchable\":false,\"sortable\":false}},\"reasons_choose_we\":{\"edit\":{\"label\":\"reasons_choose_we\",\"description\":\"\",\"placeholder\":\"\",\"visible\":true,\"editable\":true},\"list\":{\"label\":\"reasons_choose_we\",\"searchable\":false,\"sortable\":false}},\"other\":{\"edit\":{\"label\":\"other\",\"description\":\"\",\"placeholder\":\"\",\"visible\":true,\"editable\":true},\"list\":{\"label\":\"other\",\"searchable\":false,\"sortable\":false}},\"SEO\":{\"edit\":{\"label\":\"SEO\",\"description\":\"\",\"placeholder\":\"\",\"visible\":true,\"editable\":true},\"list\":{\"label\":\"SEO\",\"searchable\":false,\"sortable\":false}},\"createdAt\":{\"edit\":{\"label\":\"createdAt\",\"description\":\"\",\"placeholder\":\"\",\"visible\":false,\"editable\":true},\"list\":{\"label\":\"createdAt\",\"searchable\":true,\"sortable\":true}},\"updatedAt\":{\"edit\":{\"label\":\"updatedAt\",\"description\":\"\",\"placeholder\":\"\",\"visible\":false,\"editable\":true},\"list\":{\"label\":\"updatedAt\",\"searchable\":true,\"sortable\":true}}},\"layouts\":{\"list\":[\"id\",\"banner\",\"general\",\"mission\"],\"edit\":[[{\"name\":\"banner\",\"size\":6}],[{\"name\":\"general\",\"size\":12}],[{\"name\":\"mission\",\"size\":12}],[{\"name\":\"core_values\",\"size\":12}],[{\"name\":\"reasons_choose_we\",\"size\":12}],[{\"name\":\"other\",\"size\":12}],[{\"name\":\"SEO\",\"size\":12}]]}}','object',NULL,NULL),(86,'plugin_content_manager_configuration_components::introduce.milestones','{\"uid\":\"introduce.milestones\",\"settings\":{\"bulkable\":true,\"filterable\":true,\"searchable\":true,\"pageSize\":10,\"mainField\":\"datetime\",\"defaultSortBy\":\"datetime\",\"defaultSortOrder\":\"ASC\"},\"metadatas\":{\"id\":{\"edit\":{},\"list\":{\"label\":\"id\",\"searchable\":false,\"sortable\":false}},\"image\":{\"edit\":{\"label\":\"image\",\"description\":\"\",\"placeholder\":\"\",\"visible\":true,\"editable\":true},\"list\":{\"label\":\"image\",\"searchable\":false,\"sortable\":false}},\"timeline\":{\"edit\":{\"label\":\"timeline\",\"description\":\"\",\"placeholder\":\"\",\"visible\":true,\"editable\":true},\"list\":{\"label\":\"timeline\",\"searchable\":true,\"sortable\":true}},\"datetime\":{\"edit\":{\"label\":\"datetime\",\"description\":\"\",\"placeholder\":\"\",\"visible\":true,\"editable\":true},\"list\":{\"label\":\"datetime\",\"searchable\":true,\"sortable\":true}},\"content\":{\"edit\":{\"label\":\"content\",\"description\":\"\",\"placeholder\":\"\",\"visible\":true,\"editable\":true},\"list\":{\"label\":\"content\",\"searchable\":true,\"sortable\":true}}},\"layouts\":{\"list\":[\"id\",\"image\",\"timeline\",\"datetime\"],\"edit\":[[{\"name\":\"image\",\"size\":6},{\"name\":\"timeline\",\"size\":4}],[{\"name\":\"datetime\",\"size\":6},{\"name\":\"content\",\"size\":6}]]},\"isComponent\":true}','object',NULL,NULL),(87,'plugin_content_manager_configuration_content_types::api::milestone.milestone','{\"uid\":\"api::milestone.milestone\",\"settings\":{\"bulkable\":true,\"filterable\":true,\"searchable\":true,\"pageSize\":10,\"mainField\":\"id\",\"defaultSortBy\":\"id\",\"defaultSortOrder\":\"ASC\"},\"metadatas\":{\"id\":{\"edit\":{},\"list\":{\"label\":\"id\",\"searchable\":true,\"sortable\":true}},\"banner\":{\"edit\":{\"label\":\"banner\",\"description\":\"\",\"placeholder\":\"\",\"visible\":true,\"editable\":true},\"list\":{\"label\":\"banner\",\"searchable\":false,\"sortable\":false}},\"bg_image\":{\"edit\":{\"label\":\"bg_image\",\"description\":\"\",\"placeholder\":\"\",\"visible\":true,\"editable\":true},\"list\":{\"label\":\"bg_image\",\"searchable\":false,\"sortable\":false}},\"milestones\":{\"edit\":{\"label\":\"milestones\",\"description\":\"\",\"placeholder\":\"\",\"visible\":true,\"editable\":true},\"list\":{\"label\":\"milestones\",\"searchable\":false,\"sortable\":false}},\"SEO\":{\"edit\":{\"label\":\"SEO\",\"description\":\"\",\"placeholder\":\"\",\"visible\":true,\"editable\":true},\"list\":{\"label\":\"SEO\",\"searchable\":false,\"sortable\":false}},\"createdAt\":{\"edit\":{\"label\":\"createdAt\",\"description\":\"\",\"placeholder\":\"\",\"visible\":false,\"editable\":true},\"list\":{\"label\":\"createdAt\",\"searchable\":true,\"sortable\":true}},\"updatedAt\":{\"edit\":{\"label\":\"updatedAt\",\"description\":\"\",\"placeholder\":\"\",\"visible\":false,\"editable\":true},\"list\":{\"label\":\"updatedAt\",\"searchable\":true,\"sortable\":true}}},\"layouts\":{\"list\":[\"id\",\"banner\",\"bg_image\",\"milestones\"],\"edit\":[[{\"name\":\"banner\",\"size\":6},{\"name\":\"bg_image\",\"size\":6}],[{\"name\":\"milestones\",\"size\":12}],[{\"name\":\"SEO\",\"size\":12}]]}}','object',NULL,NULL),(88,'plugin_content_manager_configuration_components::contact.contact','{\"uid\":\"contact.contact\",\"settings\":{\"bulkable\":true,\"filterable\":true,\"searchable\":true,\"pageSize\":10,\"mainField\":\"title\",\"defaultSortBy\":\"title\",\"defaultSortOrder\":\"ASC\"},\"metadatas\":{\"id\":{\"edit\":{},\"list\":{\"label\":\"id\",\"searchable\":false,\"sortable\":false}},\"title\":{\"edit\":{\"label\":\"title\",\"description\":\"\",\"placeholder\":\"\",\"visible\":true,\"editable\":true},\"list\":{\"label\":\"title\",\"searchable\":true,\"sortable\":true}},\"icon\":{\"edit\":{\"label\":\"icon\",\"description\":\"\",\"placeholder\":\"\",\"visible\":true,\"editable\":true},\"list\":{\"label\":\"icon\",\"searchable\":false,\"sortable\":false}},\"description\":{\"edit\":{\"label\":\"description\",\"description\":\"\",\"placeholder\":\"\",\"visible\":true,\"editable\":true},\"list\":{\"label\":\"description\",\"searchable\":true,\"sortable\":true}},\"role\":{\"edit\":{\"label\":\"role\",\"description\":\"\",\"placeholder\":\"\",\"visible\":true,\"editable\":true},\"list\":{\"label\":\"role\",\"searchable\":true,\"sortable\":true}},\"email\":{\"edit\":{\"label\":\"email\",\"description\":\"\",\"placeholder\":\"\",\"visible\":true,\"editable\":true},\"list\":{\"label\":\"email\",\"searchable\":true,\"sortable\":true}},\"hotline\":{\"edit\":{\"label\":\"hotline\",\"description\":\"\",\"placeholder\":\"\",\"visible\":true,\"editable\":true},\"list\":{\"label\":\"hotline\",\"searchable\":true,\"sortable\":true}},\"formatted_hotline\":{\"edit\":{\"label\":\"formatted_hotline\",\"description\":\"\",\"placeholder\":\"\",\"visible\":true,\"editable\":true},\"list\":{\"label\":\"formatted_hotline\",\"searchable\":true,\"sortable\":true}}},\"layouts\":{\"list\":[\"id\",\"title\",\"icon\",\"description\"],\"edit\":[[{\"name\":\"title\",\"size\":6},{\"name\":\"icon\",\"size\":6}],[{\"name\":\"description\",\"size\":6},{\"name\":\"role\",\"size\":6}],[{\"name\":\"hotline\",\"size\":4},{\"name\":\"email\",\"size\":6}],[{\"name\":\"formatted_hotline\",\"size\":6}]]},\"isComponent\":true}','object',NULL,NULL),(89,'plugin_content_manager_configuration_content_types::api::contact.contact','{\"uid\":\"api::contact.contact\",\"settings\":{\"bulkable\":true,\"filterable\":true,\"searchable\":true,\"pageSize\":10,\"mainField\":\"id\",\"defaultSortBy\":\"id\",\"defaultSortOrder\":\"ASC\"},\"metadatas\":{\"id\":{\"edit\":{},\"list\":{\"label\":\"id\",\"searchable\":true,\"sortable\":true}},\"banner\":{\"edit\":{\"label\":\"banner\",\"description\":\"nh ba mn Lin h\",\"placeholder\":\"\",\"visible\":true,\"editable\":true},\"list\":{\"label\":\"banner\",\"searchable\":false,\"sortable\":false}},\"contacts\":{\"edit\":{\"label\":\"contacts\",\"description\":\"\",\"placeholder\":\"\",\"visible\":true,\"editable\":true},\"list\":{\"label\":\"contacts\",\"searchable\":false,\"sortable\":false}},\"SEO\":{\"edit\":{\"label\":\"SEO\",\"description\":\"\",\"placeholder\":\"\",\"visible\":true,\"editable\":true},\"list\":{\"label\":\"SEO\",\"searchable\":false,\"sortable\":false}},\"createdAt\":{\"edit\":{\"label\":\"createdAt\",\"description\":\"\",\"placeholder\":\"\",\"visible\":false,\"editable\":true},\"list\":{\"label\":\"createdAt\",\"searchable\":true,\"sortable\":true}},\"updatedAt\":{\"edit\":{\"label\":\"updatedAt\",\"description\":\"\",\"placeholder\":\"\",\"visible\":false,\"editable\":true},\"list\":{\"label\":\"updatedAt\",\"searchable\":true,\"sortable\":true}}},\"layouts\":{\"edit\":[[{\"name\":\"banner\",\"size\":6}],[{\"name\":\"contacts\",\"size\":12}],[{\"name\":\"SEO\",\"size\":12}]],\"list\":[\"id\",\"banner\",\"contacts\",\"createdAt\"]}}','object',NULL,NULL),(91,'plugin_content_manager_configuration_content_types::api::list-new.list-new','{\"uid\":\"api::list-new.list-new\",\"settings\":{\"bulkable\":true,\"filterable\":true,\"searchable\":true,\"pageSize\":10,\"mainField\":\"id\",\"defaultSortBy\":\"id\",\"defaultSortOrder\":\"ASC\"},\"metadatas\":{\"id\":{\"edit\":{},\"list\":{\"label\":\"id\",\"searchable\":true,\"sortable\":true}},\"banner\":{\"edit\":{\"label\":\"banner\",\"description\":\"nh ba cho mt loi trang tin tc\",\"placeholder\":\"\",\"visible\":true,\"editable\":true},\"list\":{\"label\":\"banner\",\"searchable\":false,\"sortable\":false}},\"type\":{\"edit\":{\"label\":\"type\",\"description\":\"Kiu tin tc\",\"placeholder\":\"\",\"visible\":true,\"editable\":true},\"list\":{\"label\":\"type\",\"searchable\":true,\"sortable\":true}},\"createdAt\":{\"edit\":{\"label\":\"createdAt\",\"description\":\"\",\"placeholder\":\"\",\"visible\":false,\"editable\":true},\"list\":{\"label\":\"createdAt\",\"searchable\":true,\"sortable\":true}},\"updatedAt\":{\"edit\":{\"label\":\"updatedAt\",\"description\":\"\",\"placeholder\":\"\",\"visible\":false,\"editable\":true},\"list\":{\"label\":\"updatedAt\",\"searchable\":true,\"sortable\":true}}},\"layouts\":{\"edit\":[[{\"name\":\"banner\",\"size\":6},{\"name\":\"type\",\"size\":6}]],\"list\":[\"id\",\"banner\",\"createdAt\",\"type\"]}}','object',NULL,NULL),(92,'plugin_content_manager_configuration_content_types::api::country.country','{\"uid\":\"api::country.country\",\"settings\":{\"bulkable\":true,\"filterable\":true,\"searchable\":true,\"pageSize\":10,\"mainField\":\"name\",\"defaultSortBy\":\"name\",\"defaultSortOrder\":\"ASC\"},\"metadatas\":{\"id\":{\"edit\":{},\"list\":{\"label\":\"id\",\"searchable\":true,\"sortable\":true}},\"name\":{\"edit\":{\"label\":\"name\",\"description\":\"\",\"placeholder\":\"\",\"visible\":true,\"editable\":true},\"list\":{\"label\":\"name\",\"searchable\":true,\"sortable\":true}},\"fullname\":{\"edit\":{\"label\":\"fullname\",\"description\":\"\",\"placeholder\":\"\",\"visible\":true,\"editable\":true},\"list\":{\"label\":\"fullname\",\"searchable\":true,\"sortable\":true}},\"createdAt\":{\"edit\":{\"label\":\"createdAt\",\"description\":\"\",\"placeholder\":\"\",\"visible\":false,\"editable\":true},\"list\":{\"label\":\"createdAt\",\"searchable\":true,\"sortable\":true}},\"updatedAt\":{\"edit\":{\"label\":\"updatedAt\",\"description\":\"\",\"placeholder\":\"\",\"visible\":false,\"editable\":true},\"list\":{\"label\":\"updatedAt\",\"searchable\":true,\"sortable\":true}}},\"layouts\":{\"list\":[\"id\",\"name\",\"fullname\",\"createdAt\"],\"edit\":[[{\"name\":\"name\",\"size\":6},{\"name\":\"fullname\",\"size\":6}]]}}','object',NULL,NULL),(93,'plugin_content_manager_configuration_content_types::api::province.province','{\"uid\":\"api::province.province\",\"settings\":{\"bulkable\":true,\"filterable\":true,\"searchable\":true,\"pageSize\":10,\"mainField\":\"name\",\"defaultSortBy\":\"name\",\"defaultSortOrder\":\"ASC\"},\"metadatas\":{\"id\":{\"edit\":{},\"list\":{\"label\":\"id\",\"searchable\":true,\"sortable\":true}},\"name\":{\"edit\":{\"label\":\"name\",\"description\":\"\",\"placeholder\":\"\",\"visible\":true,\"editable\":true},\"list\":{\"label\":\"name\",\"searchable\":true,\"sortable\":true}},\"fullname\":{\"edit\":{\"label\":\"fullname\",\"description\":\"\",\"placeholder\":\"\",\"visible\":true,\"editable\":true},\"list\":{\"label\":\"fullname\",\"searchable\":true,\"sortable\":true}},\"createdAt\":{\"edit\":{\"label\":\"createdAt\",\"description\":\"\",\"placeholder\":\"\",\"visible\":false,\"editable\":true},\"list\":{\"label\":\"createdAt\",\"searchable\":true,\"sortable\":true}},\"updatedAt\":{\"edit\":{\"label\":\"updatedAt\",\"description\":\"\",\"placeholder\":\"\",\"visible\":false,\"editable\":true},\"list\":{\"label\":\"updatedAt\",\"searchable\":true,\"sortable\":true}}},\"layouts\":{\"list\":[\"id\",\"name\",\"fullname\",\"createdAt\"],\"edit\":[[{\"name\":\"name\",\"size\":6},{\"name\":\"fullname\",\"size\":6}]]}}','object',NULL,NULL),(94,'plugin_content_manager_configuration_content_types::api::customer-contact.customer-contact','{\"uid\":\"api::customer-contact.customer-contact\",\"settings\":{\"bulkable\":true,\"filterable\":true,\"searchable\":true,\"pageSize\":10,\"mainField\":\"title\",\"defaultSortBy\":\"title\",\"defaultSortOrder\":\"ASC\"},\"metadatas\":{\"id\":{\"edit\":{},\"list\":{\"label\":\"id\",\"searchable\":true,\"sortable\":true}},\"title\":{\"edit\":{\"label\":\"title\",\"description\":\"\",\"placeholder\":\"\",\"visible\":true,\"editable\":true},\"list\":{\"label\":\"title\",\"searchable\":true,\"sortable\":true}},\"fullname\":{\"edit\":{\"label\":\"fullname\",\"description\":\"\",\"placeholder\":\"\",\"visible\":true,\"editable\":true},\"list\":{\"label\":\"fullname\",\"searchable\":true,\"sortable\":true}},\"phone_number\":{\"edit\":{\"label\":\"phone_number\",\"description\":\"\",\"placeholder\":\"\",\"visible\":true,\"editable\":true},\"list\":{\"label\":\"phone_number\",\"searchable\":true,\"sortable\":true}},\"address\":{\"edit\":{\"label\":\"address\",\"description\":\"\",\"placeholder\":\"\",\"visible\":true,\"editable\":true},\"list\":{\"label\":\"address\",\"searchable\":true,\"sortable\":true}},\"email\":{\"edit\":{\"label\":\"email\",\"description\":\"\",\"placeholder\":\"\",\"visible\":true,\"editable\":true},\"list\":{\"label\":\"email\",\"searchable\":true,\"sortable\":true}},\"content\":{\"edit\":{\"label\":\"content\",\"description\":\"\",\"placeholder\":\"\",\"visible\":true,\"editable\":true},\"list\":{\"label\":\"content\",\"searchable\":true,\"sortable\":true}},\"createdAt\":{\"edit\":{\"label\":\"createdAt\",\"description\":\"\",\"placeholder\":\"\",\"visible\":false,\"editable\":true},\"list\":{\"label\":\"createdAt\",\"searchable\":true,\"sortable\":true}},\"updatedAt\":{\"edit\":{\"label\":\"updatedAt\",\"description\":\"\",\"placeholder\":\"\",\"visible\":false,\"editable\":true},\"list\":{\"label\":\"updatedAt\",\"searchable\":true,\"sortable\":true}}},\"layouts\":{\"edit\":[[{\"name\":\"title\",\"size\":6},{\"name\":\"fullname\",\"size\":6}],[{\"name\":\"phone_number\",\"size\":6},{\"name\":\"address\",\"size\":6}],[{\"name\":\"email\",\"size\":6},{\"name\":\"content\",\"size\":6}]],\"list\":[\"id\",\"title\",\"fullname\",\"email\"]}}','object',NULL,NULL),(95,'plugin_content_manager_configuration_content_types::api::order.order','{\"uid\":\"api::order.order\",\"settings\":{\"bulkable\":true,\"filterable\":true,\"searchable\":true,\"pageSize\":10,\"mainField\":\"fullname\",\"defaultSortBy\":\"fullname\",\"defaultSortOrder\":\"ASC\"},\"metadatas\":{\"id\":{\"edit\":{},\"list\":{\"label\":\"id\",\"searchable\":true,\"sortable\":true}},\"fullname\":{\"edit\":{\"label\":\"fullname\",\"description\":\"\",\"placeholder\":\"\",\"visible\":true,\"editable\":true},\"list\":{\"label\":\"fullname\",\"searchable\":true,\"sortable\":true}},\"phone_number\":{\"edit\":{\"label\":\"phone_number\",\"description\":\"\",\"placeholder\":\"\",\"visible\":true,\"editable\":true},\"list\":{\"label\":\"phone_number\",\"searchable\":true,\"sortable\":true}},\"email\":{\"edit\":{\"label\":\"email\",\"description\":\"\",\"placeholder\":\"\",\"visible\":true,\"editable\":true},\"list\":{\"label\":\"email\",\"searchable\":true,\"sortable\":true}},\"service\":{\"edit\":{\"label\":\"service\",\"description\":\"\",\"placeholder\":\"\",\"visible\":true,\"editable\":true},\"list\":{\"label\":\"service\",\"searchable\":true,\"sortable\":true}},\"from\":{\"edit\":{\"label\":\"from\",\"description\":\"\",\"placeholder\":\"\",\"visible\":true,\"editable\":true},\"list\":{\"label\":\"from\",\"searchable\":true,\"sortable\":true}},\"to\":{\"edit\":{\"label\":\"to\",\"description\":\"\",\"placeholder\":\"\",\"visible\":true,\"editable\":true},\"list\":{\"label\":\"to\",\"searchable\":true,\"sortable\":true}},\"note\":{\"edit\":{\"label\":\"note\",\"description\":\"\",\"placeholder\":\"\",\"visible\":true,\"editable\":true},\"list\":{\"label\":\"note\",\"searchable\":true,\"sortable\":true}},\"service_type\":{\"edit\":{\"label\":\"service_type\",\"description\":\"\",\"placeholder\":\"\",\"visible\":true,\"editable\":true},\"list\":{\"label\":\"service_type\",\"searchable\":true,\"sortable\":true}},\"weight\":{\"edit\":{\"label\":\"weight\",\"description\":\"\",\"placeholder\":\"\",\"visible\":true,\"editable\":true},\"list\":{\"label\":\"weight\",\"searchable\":true,\"sortable\":true}},\"createdAt\":{\"edit\":{\"label\":\"createdAt\",\"description\":\"\",\"placeholder\":\"\",\"visible\":false,\"editable\":true},\"list\":{\"label\":\"createdAt\",\"searchable\":true,\"sortable\":true}},\"updatedAt\":{\"edit\":{\"label\":\"updatedAt\",\"description\":\"\",\"placeholder\":\"\",\"visible\":false,\"editable\":true},\"list\":{\"label\":\"updatedAt\",\"searchable\":true,\"sortable\":true}}},\"layouts\":{\"list\":[\"id\",\"fullname\",\"phone_number\",\"email\"],\"edit\":[[{\"name\":\"fullname\",\"size\":6},{\"name\":\"phone_number\",\"size\":6}],[{\"name\":\"email\",\"size\":6},{\"name\":\"service\",\"size\":6}],[{\"name\":\"from\",\"size\":6},{\"name\":\"to\",\"size\":6}],[{\"name\":\"note\",\"size\":6},{\"name\":\"service_type\",\"size\":6}],[{\"name\":\"weight\",\"size\":4}]]}}','object',NULL,NULL),(96,'plugin_content_manager_configuration_components::common.price-table','{\"uid\":\"common.price-table\",\"settings\":{\"bulkable\":true,\"filterable\":true,\"searchable\":true,\"pageSize\":10,\"mainField\":\"title\",\"defaultSortBy\":\"title\",\"defaultSortOrder\":\"ASC\"},\"metadatas\":{\"id\":{\"edit\":{},\"list\":{\"label\":\"id\",\"searchable\":false,\"sortable\":false}},\"title\":{\"edit\":{\"label\":\"title\",\"description\":\"\",\"placeholder\":\"\",\"visible\":true,\"editable\":true},\"list\":{\"label\":\"title\",\"searchable\":true,\"sortable\":true}},\"price_image\":{\"edit\":{\"label\":\"price_image\",\"description\":\"\",\"placeholder\":\"\",\"visible\":true,\"editable\":true},\"list\":{\"label\":\"price_image\",\"searchable\":false,\"sortable\":false}}},\"layouts\":{\"list\":[\"id\",\"title\",\"price_image\"],\"edit\":[[{\"name\":\"title\",\"size\":6},{\"name\":\"price_image\",\"size\":6}]]},\"isComponent\":true}','object',NULL,NULL),(97,'plugin_content_manager_configuration_content_types::plugin::slugify.slug','{\"uid\":\"plugin::slugify.slug\",\"settings\":{\"bulkable\":true,\"filterable\":true,\"searchable\":true,\"pageSize\":10,\"mainField\":\"id\",\"defaultSortBy\":\"id\",\"defaultSortOrder\":\"ASC\"},\"metadatas\":{\"id\":{\"edit\":{},\"list\":{\"label\":\"id\",\"searchable\":true,\"sortable\":true}},\"slug\":{\"edit\":{\"label\":\"slug\",\"description\":\"\",\"placeholder\":\"\",\"visible\":true,\"editable\":true},\"list\":{\"label\":\"slug\",\"searchable\":true,\"sortable\":true}},\"count\":{\"edit\":{\"label\":\"count\",\"description\":\"\",\"placeholder\":\"\",\"visible\":true,\"editable\":true},\"list\":{\"label\":\"count\",\"searchable\":true,\"sortable\":true}},\"createdAt\":{\"edit\":{\"label\":\"createdAt\",\"description\":\"\",\"placeholder\":\"\",\"visible\":false,\"editable\":true},\"list\":{\"label\":\"createdAt\",\"searchable\":true,\"sortable\":true}},\"updatedAt\":{\"edit\":{\"label\":\"updatedAt\",\"description\":\"\",\"placeholder\":\"\",\"visible\":false,\"editable\":true},\"list\":{\"label\":\"updatedAt\",\"searchable\":true,\"sortable\":true}}},\"layouts\":{\"list\":[\"id\",\"slug\",\"count\",\"createdAt\"],\"edit\":[[{\"name\":\"slug\",\"size\":6},{\"name\":\"count\",\"size\":4}]]}}','object',NULL,NULL),(98,'plugin_content_manager_configuration_components::home.banner','{\"uid\":\"home.banner\",\"settings\":{\"bulkable\":true,\"filterable\":true,\"searchable\":true,\"pageSize\":10,\"mainField\":\"url\",\"defaultSortBy\":\"url\",\"defaultSortOrder\":\"ASC\"},\"metadatas\":{\"id\":{\"edit\":{},\"list\":{\"label\":\"id\",\"searchable\":false,\"sortable\":false}},\"image\":{\"edit\":{\"label\":\"image\",\"description\":\"\",\"placeholder\":\"\",\"visible\":true,\"editable\":true},\"list\":{\"label\":\"image\",\"searchable\":false,\"sortable\":false}},\"url\":{\"edit\":{\"label\":\"url\",\"description\":\"\",\"placeholder\":\"\",\"visible\":true,\"editable\":true},\"list\":{\"label\":\"url\",\"searchable\":true,\"sortable\":true}}},\"layouts\":{\"list\":[\"id\",\"image\",\"url\"],\"edit\":[[{\"name\":\"image\",\"size\":6},{\"name\":\"url\",\"size\":6}]]},\"isComponent\":true}','object',NULL,NULL),(99,'plugin_content_manager_configuration_components::introduce.feature','{\"uid\":\"introduce.feature\",\"settings\":{\"bulkable\":true,\"filterable\":true,\"searchable\":true,\"pageSize\":10,\"mainField\":\"title\",\"defaultSortBy\":\"title\",\"defaultSortOrder\":\"ASC\"},\"metadatas\":{\"id\":{\"edit\":{},\"list\":{\"label\":\"id\",\"searchable\":false,\"sortable\":false}},\"title\":{\"edit\":{\"label\":\"title\",\"description\":\"\",\"placeholder\":\"\",\"visible\":true,\"editable\":true},\"list\":{\"label\":\"title\",\"searchable\":true,\"sortable\":true}},\"icon\":{\"edit\":{\"label\":\"icon\",\"description\":\"\",\"placeholder\":\"\",\"visible\":true,\"editable\":true},\"list\":{\"label\":\"icon\",\"searchable\":false,\"sortable\":false}},\"number\":{\"edit\":{\"label\":\"number\",\"description\":\"\",\"placeholder\":\"\",\"visible\":true,\"editable\":true},\"list\":{\"label\":\"number\",\"searchable\":true,\"sortable\":true}}},\"layouts\":{\"list\":[\"id\",\"title\",\"icon\",\"number\"],\"edit\":[[{\"name\":\"title\",\"size\":6},{\"name\":\"icon\",\"size\":6}],[{\"name\":\"number\",\"size\":4}]]},\"isComponent\":true}','object',NULL,NULL),(101,'plugin_content_manager_configuration_content_types::api::rail-transportation.rail-transportation','{\"uid\":\"api::rail-transportation.rail-transportation\",\"settings\":{\"bulkable\":true,\"filterable\":true,\"searchable\":true,\"pageSize\":10,\"mainField\":\"id\",\"defaultSortBy\":\"id\",\"defaultSortOrder\":\"ASC\"},\"metadatas\":{\"id\":{\"edit\":{},\"list\":{\"label\":\"id\",\"searchable\":true,\"sortable\":true}},\"description\":{\"edit\":{\"label\":\"description\",\"description\":\"\",\"placeholder\":\"\",\"visible\":true,\"editable\":true},\"list\":{\"label\":\"description\",\"searchable\":false,\"sortable\":false}},\"features\":{\"edit\":{\"label\":\"features\",\"description\":\"\",\"placeholder\":\"\",\"visible\":true,\"editable\":true},\"list\":{\"label\":\"features\",\"searchable\":false,\"sortable\":false}},\"services\":{\"edit\":{\"label\":\"services\",\"description\":\"\",\"placeholder\":\"\",\"visible\":true,\"editable\":true},\"list\":{\"label\":\"services\",\"searchable\":false,\"sortable\":false}},\"service_image\":{\"edit\":{\"label\":\"service_image\",\"description\":\"\",\"placeholder\":\"\",\"visible\":true,\"editable\":true},\"list\":{\"label\":\"service_image\",\"searchable\":false,\"sortable\":false}},\"advantages\":{\"edit\":{\"label\":\"advantages\",\"description\":\"\",\"placeholder\":\"\",\"visible\":true,\"editable\":true},\"list\":{\"label\":\"advantages\",\"searchable\":false,\"sortable\":false}},\"advantag_image\":{\"edit\":{\"label\":\"advantag_image\",\"description\":\"\",\"placeholder\":\"\",\"visible\":true,\"editable\":true},\"list\":{\"label\":\"advantag_image\",\"searchable\":false,\"sortable\":false}},\"others\":{\"edit\":{\"label\":\"others\",\"description\":\"\",\"placeholder\":\"\",\"visible\":true,\"editable\":true},\"list\":{\"label\":\"others\",\"searchable\":false,\"sortable\":false}},\"SEO\":{\"edit\":{\"label\":\"SEO\",\"description\":\"\",\"placeholder\":\"\",\"visible\":true,\"editable\":true},\"list\":{\"label\":\"SEO\",\"searchable\":false,\"sortable\":false}},\"banner\":{\"edit\":{\"label\":\"banner\",\"description\":\"\",\"placeholder\":\"\",\"visible\":true,\"editable\":true},\"list\":{\"label\":\"banner\",\"searchable\":false,\"sortable\":false}},\"price_table\":{\"edit\":{\"label\":\"price_table\",\"description\":\"\",\"placeholder\":\"\",\"visible\":true,\"editable\":true},\"list\":{\"label\":\"price_table\",\"searchable\":false,\"sortable\":false}},\"createdAt\":{\"edit\":{\"label\":\"createdAt\",\"description\":\"\",\"placeholder\":\"\",\"visible\":false,\"editable\":true},\"list\":{\"label\":\"createdAt\",\"searchable\":true,\"sortable\":true}},\"updatedAt\":{\"edit\":{\"label\":\"updatedAt\",\"description\":\"\",\"placeholder\":\"\",\"visible\":false,\"editable\":true},\"list\":{\"label\":\"updatedAt\",\"searchable\":true,\"sortable\":true}}},\"layouts\":{\"edit\":[[{\"name\":\"banner\",\"size\":6}],[{\"name\":\"description\",\"size\":12}],[{\"name\":\"features\",\"size\":12}],[{\"name\":\"services\",\"size\":12}],[{\"name\":\"service_image\",\"size\":6}],[{\"name\":\"advantages\",\"size\":12}],[{\"name\":\"advantag_image\",\"size\":6}],[{\"name\":\"price_table\",\"size\":12}],[{\"name\":\"others\",\"size\":12}],[{\"name\":\"SEO\",\"size\":12}]],\"list\":[\"id\",\"features\",\"createdAt\",\"updatedAt\"]}}','object',NULL,NULL),(102,'plugin_content_manager_configuration_components::rail.service','{\"uid\":\"rail.service\",\"settings\":{\"bulkable\":true,\"filterable\":true,\"searchable\":true,\"pageSize\":10,\"mainField\":\"title\",\"defaultSortBy\":\"title\",\"defaultSortOrder\":\"ASC\"},\"metadatas\":{\"id\":{\"edit\":{},\"list\":{\"label\":\"id\",\"searchable\":false,\"sortable\":false}},\"title\":{\"edit\":{\"label\":\"title\",\"description\":\"\",\"placeholder\":\"\",\"visible\":true,\"editable\":true},\"list\":{\"label\":\"title\",\"searchable\":true,\"sortable\":true}}},\"layouts\":{\"list\":[\"id\",\"title\"],\"edit\":[[{\"name\":\"title\",\"size\":6}]]},\"isComponent\":true}','object',NULL,NULL),(103,'plugin_content_manager_configuration_content_types::api::sea-transport.sea-transport','{\"uid\":\"api::sea-transport.sea-transport\",\"settings\":{\"bulkable\":true,\"filterable\":true,\"searchable\":true,\"pageSize\":10,\"mainField\":\"id\",\"defaultSortBy\":\"id\",\"defaultSortOrder\":\"ASC\"},\"metadatas\":{\"id\":{\"edit\":{},\"list\":{\"label\":\"id\",\"searchable\":true,\"sortable\":true}},\"banner\":{\"edit\":{\"label\":\"banner\",\"description\":\"\",\"placeholder\":\"\",\"visible\":true,\"editable\":true},\"list\":{\"label\":\"banner\",\"searchable\":false,\"sortable\":false}},\"description\":{\"edit\":{\"label\":\"description\",\"description\":\"\",\"placeholder\":\"\",\"visible\":true,\"editable\":true},\"list\":{\"label\":\"description\",\"searchable\":false,\"sortable\":false}},\"features\":{\"edit\":{\"label\":\"features\",\"description\":\"\",\"placeholder\":\"\",\"visible\":true,\"editable\":true},\"list\":{\"label\":\"features\",\"searchable\":false,\"sortable\":false}},\"domestic_services\":{\"edit\":{\"label\":\"domestic_services\",\"description\":\"\",\"placeholder\":\"\",\"visible\":true,\"editable\":true},\"list\":{\"label\":\"domestic_services\",\"searchable\":false,\"sortable\":false}},\"domestic_image\":{\"edit\":{\"label\":\"domestic_image\",\"description\":\"\",\"placeholder\":\"\",\"visible\":true,\"editable\":true},\"list\":{\"label\":\"domestic_image\",\"searchable\":false,\"sortable\":false}},\"services\":{\"edit\":{\"label\":\"services\",\"description\":\"\",\"placeholder\":\"\",\"visible\":true,\"editable\":true},\"list\":{\"label\":\"services\",\"searchable\":false,\"sortable\":false}},\"SEO\":{\"edit\":{\"label\":\"SEO\",\"description\":\"\",\"placeholder\":\"\",\"visible\":true,\"editable\":true},\"list\":{\"label\":\"SEO\",\"searchable\":false,\"sortable\":false}},\"others\":{\"edit\":{\"label\":\"others\",\"description\":\"\",\"placeholder\":\"\",\"visible\":true,\"editable\":true},\"list\":{\"label\":\"others\",\"searchable\":false,\"sortable\":false}},\"domestic_price\":{\"edit\":{\"label\":\"domestic_price\",\"description\":\"\",\"placeholder\":\"\",\"visible\":true,\"editable\":true},\"list\":{\"label\":\"domestic_price\",\"searchable\":false,\"sortable\":false}},\"createdAt\":{\"edit\":{\"label\":\"createdAt\",\"description\":\"\",\"placeholder\":\"\",\"visible\":false,\"editable\":true},\"list\":{\"label\":\"createdAt\",\"searchable\":true,\"sortable\":true}},\"updatedAt\":{\"edit\":{\"label\":\"updatedAt\",\"description\":\"\",\"placeholder\":\"\",\"visible\":false,\"editable\":true},\"list\":{\"label\":\"updatedAt\",\"searchable\":true,\"sortable\":true}}},\"layouts\":{\"edit\":[[{\"name\":\"banner\",\"size\":6}],[{\"name\":\"description\",\"size\":12}],[{\"name\":\"features\",\"size\":12}],[{\"name\":\"domestic_services\",\"size\":12}],[{\"name\":\"domestic_image\",\"size\":6}],[{\"name\":\"services\",\"size\":12}],[{\"name\":\"domestic_price\",\"size\":12}],[{\"name\":\"others\",\"size\":12}],[{\"name\":\"SEO\",\"size\":12}]],\"list\":[\"id\",\"banner\",\"createdAt\",\"updatedAt\"]}}','object',NULL,NULL),(104,'plugin_content_manager_configuration_components::sea.feature','{\"uid\":\"sea.feature\",\"settings\":{\"bulkable\":true,\"filterable\":true,\"searchable\":true,\"pageSize\":10,\"mainField\":\"unit\",\"defaultSortBy\":\"unit\",\"defaultSortOrder\":\"ASC\"},\"metadatas\":{\"id\":{\"edit\":{},\"list\":{\"label\":\"id\",\"searchable\":false,\"sortable\":false}},\"from\":{\"edit\":{\"label\":\"from\",\"description\":\"\",\"placeholder\":\"\",\"visible\":true,\"editable\":true},\"list\":{\"label\":\"from\",\"searchable\":true,\"sortable\":true}},\"to\":{\"edit\":{\"label\":\"to\",\"description\":\"\",\"placeholder\":\"\",\"visible\":true,\"editable\":true},\"list\":{\"label\":\"to\",\"searchable\":true,\"sortable\":true}},\"unit\":{\"edit\":{\"label\":\"unit\",\"description\":\"\",\"placeholder\":\"\",\"visible\":true,\"editable\":true},\"list\":{\"label\":\"unit\",\"searchable\":true,\"sortable\":true}},\"title\":{\"edit\":{\"label\":\"title\",\"description\":\"\",\"placeholder\":\"\",\"visible\":true,\"editable\":true},\"list\":{\"label\":\"title\",\"searchable\":true,\"sortable\":true}},\"image\":{\"edit\":{\"label\":\"image\",\"description\":\"\",\"placeholder\":\"\",\"visible\":true,\"editable\":true},\"list\":{\"label\":\"image\",\"searchable\":false,\"sortable\":false}}},\"layouts\":{\"list\":[\"id\",\"from\",\"to\",\"unit\"],\"edit\":[[{\"name\":\"from\",\"size\":4},{\"name\":\"to\",\"size\":4}],[{\"name\":\"unit\",\"size\":6},{\"name\":\"title\",\"size\":6}],[{\"name\":\"image\",\"size\":6}]]},\"isComponent\":true}','object',NULL,NULL),(105,'plugin_content_manager_configuration_components::sea.service','{\"uid\":\"sea.service\",\"settings\":{\"bulkable\":true,\"filterable\":true,\"searchable\":true,\"pageSize\":10,\"mainField\":\"title\",\"defaultSortBy\":\"title\",\"defaultSortOrder\":\"ASC\"},\"metadatas\":{\"id\":{\"edit\":{},\"list\":{\"label\":\"id\",\"searchable\":false,\"sortable\":false}},\"icon\":{\"edit\":{\"label\":\"icon\",\"description\":\"\",\"placeholder\":\"\",\"visible\":true,\"editable\":true},\"list\":{\"label\":\"icon\",\"searchable\":false,\"sortable\":false}},\"title\":{\"edit\":{\"label\":\"title\",\"description\":\"\",\"placeholder\":\"\",\"visible\":true,\"editable\":true},\"list\":{\"label\":\"title\",\"searchable\":true,\"sortable\":true}},\"name\":{\"edit\":{\"label\":\"name\",\"description\":\"\",\"placeholder\":\"\",\"visible\":true,\"editable\":true},\"list\":{\"label\":\"name\",\"searchable\":true,\"sortable\":true}},\"price_table\":{\"edit\":{\"label\":\"price_table\",\"description\":\"\",\"placeholder\":\"\",\"visible\":true,\"editable\":true},\"list\":{\"label\":\"price_table\",\"searchable\":false,\"sortable\":false}},\"properties\":{\"edit\":{\"label\":\"properties\",\"description\":\"\",\"placeholder\":\"\",\"visible\":true,\"editable\":true},\"list\":{\"label\":\"properties\",\"searchable\":false,\"sortable\":false}}},\"layouts\":{\"list\":[\"id\",\"icon\",\"title\",\"name\"],\"edit\":[[{\"name\":\"icon\",\"size\":6},{\"name\":\"title\",\"size\":6}],[{\"name\":\"name\",\"size\":6}],[{\"name\":\"price_table\",\"size\":12}],[{\"name\":\"properties\",\"size\":12}]]},\"isComponent\":true}','object',NULL,NULL),(106,'plugin_content_manager_configuration_content_types::api::air-transport.air-transport','{\"uid\":\"api::air-transport.air-transport\",\"settings\":{\"bulkable\":true,\"filterable\":true,\"searchable\":true,\"pageSize\":10,\"mainField\":\"id\",\"defaultSortBy\":\"id\",\"defaultSortOrder\":\"ASC\"},\"metadatas\":{\"id\":{\"edit\":{},\"list\":{\"label\":\"id\",\"searchable\":true,\"sortable\":true}},\"banner\":{\"edit\":{\"label\":\"banner\",\"description\":\"\",\"placeholder\":\"\",\"visible\":true,\"editable\":true},\"list\":{\"label\":\"banner\",\"searchable\":false,\"sortable\":false}},\"description\":{\"edit\":{\"label\":\"description\",\"description\":\"\",\"placeholder\":\"\",\"visible\":true,\"editable\":true},\"list\":{\"label\":\"description\",\"searchable\":false,\"sortable\":false}},\"features\":{\"edit\":{\"label\":\"features\",\"description\":\"\",\"placeholder\":\"\",\"visible\":true,\"editable\":true},\"list\":{\"label\":\"features\",\"searchable\":false,\"sortable\":false}},\"domestic_price\":{\"edit\":{\"label\":\"domestic_price\",\"description\":\"\",\"placeholder\":\"\",\"visible\":true,\"editable\":true},\"list\":{\"label\":\"domestic_price\",\"searchable\":false,\"sortable\":false}},\"domestic_image\":{\"edit\":{\"label\":\"domestic_image\",\"description\":\"\",\"placeholder\":\"\",\"visible\":true,\"editable\":true},\"list\":{\"label\":\"domestic_image\",\"searchable\":false,\"sortable\":false}},\"international_price_table\":{\"edit\":{\"label\":\"international_price_table\",\"description\":\"\",\"placeholder\":\"\",\"visible\":true,\"editable\":true},\"list\":{\"label\":\"international_price_table\",\"searchable\":false,\"sortable\":false}},\"others\":{\"edit\":{\"label\":\"others\",\"description\":\"\",\"placeholder\":\"\",\"visible\":true,\"editable\":true},\"list\":{\"label\":\"others\",\"searchable\":false,\"sortable\":false}},\"SEO\":{\"edit\":{\"label\":\"SEO\",\"description\":\"\",\"placeholder\":\"\",\"visible\":true,\"editable\":true},\"list\":{\"label\":\"SEO\",\"searchable\":false,\"sortable\":false}},\"domestic_services\":{\"edit\":{\"label\":\"domestic_services\",\"description\":\"\",\"placeholder\":\"\",\"visible\":true,\"editable\":true},\"list\":{\"label\":\"domestic_services\",\"searchable\":false,\"sortable\":false}},\"international_services\":{\"edit\":{\"label\":\"international_services\",\"description\":\"\",\"placeholder\":\"\",\"visible\":true,\"editable\":true},\"list\":{\"label\":\"international_services\",\"searchable\":false,\"sortable\":false}},\"international_image\":{\"edit\":{\"label\":\"international_image\",\"description\":\"\",\"placeholder\":\"\",\"visible\":true,\"editable\":true},\"list\":{\"label\":\"international_image\",\"searchable\":false,\"sortable\":false}},\"createdAt\":{\"edit\":{\"label\":\"createdAt\",\"description\":\"\",\"placeholder\":\"\",\"visible\":false,\"editable\":true},\"list\":{\"label\":\"createdAt\",\"searchable\":true,\"sortable\":true}},\"updatedAt\":{\"edit\":{\"label\":\"updatedAt\",\"description\":\"\",\"placeholder\":\"\",\"visible\":false,\"editable\":true},\"list\":{\"label\":\"updatedAt\",\"searchable\":true,\"sortable\":true}}},\"layouts\":{\"edit\":[[{\"name\":\"banner\",\"size\":6}],[{\"name\":\"description\",\"size\":12}],[{\"name\":\"features\",\"size\":12}],[{\"name\":\"domestic_price\",\"size\":12}],[{\"name\":\"domestic_image\",\"size\":6}],[{\"name\":\"domestic_services\",\"size\":12}],[{\"name\":\"international_services\",\"size\":12}],[{\"name\":\"international_image\",\"size\":6}],[{\"name\":\"international_price_table\",\"size\":12}],[{\"name\":\"others\",\"size\":12}],[{\"name\":\"SEO\",\"size\":12}]],\"list\":[\"id\",\"banner\",\"createdAt\",\"updatedAt\"]}}','object',NULL,NULL),(107,'plugin_content_manager_configuration_components::air.feature','{\"uid\":\"air.feature\",\"settings\":{\"bulkable\":true,\"filterable\":true,\"searchable\":true,\"pageSize\":10,\"mainField\":\"title\",\"defaultSortBy\":\"title\",\"defaultSortOrder\":\"ASC\"},\"metadatas\":{\"id\":{\"edit\":{},\"list\":{\"label\":\"id\",\"searchable\":false,\"sortable\":false}},\"icon\":{\"edit\":{\"label\":\"icon\",\"description\":\"\",\"placeholder\":\"\",\"visible\":true,\"editable\":true},\"list\":{\"label\":\"icon\",\"searchable\":false,\"sortable\":false}},\"title\":{\"edit\":{\"label\":\"title\",\"description\":\"\",\"placeholder\":\"\",\"visible\":true,\"editable\":true},\"list\":{\"label\":\"title\",\"searchable\":true,\"sortable\":true}}},\"layouts\":{\"list\":[\"id\",\"icon\",\"title\"],\"edit\":[[{\"name\":\"icon\",\"size\":6},{\"name\":\"title\",\"size\":6}]]},\"isComponent\":true}','object',NULL,NULL);
/*!40000 ALTER TABLE `strapi_core_store_settings` ENABLE KEYS */;
UNLOCK TABLES;

--
-- Table structure for table `strapi_database_schema`
--

DROP TABLE IF EXISTS `strapi_database_schema`;
/*!40101 SET @saved_cs_client     = @@character_set_client */;
/*!40101 SET character_set_client = utf8 */;
CREATE TABLE `strapi_database_schema` (
  `id` int(10) unsigned NOT NULL AUTO_INCREMENT,
  `schema` longtext CHARACTER SET utf8mb4 COLLATE utf8mb4_bin DEFAULT NULL CHECK (json_valid(`schema`)),
  `time` datetime DEFAULT NULL,
  `hash` varchar(255) DEFAULT NULL,
  PRIMARY KEY (`id`)
) ENGINE=InnoDB AUTO_INCREMENT=143 DEFAULT CHARSET=utf8mb4 COLLATE=utf8mb4_general_ci;
/*!40101 SET character_set_client = @saved_cs_client */;

--
-- Dumping data for table `strapi_database_schema`
--

LOCK TABLES `strapi_database_schema` WRITE;
/*!40000 ALTER TABLE `strapi_database_schema` DISABLE KEYS */;
INSERT INTO `strapi_database_schema` VALUES (142,'{\"tables\":[{\"name\":\"strapi_core_store_settings\",\"indexes\":[],\"foreignKeys\":[],\"columns\":[{\"name\":\"id\",\"type\":\"increments\",\"args\":[{\"primary\":true,\"primaryKey\":true}],\"defaultTo\":null,\"notNullable\":true,\"unsigned\":false},{\"name\":\"key\",\"type\":\"string\",\"args\":[],\"defaultTo\":null,\"notNullable\":false,\"unsigned\":false},{\"name\":\"value\",\"type\":\"text\",\"args\":[\"longtext\"],\"defaultTo\":null,\"notNullable\":false,\"unsigned\":false},{\"name\":\"type\",\"type\":\"string\",\"args\":[],\"defaultTo\":null,\"notNullable\":false,\"unsigned\":false},{\"name\":\"environment\",\"type\":\"string\",\"args\":[],\"defaultTo\":null,\"notNullable\":false,\"unsigned\":false},{\"name\":\"tag\",\"type\":\"string\",\"args\":[],\"defaultTo\":null,\"notNullable\":false,\"unsigned\":false}]},{\"name\":\"strapi_webhooks\",\"indexes\":[],\"foreignKeys\":[],\"columns\":[{\"name\":\"id\",\"type\":\"increments\",\"args\":[{\"primary\":true,\"primaryKey\":true}],\"defaultTo\":null,\"notNullable\":true,\"unsigned\":false},{\"name\":\"name\",\"type\":\"string\",\"args\":[],\"defaultTo\":null,\"notNullable\":false,\"unsigned\":false},{\"name\":\"url\",\"type\":\"text\",\"args\":[\"longtext\"],\"defaultTo\":null,\"notNullable\":false,\"unsigned\":false},{\"name\":\"headers\",\"type\":\"jsonb\",\"args\":[],\"defaultTo\":null,\"notNullable\":false,\"unsigned\":false},{\"name\":\"events\",\"type\":\"jsonb\",\"args\":[],\"defaultTo\":null,\"notNullable\":false,\"unsigned\":false},{\"name\":\"enabled\",\"type\":\"boolean\",\"args\":[],\"defaultTo\":null,\"notNullable\":false,\"unsigned\":false}]},{\"name\":\"admin_permissions\",\"indexes\":[{\"name\":\"admin_permissions_created_by_id_fk\",\"columns\":[\"created_by_id\"]},{\"name\":\"admin_permissions_updated_by_id_fk\",\"columns\":[\"updated_by_id\"]}],\"foreignKeys\":[{\"name\":\"admin_permissions_created_by_id_fk\",\"columns\":[\"created_by_id\"],\"referencedTable\":\"admin_users\",\"referencedColumns\":[\"id\"],\"onDelete\":\"SET NULL\"},{\"name\":\"admin_permissions_updated_by_id_fk\",\"columns\":[\"updated_by_id\"],\"referencedTable\":\"admin_users\",\"referencedColumns\":[\"id\"],\"onDelete\":\"SET NULL\"}],\"columns\":[{\"name\":\"id\",\"type\":\"increments\",\"args\":[{\"primary\":true,\"primaryKey\":true}],\"defaultTo\":null,\"notNullable\":true,\"unsigned\":false},{\"name\":\"action\",\"type\":\"string\",\"args\":[],\"defaultTo\":null,\"notNullable\":false,\"unsigned\":false},{\"name\":\"subject\",\"type\":\"string\",\"args\":[],\"defaultTo\":null,\"notNullable\":false,\"unsigned\":false},{\"name\":\"properties\",\"type\":\"jsonb\",\"args\":[],\"defaultTo\":null,\"notNullable\":false,\"unsigned\":false},{\"name\":\"conditions\",\"type\":\"jsonb\",\"args\":[],\"defaultTo\":null,\"notNullable\":false,\"unsigned\":false},{\"name\":\"created_at\",\"type\":\"datetime\",\"args\":[{\"useTz\":false,\"precision\":6}],\"defaultTo\":null,\"notNullable\":false,\"unsigned\":false},{\"name\":\"updated_at\",\"type\":\"datetime\",\"args\":[{\"useTz\":false,\"precision\":6}],\"defaultTo\":null,\"notNullable\":false,\"unsigned\":false},{\"name\":\"created_by_id\",\"type\":\"integer\",\"args\":[],\"defaultTo\":null,\"notNullable\":false,\"unsigned\":true},{\"name\":\"updated_by_id\",\"type\":\"integer\",\"args\":[],\"defaultTo\":null,\"notNullable\":false,\"unsigned\":true}]},{\"name\":\"admin_users\",\"indexes\":[{\"name\":\"admin_users_created_by_id_fk\",\"columns\":[\"created_by_id\"]},{\"name\":\"admin_users_updated_by_id_fk\",\"columns\":[\"updated_by_id\"]}],\"foreignKeys\":[{\"name\":\"admin_users_created_by_id_fk\",\"columns\":[\"created_by_id\"],\"referencedTable\":\"admin_users\",\"referencedColumns\":[\"id\"],\"onDelete\":\"SET NULL\"},{\"name\":\"admin_users_updated_by_id_fk\",\"columns\":[\"updated_by_id\"],\"referencedTable\":\"admin_users\",\"referencedColumns\":[\"id\"],\"onDelete\":\"SET NULL\"}],\"columns\":[{\"name\":\"id\",\"type\":\"increments\",\"args\":[{\"primary\":true,\"primaryKey\":true}],\"defaultTo\":null,\"notNullable\":true,\"unsigned\":false},{\"name\":\"firstname\",\"type\":\"string\",\"args\":[],\"defaultTo\":null,\"notNullable\":false,\"unsigned\":false},{\"name\":\"lastname\",\"type\":\"string\",\"args\":[],\"defaultTo\":null,\"notNullable\":false,\"unsigned\":false},{\"name\":\"username\",\"type\":\"string\",\"args\":[],\"defaultTo\":null,\"notNullable\":false,\"unsigned\":false},{\"name\":\"email\",\"type\":\"string\",\"args\":[],\"defaultTo\":null,\"notNullable\":false,\"unsigned\":false},{\"name\":\"password\",\"type\":\"string\",\"args\":[],\"defaultTo\":null,\"notNullable\":false,\"unsigned\":false},{\"name\":\"reset_password_token\",\"type\":\"string\",\"args\":[],\"defaultTo\":null,\"notNullable\":false,\"unsigned\":false},{\"name\":\"registration_token\",\"type\":\"string\",\"args\":[],\"defaultTo\":null,\"notNullable\":false,\"unsigned\":false},{\"name\":\"is_active\",\"type\":\"boolean\",\"args\":[],\"defaultTo\":null,\"notNullable\":false,\"unsigned\":false},{\"name\":\"blocked\",\"type\":\"boolean\",\"args\":[],\"defaultTo\":null,\"notNullable\":false,\"unsigned\":false},{\"name\":\"prefered_language\",\"type\":\"string\",\"args\":[],\"defaultTo\":null,\"notNullable\":false,\"unsigned\":false},{\"name\":\"created_at\",\"type\":\"datetime\",\"args\":[{\"useTz\":false,\"precision\":6}],\"defaultTo\":null,\"notNullable\":false,\"unsigned\":false},{\"name\":\"updated_at\",\"type\":\"datetime\",\"args\":[{\"useTz\":false,\"precision\":6}],\"defaultTo\":null,\"notNullable\":false,\"unsigned\":false},{\"name\":\"created_by_id\",\"type\":\"integer\",\"args\":[],\"defaultTo\":null,\"notNullable\":false,\"unsigned\":true},{\"name\":\"updated_by_id\",\"type\":\"integer\",\"args\":[],\"defaultTo\":null,\"notNullable\":false,\"unsigned\":true}]},{\"name\":\"admin_roles\",\"indexes\":[{\"name\":\"admin_roles_created_by_id_fk\",\"columns\":[\"created_by_id\"]},{\"name\":\"admin_roles_updated_by_id_fk\",\"columns\":[\"updated_by_id\"]}],\"foreignKeys\":[{\"name\":\"admin_roles_created_by_id_fk\",\"columns\":[\"created_by_id\"],\"referencedTable\":\"admin_users\",\"referencedColumns\":[\"id\"],\"onDelete\":\"SET NULL\"},{\"name\":\"admin_roles_updated_by_id_fk\",\"columns\":[\"updated_by_id\"],\"referencedTable\":\"admin_users\",\"referencedColumns\":[\"id\"],\"onDelete\":\"SET NULL\"}],\"columns\":[{\"name\":\"id\",\"type\":\"increments\",\"args\":[{\"primary\":true,\"primaryKey\":true}],\"defaultTo\":null,\"notNullable\":true,\"unsigned\":false},{\"name\":\"name\",\"type\":\"string\",\"args\":[],\"defaultTo\":null,\"notNullable\":false,\"unsigned\":false},{\"name\":\"code\",\"type\":\"string\",\"args\":[],\"defaultTo\":null,\"notNullable\":false,\"unsigned\":false},{\"name\":\"description\",\"type\":\"string\",\"args\":[],\"defaultTo\":null,\"notNullable\":false,\"unsigned\":false},{\"name\":\"created_at\",\"type\":\"datetime\",\"args\":[{\"useTz\":false,\"precision\":6}],\"defaultTo\":null,\"notNullable\":false,\"unsigned\":false},{\"name\":\"updated_at\",\"type\":\"datetime\",\"args\":[{\"useTz\":false,\"precision\":6}],\"defaultTo\":null,\"notNullable\":false,\"unsigned\":false},{\"name\":\"created_by_id\",\"type\":\"integer\",\"args\":[],\"defaultTo\":null,\"notNullable\":false,\"unsigned\":true},{\"name\":\"updated_by_id\",\"type\":\"integer\",\"args\":[],\"defaultTo\":null,\"notNullable\":false,\"unsigned\":true}]},{\"name\":\"strapi_api_tokens\",\"indexes\":[{\"name\":\"strapi_api_tokens_created_by_id_fk\",\"columns\":[\"created_by_id\"]},{\"name\":\"strapi_api_tokens_updated_by_id_fk\",\"columns\":[\"updated_by_id\"]}],\"foreignKeys\":[{\"name\":\"strapi_api_tokens_created_by_id_fk\",\"columns\":[\"created_by_id\"],\"referencedTable\":\"admin_users\",\"referencedColumns\":[\"id\"],\"onDelete\":\"SET NULL\"},{\"name\":\"strapi_api_tokens_updated_by_id_fk\",\"columns\":[\"updated_by_id\"],\"referencedTable\":\"admin_users\",\"referencedColumns\":[\"id\"],\"onDelete\":\"SET NULL\"}],\"columns\":[{\"name\":\"id\",\"type\":\"increments\",\"args\":[{\"primary\":true,\"primaryKey\":true}],\"defaultTo\":null,\"notNullable\":true,\"unsigned\":false},{\"name\":\"name\",\"type\":\"string\",\"args\":[],\"defaultTo\":null,\"notNullable\":false,\"unsigned\":false},{\"name\":\"description\",\"type\":\"string\",\"args\":[],\"defaultTo\":null,\"notNullable\":false,\"unsigned\":false},{\"name\":\"type\",\"type\":\"string\",\"args\":[],\"defaultTo\":null,\"notNullable\":false,\"unsigned\":false},{\"name\":\"access_key\",\"type\":\"string\",\"args\":[],\"defaultTo\":null,\"notNullable\":false,\"unsigned\":false},{\"name\":\"last_used_at\",\"type\":\"datetime\",\"args\":[{\"useTz\":false,\"precision\":6}],\"defaultTo\":null,\"notNullable\":false,\"unsigned\":false},{\"name\":\"expires_at\",\"type\":\"datetime\",\"args\":[{\"useTz\":false,\"precision\":6}],\"defaultTo\":null,\"notNullable\":false,\"unsigned\":false},{\"name\":\"lifespan\",\"type\":\"bigInteger\",\"args\":[],\"defaultTo\":null,\"notNullable\":false,\"unsigned\":false},{\"name\":\"created_at\",\"type\":\"datetime\",\"args\":[{\"useTz\":false,\"precision\":6}],\"defaultTo\":null,\"notNullable\":false,\"unsigned\":false},{\"name\":\"updated_at\",\"type\":\"datetime\",\"args\":[{\"useTz\":false,\"precision\":6}],\"defaultTo\":null,\"notNullable\":false,\"unsigned\":false},{\"name\":\"created_by_id\",\"type\":\"integer\",\"args\":[],\"defaultTo\":null,\"notNullable\":false,\"unsigned\":true},{\"name\":\"updated_by_id\",\"type\":\"integer\",\"args\":[],\"defaultTo\":null,\"notNullable\":false,\"unsigned\":true}]},{\"name\":\"strapi_api_token_permissions\",\"indexes\":[{\"name\":\"strapi_api_token_permissions_created_by_id_fk\",\"columns\":[\"created_by_id\"]},{\"name\":\"strapi_api_token_permissions_updated_by_id_fk\",\"columns\":[\"updated_by_id\"]}],\"foreignKeys\":[{\"name\":\"strapi_api_token_permissions_created_by_id_fk\",\"columns\":[\"created_by_id\"],\"referencedTable\":\"admin_users\",\"referencedColumns\":[\"id\"],\"onDelete\":\"SET NULL\"},{\"name\":\"strapi_api_token_permissions_updated_by_id_fk\",\"columns\":[\"updated_by_id\"],\"referencedTable\":\"admin_users\",\"referencedColumns\":[\"id\"],\"onDelete\":\"SET NULL\"}],\"columns\":[{\"name\":\"id\",\"type\":\"increments\",\"args\":[{\"primary\":true,\"primaryKey\":true}],\"defaultTo\":null,\"notNullable\":true,\"unsigned\":false},{\"name\":\"action\",\"type\":\"string\",\"args\":[],\"defaultTo\":null,\"notNullable\":false,\"unsigned\":false},{\"name\":\"created_at\",\"type\":\"datetime\",\"args\":[{\"useTz\":false,\"precision\":6}],\"defaultTo\":null,\"notNullable\":false,\"unsigned\":false},{\"name\":\"updated_at\",\"type\":\"datetime\",\"args\":[{\"useTz\":false,\"precision\":6}],\"defaultTo\":null,\"notNullable\":false,\"unsigned\":false},{\"name\":\"created_by_id\",\"type\":\"integer\",\"args\":[],\"defaultTo\":null,\"notNullable\":false,\"unsigned\":true},{\"name\":\"updated_by_id\",\"type\":\"integer\",\"args\":[],\"defaultTo\":null,\"notNullable\":false,\"unsigned\":true}]},{\"name\":\"strapi_transfer_tokens\",\"indexes\":[{\"name\":\"strapi_transfer_tokens_created_by_id_fk\",\"columns\":[\"created_by_id\"]},{\"name\":\"strapi_transfer_tokens_updated_by_id_fk\",\"columns\":[\"updated_by_id\"]}],\"foreignKeys\":[{\"name\":\"strapi_transfer_tokens_created_by_id_fk\",\"columns\":[\"created_by_id\"],\"referencedTable\":\"admin_users\",\"referencedColumns\":[\"id\"],\"onDelete\":\"SET NULL\"},{\"name\":\"strapi_transfer_tokens_updated_by_id_fk\",\"columns\":[\"updated_by_id\"],\"referencedTable\":\"admin_users\",\"referencedColumns\":[\"id\"],\"onDelete\":\"SET NULL\"}],\"columns\":[{\"name\":\"id\",\"type\":\"increments\",\"args\":[{\"primary\":true,\"primaryKey\":true}],\"defaultTo\":null,\"notNullable\":true,\"unsigned\":false},{\"name\":\"name\",\"type\":\"string\",\"args\":[],\"defaultTo\":null,\"notNullable\":false,\"unsigned\":false},{\"name\":\"description\",\"type\":\"string\",\"args\":[],\"defaultTo\":null,\"notNullable\":false,\"unsigned\":false},{\"name\":\"access_key\",\"type\":\"string\",\"args\":[],\"defaultTo\":null,\"notNullable\":false,\"unsigned\":false},{\"name\":\"last_used_at\",\"type\":\"datetime\",\"args\":[{\"useTz\":false,\"precision\":6}],\"defaultTo\":null,\"notNullable\":false,\"unsigned\":false},{\"name\":\"expires_at\",\"type\":\"datetime\",\"args\":[{\"useTz\":false,\"precision\":6}],\"defaultTo\":null,\"notNullable\":false,\"unsigned\":false},{\"name\":\"lifespan\",\"type\":\"bigInteger\",\"args\":[],\"defaultTo\":null,\"notNullable\":false,\"unsigned\":false},{\"name\":\"created_at\",\"type\":\"datetime\",\"args\":[{\"useTz\":false,\"precision\":6}],\"defaultTo\":null,\"notNullable\":false,\"unsigned\":false},{\"name\":\"updated_at\",\"type\":\"datetime\",\"args\":[{\"useTz\":false,\"precision\":6}],\"defaultTo\":null,\"notNullable\":false,\"unsigned\":false},{\"name\":\"created_by_id\",\"type\":\"integer\",\"args\":[],\"defaultTo\":null,\"notNullable\":false,\"unsigned\":true},{\"name\":\"updated_by_id\",\"type\":\"integer\",\"args\":[],\"defaultTo\":null,\"notNullable\":false,\"unsigned\":true}]},{\"name\":\"strapi_transfer_token_permissions\",\"indexes\":[{\"name\":\"strapi_transfer_token_permissions_created_by_id_fk\",\"columns\":[\"created_by_id\"]},{\"name\":\"strapi_transfer_token_permissions_updated_by_id_fk\",\"columns\":[\"updated_by_id\"]}],\"foreignKeys\":[{\"name\":\"strapi_transfer_token_permissions_created_by_id_fk\",\"columns\":[\"created_by_id\"],\"referencedTable\":\"admin_users\",\"referencedColumns\":[\"id\"],\"onDelete\":\"SET NULL\"},{\"name\":\"strapi_transfer_token_permissions_updated_by_id_fk\",\"columns\":[\"updated_by_id\"],\"referencedTable\":\"admin_users\",\"referencedColumns\":[\"id\"],\"onDelete\":\"SET NULL\"}],\"columns\":[{\"name\":\"id\",\"type\":\"increments\",\"args\":[{\"primary\":true,\"primaryKey\":true}],\"defaultTo\":null,\"notNullable\":true,\"unsigned\":false},{\"name\":\"action\",\"type\":\"string\",\"args\":[],\"defaultTo\":null,\"notNullable\":false,\"unsigned\":false},{\"name\":\"created_at\",\"type\":\"datetime\",\"args\":[{\"useTz\":false,\"precision\":6}],\"defaultTo\":null,\"notNullable\":false,\"unsigned\":false},{\"name\":\"updated_at\",\"type\":\"datetime\",\"args\":[{\"useTz\":false,\"precision\":6}],\"defaultTo\":null,\"notNullable\":false,\"unsigned\":false},{\"name\":\"created_by_id\",\"type\":\"integer\",\"args\":[],\"defaultTo\":null,\"notNullable\":false,\"unsigned\":true},{\"name\":\"updated_by_id\",\"type\":\"integer\",\"args\":[],\"defaultTo\":null,\"notNullable\":false,\"unsigned\":true}]},{\"name\":\"files\",\"indexes\":[{\"name\":\"upload_files_folder_path_index\",\"columns\":[\"folder_path\"],\"type\":null},{\"name\":\"upload_files_created_at_index\",\"columns\":[\"created_at\"],\"type\":null},{\"name\":\"upload_files_updated_at_index\",\"columns\":[\"updated_at\"],\"type\":null},{\"name\":\"upload_files_name_index\",\"columns\":[\"name\"],\"type\":null},{\"name\":\"upload_files_size_index\",\"columns\":[\"size\"],\"type\":null},{\"name\":\"upload_files_ext_index\",\"columns\":[\"ext\"],\"type\":null},{\"name\":\"files_created_by_id_fk\",\"columns\":[\"created_by_id\"]},{\"name\":\"files_updated_by_id_fk\",\"columns\":[\"updated_by_id\"]}],\"foreignKeys\":[{\"name\":\"files_created_by_id_fk\",\"columns\":[\"created_by_id\"],\"referencedTable\":\"admin_users\",\"referencedColumns\":[\"id\"],\"onDelete\":\"SET NULL\"},{\"name\":\"files_updated_by_id_fk\",\"columns\":[\"updated_by_id\"],\"referencedTable\":\"admin_users\",\"referencedColumns\":[\"id\"],\"onDelete\":\"SET NULL\"}],\"columns\":[{\"name\":\"id\",\"type\":\"increments\",\"args\":[{\"primary\":true,\"primaryKey\":true}],\"defaultTo\":null,\"notNullable\":true,\"unsigned\":false},{\"name\":\"name\",\"type\":\"string\",\"args\":[],\"defaultTo\":null,\"notNullable\":false,\"unsigned\":false},{\"name\":\"alternative_text\",\"type\":\"string\",\"args\":[],\"defaultTo\":null,\"notNullable\":false,\"unsigned\":false},{\"name\":\"caption\",\"type\":\"string\",\"args\":[],\"defaultTo\":null,\"notNullable\":false,\"unsigned\":false},{\"name\":\"width\",\"type\":\"integer\",\"args\":[],\"defaultTo\":null,\"notNullable\":false,\"unsigned\":false},{\"name\":\"height\",\"type\":\"integer\",\"args\":[],\"defaultTo\":null,\"notNullable\":false,\"unsigned\":false},{\"name\":\"formats\",\"type\":\"jsonb\",\"args\":[],\"defaultTo\":null,\"notNullable\":false,\"unsigned\":false},{\"name\":\"hash\",\"type\":\"string\",\"args\":[],\"defaultTo\":null,\"notNullable\":false,\"unsigned\":false},{\"name\":\"ext\",\"type\":\"string\",\"args\":[],\"defaultTo\":null,\"notNullable\":false,\"unsigned\":false},{\"name\":\"mime\",\"type\":\"string\",\"args\":[],\"defaultTo\":null,\"notNullable\":false,\"unsigned\":false},{\"name\":\"size\",\"type\":\"decimal\",\"args\":[10,2],\"defaultTo\":null,\"notNullable\":false,\"unsigned\":false},{\"name\":\"url\",\"type\":\"string\",\"args\":[],\"defaultTo\":null,\"notNullable\":false,\"unsigned\":false},{\"name\":\"preview_url\",\"type\":\"string\",\"args\":[],\"defaultTo\":null,\"notNullable\":false,\"unsigned\":false},{\"name\":\"provider\",\"type\":\"string\",\"args\":[],\"defaultTo\":null,\"notNullable\":false,\"unsigned\":false},{\"name\":\"provider_metadata\",\"type\":\"jsonb\",\"args\":[],\"defaultTo\":null,\"notNullable\":false,\"unsigned\":false},{\"name\":\"folder_path\",\"type\":\"string\",\"args\":[],\"defaultTo\":null,\"notNullable\":false,\"unsigned\":false},{\"name\":\"created_at\",\"type\":\"datetime\",\"args\":[{\"useTz\":false,\"precision\":6}],\"defaultTo\":null,\"notNullable\":false,\"unsigned\":false},{\"name\":\"updated_at\",\"type\":\"datetime\",\"args\":[{\"useTz\":false,\"precision\":6}],\"defaultTo\":null,\"notNullable\":false,\"unsigned\":false},{\"name\":\"created_by_id\",\"type\":\"integer\",\"args\":[],\"defaultTo\":null,\"notNullable\":false,\"unsigned\":true},{\"name\":\"updated_by_id\",\"type\":\"integer\",\"args\":[],\"defaultTo\":null,\"notNullable\":false,\"unsigned\":true}]},{\"name\":\"upload_folders\",\"indexes\":[{\"name\":\"upload_folders_path_id_index\",\"columns\":[\"path_id\"],\"type\":\"unique\"},{\"name\":\"upload_folders_path_index\",\"columns\":[\"path\"],\"type\":\"unique\"},{\"name\":\"upload_folders_created_by_id_fk\",\"columns\":[\"created_by_id\"]},{\"name\":\"upload_folders_updated_by_id_fk\",\"columns\":[\"updated_by_id\"]}],\"foreignKeys\":[{\"name\":\"upload_folders_created_by_id_fk\",\"columns\":[\"created_by_id\"],\"referencedTable\":\"admin_users\",\"referencedColumns\":[\"id\"],\"onDelete\":\"SET NULL\"},{\"name\":\"upload_folders_updated_by_id_fk\",\"columns\":[\"updated_by_id\"],\"referencedTable\":\"admin_users\",\"referencedColumns\":[\"id\"],\"onDelete\":\"SET NULL\"}],\"columns\":[{\"name\":\"id\",\"type\":\"increments\",\"args\":[{\"primary\":true,\"primaryKey\":true}],\"defaultTo\":null,\"notNullable\":true,\"unsigned\":false},{\"name\":\"name\",\"type\":\"string\",\"args\":[],\"defaultTo\":null,\"notNullable\":false,\"unsigned\":false},{\"name\":\"path_id\",\"type\":\"integer\",\"args\":[],\"defaultTo\":null,\"notNullable\":false,\"unsigned\":false},{\"name\":\"path\",\"type\":\"string\",\"args\":[],\"defaultTo\":null,\"notNullable\":false,\"unsigned\":false},{\"name\":\"created_at\",\"type\":\"datetime\",\"args\":[{\"useTz\":false,\"precision\":6}],\"defaultTo\":null,\"notNullable\":false,\"unsigned\":false},{\"name\":\"updated_at\",\"type\":\"datetime\",\"args\":[{\"useTz\":false,\"precision\":6}],\"defaultTo\":null,\"notNullable\":false,\"unsigned\":false},{\"name\":\"created_by_id\",\"type\":\"integer\",\"args\":[],\"defaultTo\":null,\"notNullable\":false,\"unsigned\":true},{\"name\":\"updated_by_id\",\"type\":\"integer\",\"args\":[],\"defaultTo\":null,\"notNullable\":false,\"unsigned\":true}]},{\"name\":\"i18n_locale\",\"indexes\":[{\"name\":\"i18n_locale_created_by_id_fk\",\"columns\":[\"created_by_id\"]},{\"name\":\"i18n_locale_updated_by_id_fk\",\"columns\":[\"updated_by_id\"]}],\"foreignKeys\":[{\"name\":\"i18n_locale_created_by_id_fk\",\"columns\":[\"created_by_id\"],\"referencedTable\":\"admin_users\",\"referencedColumns\":[\"id\"],\"onDelete\":\"SET NULL\"},{\"name\":\"i18n_locale_updated_by_id_fk\",\"columns\":[\"updated_by_id\"],\"referencedTable\":\"admin_users\",\"referencedColumns\":[\"id\"],\"onDelete\":\"SET NULL\"}],\"columns\":[{\"name\":\"id\",\"type\":\"increments\",\"args\":[{\"primary\":true,\"primaryKey\":true}],\"defaultTo\":null,\"notNullable\":true,\"unsigned\":false},{\"name\":\"name\",\"type\":\"string\",\"args\":[],\"defaultTo\":null,\"notNullable\":false,\"unsigned\":false},{\"name\":\"code\",\"type\":\"string\",\"args\":[],\"defaultTo\":null,\"notNullable\":false,\"unsigned\":false},{\"name\":\"created_at\",\"type\":\"datetime\",\"args\":[{\"useTz\":false,\"precision\":6}],\"defaultTo\":null,\"notNullable\":false,\"unsigned\":false},{\"name\":\"updated_at\",\"type\":\"datetime\",\"args\":[{\"useTz\":false,\"precision\":6}],\"defaultTo\":null,\"notNullable\":false,\"unsigned\":false},{\"name\":\"created_by_id\",\"type\":\"integer\",\"args\":[],\"defaultTo\":null,\"notNullable\":false,\"unsigned\":true},{\"name\":\"updated_by_id\",\"type\":\"integer\",\"args\":[],\"defaultTo\":null,\"notNullable\":false,\"unsigned\":true}]},{\"name\":\"up_permissions\",\"indexes\":[{\"name\":\"up_permissions_created_by_id_fk\",\"columns\":[\"created_by_id\"]},{\"name\":\"up_permissions_updated_by_id_fk\",\"columns\":[\"updated_by_id\"]}],\"foreignKeys\":[{\"name\":\"up_permissions_created_by_id_fk\",\"columns\":[\"created_by_id\"],\"referencedTable\":\"admin_users\",\"referencedColumns\":[\"id\"],\"onDelete\":\"SET NULL\"},{\"name\":\"up_permissions_updated_by_id_fk\",\"columns\":[\"updated_by_id\"],\"referencedTable\":\"admin_users\",\"referencedColumns\":[\"id\"],\"onDelete\":\"SET NULL\"}],\"columns\":[{\"name\":\"id\",\"type\":\"increments\",\"args\":[{\"primary\":true,\"primaryKey\":true}],\"defaultTo\":null,\"notNullable\":true,\"unsigned\":false},{\"name\":\"action\",\"type\":\"string\",\"args\":[],\"defaultTo\":null,\"notNullable\":false,\"unsigned\":false},{\"name\":\"created_at\",\"type\":\"datetime\",\"args\":[{\"useTz\":false,\"precision\":6}],\"defaultTo\":null,\"notNullable\":false,\"unsigned\":false},{\"name\":\"updated_at\",\"type\":\"datetime\",\"args\":[{\"useTz\":false,\"precision\":6}],\"defaultTo\":null,\"notNullable\":false,\"unsigned\":false},{\"name\":\"created_by_id\",\"type\":\"integer\",\"args\":[],\"defaultTo\":null,\"notNullable\":false,\"unsigned\":true},{\"name\":\"updated_by_id\",\"type\":\"integer\",\"args\":[],\"defaultTo\":null,\"notNullable\":false,\"unsigned\":true}]},{\"name\":\"up_roles\",\"indexes\":[{\"name\":\"up_roles_created_by_id_fk\",\"columns\":[\"created_by_id\"]},{\"name\":\"up_roles_updated_by_id_fk\",\"columns\":[\"updated_by_id\"]}],\"foreignKeys\":[{\"name\":\"up_roles_created_by_id_fk\",\"columns\":[\"created_by_id\"],\"referencedTable\":\"admin_users\",\"referencedColumns\":[\"id\"],\"onDelete\":\"SET NULL\"},{\"name\":\"up_roles_updated_by_id_fk\",\"columns\":[\"updated_by_id\"],\"referencedTable\":\"admin_users\",\"referencedColumns\":[\"id\"],\"onDelete\":\"SET NULL\"}],\"columns\":[{\"name\":\"id\",\"type\":\"increments\",\"args\":[{\"primary\":true,\"primaryKey\":true}],\"defaultTo\":null,\"notNullable\":true,\"unsigned\":false},{\"name\":\"name\",\"type\":\"string\",\"args\":[],\"defaultTo\":null,\"notNullable\":false,\"unsigned\":false},{\"name\":\"description\",\"type\":\"string\",\"args\":[],\"defaultTo\":null,\"notNullable\":false,\"unsigned\":false},{\"name\":\"type\",\"type\":\"string\",\"args\":[],\"defaultTo\":null,\"notNullable\":false,\"unsigned\":false},{\"name\":\"created_at\",\"type\":\"datetime\",\"args\":[{\"useTz\":false,\"precision\":6}],\"defaultTo\":null,\"notNullable\":false,\"unsigned\":false},{\"name\":\"updated_at\",\"type\":\"datetime\",\"args\":[{\"useTz\":false,\"precision\":6}],\"defaultTo\":null,\"notNullable\":false,\"unsigned\":false},{\"name\":\"created_by_id\",\"type\":\"integer\",\"args\":[],\"defaultTo\":null,\"notNullable\":false,\"unsigned\":true},{\"name\":\"updated_by_id\",\"type\":\"integer\",\"args\":[],\"defaultTo\":null,\"notNullable\":false,\"unsigned\":true}]},{\"name\":\"up_users\",\"indexes\":[{\"name\":\"up_users_created_by_id_fk\",\"columns\":[\"created_by_id\"]},{\"name\":\"up_users_updated_by_id_fk\",\"columns\":[\"updated_by_id\"]}],\"foreignKeys\":[{\"name\":\"up_users_created_by_id_fk\",\"columns\":[\"created_by_id\"],\"referencedTable\":\"admin_users\",\"referencedColumns\":[\"id\"],\"onDelete\":\"SET NULL\"},{\"name\":\"up_users_updated_by_id_fk\",\"columns\":[\"updated_by_id\"],\"referencedTable\":\"admin_users\",\"referencedColumns\":[\"id\"],\"onDelete\":\"SET NULL\"}],\"columns\":[{\"name\":\"id\",\"type\":\"increments\",\"args\":[{\"primary\":true,\"primaryKey\":true}],\"defaultTo\":null,\"notNullable\":true,\"unsigned\":false},{\"name\":\"username\",\"type\":\"string\",\"args\":[],\"defaultTo\":null,\"notNullable\":false,\"unsigned\":false},{\"name\":\"email\",\"type\":\"string\",\"args\":[],\"defaultTo\":null,\"notNullable\":false,\"unsigned\":false},{\"name\":\"provider\",\"type\":\"string\",\"args\":[],\"defaultTo\":null,\"notNullable\":false,\"unsigned\":false},{\"name\":\"password\",\"type\":\"string\",\"args\":[],\"defaultTo\":null,\"notNullable\":false,\"unsigned\":false},{\"name\":\"reset_password_token\",\"type\":\"string\",\"args\":[],\"defaultTo\":null,\"notNullable\":false,\"unsigned\":false},{\"name\":\"confirmation_token\",\"type\":\"string\",\"args\":[],\"defaultTo\":null,\"notNullable\":false,\"unsigned\":false},{\"name\":\"confirmed\",\"type\":\"boolean\",\"args\":[],\"defaultTo\":null,\"notNullable\":false,\"unsigned\":false},{\"name\":\"blocked\",\"type\":\"boolean\",\"args\":[],\"defaultTo\":null,\"notNullable\":false,\"unsigned\":false},{\"name\":\"created_at\",\"type\":\"datetime\",\"args\":[{\"useTz\":false,\"precision\":6}],\"defaultTo\":null,\"notNullable\":false,\"unsigned\":false},{\"name\":\"updated_at\",\"type\":\"datetime\",\"args\":[{\"useTz\":false,\"precision\":6}],\"defaultTo\":null,\"notNullable\":false,\"unsigned\":false},{\"name\":\"created_by_id\",\"type\":\"integer\",\"args\":[],\"defaultTo\":null,\"notNullable\":false,\"unsigned\":true},{\"name\":\"updated_by_id\",\"type\":\"integer\",\"args\":[],\"defaultTo\":null,\"notNullable\":false,\"unsigned\":true}]},{\"name\":\"slugs\",\"indexes\":[{\"name\":\"slugs_created_by_id_fk\",\"columns\":[\"created_by_id\"]},{\"name\":\"slugs_updated_by_id_fk\",\"columns\":[\"updated_by_id\"]}],\"foreignKeys\":[{\"name\":\"slugs_created_by_id_fk\",\"columns\":[\"created_by_id\"],\"referencedTable\":\"admin_users\",\"referencedColumns\":[\"id\"],\"onDelete\":\"SET NULL\"},{\"name\":\"slugs_updated_by_id_fk\",\"columns\":[\"updated_by_id\"],\"referencedTable\":\"admin_users\",\"referencedColumns\":[\"id\"],\"onDelete\":\"SET NULL\"}],\"columns\":[{\"name\":\"id\",\"type\":\"increments\",\"args\":[{\"primary\":true,\"primaryKey\":true}],\"defaultTo\":null,\"notNullable\":true,\"unsigned\":false},{\"name\":\"slug\",\"type\":\"text\",\"args\":[\"longtext\"],\"defaultTo\":null,\"notNullable\":false,\"unsigned\":false},{\"name\":\"count\",\"type\":\"integer\",\"args\":[],\"defaultTo\":null,\"notNullable\":false,\"unsigned\":false},{\"name\":\"created_at\",\"type\":\"datetime\",\"args\":[{\"useTz\":false,\"precision\":6}],\"defaultTo\":null,\"notNullable\":false,\"unsigned\":false},{\"name\":\"updated_at\",\"type\":\"datetime\",\"args\":[{\"useTz\":false,\"precision\":6}],\"defaultTo\":null,\"notNullable\":false,\"unsigned\":false},{\"name\":\"created_by_id\",\"type\":\"integer\",\"args\":[],\"defaultTo\":null,\"notNullable\":false,\"unsigned\":true},{\"name\":\"updated_by_id\",\"type\":\"integer\",\"args\":[],\"defaultTo\":null,\"notNullable\":false,\"unsigned\":true}]},{\"name\":\"air_transports\",\"indexes\":[{\"name\":\"air_transports_created_by_id_fk\",\"columns\":[\"created_by_id\"]},{\"name\":\"air_transports_updated_by_id_fk\",\"columns\":[\"updated_by_id\"]}],\"foreignKeys\":[{\"name\":\"air_transports_created_by_id_fk\",\"columns\":[\"created_by_id\"],\"referencedTable\":\"admin_users\",\"referencedColumns\":[\"id\"],\"onDelete\":\"SET NULL\"},{\"name\":\"air_transports_updated_by_id_fk\",\"columns\":[\"updated_by_id\"],\"referencedTable\":\"admin_users\",\"referencedColumns\":[\"id\"],\"onDelete\":\"SET NULL\"}],\"columns\":[{\"name\":\"id\",\"type\":\"increments\",\"args\":[{\"primary\":true,\"primaryKey\":true}],\"defaultTo\":null,\"notNullable\":true,\"unsigned\":false},{\"name\":\"description\",\"type\":\"text\",\"args\":[\"longtext\"],\"defaultTo\":null,\"notNullable\":false,\"unsigned\":false},{\"name\":\"created_at\",\"type\":\"datetime\",\"args\":[{\"useTz\":false,\"precision\":6}],\"defaultTo\":null,\"notNullable\":false,\"unsigned\":false},{\"name\":\"updated_at\",\"type\":\"datetime\",\"args\":[{\"useTz\":false,\"precision\":6}],\"defaultTo\":null,\"notNullable\":false,\"unsigned\":false},{\"name\":\"created_by_id\",\"type\":\"integer\",\"args\":[],\"defaultTo\":null,\"notNullable\":false,\"unsigned\":true},{\"name\":\"updated_by_id\",\"type\":\"integer\",\"args\":[],\"defaultTo\":null,\"notNullable\":false,\"unsigned\":true},{\"name\":\"locale\",\"type\":\"string\",\"args\":[],\"defaultTo\":null,\"notNullable\":false,\"unsigned\":false}]},{\"name\":\"contacts\",\"indexes\":[{\"name\":\"contacts_created_by_id_fk\",\"columns\":[\"created_by_id\"]},{\"name\":\"contacts_updated_by_id_fk\",\"columns\":[\"updated_by_id\"]}],\"foreignKeys\":[{\"name\":\"contacts_created_by_id_fk\",\"columns\":[\"created_by_id\"],\"referencedTable\":\"admin_users\",\"referencedColumns\":[\"id\"],\"onDelete\":\"SET NULL\"},{\"name\":\"contacts_updated_by_id_fk\",\"columns\":[\"updated_by_id\"],\"referencedTable\":\"admin_users\",\"referencedColumns\":[\"id\"],\"onDelete\":\"SET NULL\"}],\"columns\":[{\"name\":\"id\",\"type\":\"increments\",\"args\":[{\"primary\":true,\"primaryKey\":true}],\"defaultTo\":null,\"notNullable\":true,\"unsigned\":false},{\"name\":\"created_at\",\"type\":\"datetime\",\"args\":[{\"useTz\":false,\"precision\":6}],\"defaultTo\":null,\"notNullable\":false,\"unsigned\":false},{\"name\":\"updated_at\",\"type\":\"datetime\",\"args\":[{\"useTz\":false,\"precision\":6}],\"defaultTo\":null,\"notNullable\":false,\"unsigned\":false},{\"name\":\"created_by_id\",\"type\":\"integer\",\"args\":[],\"defaultTo\":null,\"notNullable\":false,\"unsigned\":true},{\"name\":\"updated_by_id\",\"type\":\"integer\",\"args\":[],\"defaultTo\":null,\"notNullable\":false,\"unsigned\":true},{\"name\":\"locale\",\"type\":\"string\",\"args\":[],\"defaultTo\":null,\"notNullable\":false,\"unsigned\":false}]},{\"name\":\"countries\",\"indexes\":[{\"name\":\"countries_created_by_id_fk\",\"columns\":[\"created_by_id\"]},{\"name\":\"countries_updated_by_id_fk\",\"columns\":[\"updated_by_id\"]}],\"foreignKeys\":[{\"name\":\"countries_created_by_id_fk\",\"columns\":[\"created_by_id\"],\"referencedTable\":\"admin_users\",\"referencedColumns\":[\"id\"],\"onDelete\":\"SET NULL\"},{\"name\":\"countries_updated_by_id_fk\",\"columns\":[\"updated_by_id\"],\"referencedTable\":\"admin_users\",\"referencedColumns\":[\"id\"],\"onDelete\":\"SET NULL\"}],\"columns\":[{\"name\":\"id\",\"type\":\"increments\",\"args\":[{\"primary\":true,\"primaryKey\":true}],\"defaultTo\":null,\"notNullable\":true,\"unsigned\":false},{\"name\":\"name\",\"type\":\"string\",\"args\":[],\"defaultTo\":null,\"notNullable\":false,\"unsigned\":false},{\"name\":\"fullname\",\"type\":\"string\",\"args\":[],\"defaultTo\":null,\"notNullable\":false,\"unsigned\":false},{\"name\":\"created_at\",\"type\":\"datetime\",\"args\":[{\"useTz\":false,\"precision\":6}],\"defaultTo\":null,\"notNullable\":false,\"unsigned\":false},{\"name\":\"updated_at\",\"type\":\"datetime\",\"args\":[{\"useTz\":false,\"precision\":6}],\"defaultTo\":null,\"notNullable\":false,\"unsigned\":false},{\"name\":\"created_by_id\",\"type\":\"integer\",\"args\":[],\"defaultTo\":null,\"notNullable\":false,\"unsigned\":true},{\"name\":\"updated_by_id\",\"type\":\"integer\",\"args\":[],\"defaultTo\":null,\"notNullable\":false,\"unsigned\":true},{\"name\":\"locale\",\"type\":\"string\",\"args\":[],\"defaultTo\":null,\"notNullable\":false,\"unsigned\":false}]},{\"name\":\"customs\",\"indexes\":[{\"name\":\"customs_created_by_id_fk\",\"columns\":[\"created_by_id\"]},{\"name\":\"customs_updated_by_id_fk\",\"columns\":[\"updated_by_id\"]}],\"foreignKeys\":[{\"name\":\"customs_created_by_id_fk\",\"columns\":[\"created_by_id\"],\"referencedTable\":\"admin_users\",\"referencedColumns\":[\"id\"],\"onDelete\":\"SET NULL\"},{\"name\":\"customs_updated_by_id_fk\",\"columns\":[\"updated_by_id\"],\"referencedTable\":\"admin_users\",\"referencedColumns\":[\"id\"],\"onDelete\":\"SET NULL\"}],\"columns\":[{\"name\":\"id\",\"type\":\"increments\",\"args\":[{\"primary\":true,\"primaryKey\":true}],\"defaultTo\":null,\"notNullable\":true,\"unsigned\":false},{\"name\":\"created_at\",\"type\":\"datetime\",\"args\":[{\"useTz\":false,\"precision\":6}],\"defaultTo\":null,\"notNullable\":false,\"unsigned\":false},{\"name\":\"updated_at\",\"type\":\"datetime\",\"args\":[{\"useTz\":false,\"precision\":6}],\"defaultTo\":null,\"notNullable\":false,\"unsigned\":false},{\"name\":\"published_at\",\"type\":\"datetime\",\"args\":[{\"useTz\":false,\"precision\":6}],\"defaultTo\":null,\"notNullable\":false,\"unsigned\":false},{\"name\":\"created_by_id\",\"type\":\"integer\",\"args\":[],\"defaultTo\":null,\"notNullable\":false,\"unsigned\":true},{\"name\":\"updated_by_id\",\"type\":\"integer\",\"args\":[],\"defaultTo\":null,\"notNullable\":false,\"unsigned\":true},{\"name\":\"locale\",\"type\":\"string\",\"args\":[],\"defaultTo\":null,\"notNullable\":false,\"unsigned\":false}]},{\"name\":\"customer_contacts\",\"indexes\":[{\"name\":\"customer_contacts_created_by_id_fk\",\"columns\":[\"created_by_id\"]},{\"name\":\"customer_contacts_updated_by_id_fk\",\"columns\":[\"updated_by_id\"]}],\"foreignKeys\":[{\"name\":\"customer_contacts_created_by_id_fk\",\"columns\":[\"created_by_id\"],\"referencedTable\":\"admin_users\",\"referencedColumns\":[\"id\"],\"onDelete\":\"SET NULL\"},{\"name\":\"customer_contacts_updated_by_id_fk\",\"columns\":[\"updated_by_id\"],\"referencedTable\":\"admin_users\",\"referencedColumns\":[\"id\"],\"onDelete\":\"SET NULL\"}],\"columns\":[{\"name\":\"id\",\"type\":\"increments\",\"args\":[{\"primary\":true,\"primaryKey\":true}],\"defaultTo\":null,\"notNullable\":true,\"unsigned\":false},{\"name\":\"title\",\"type\":\"string\",\"args\":[],\"defaultTo\":null,\"notNullable\":false,\"unsigned\":false},{\"name\":\"fullname\",\"type\":\"string\",\"args\":[],\"defaultTo\":null,\"notNullable\":false,\"unsigned\":false},{\"name\":\"phone_number\",\"type\":\"string\",\"args\":[],\"defaultTo\":null,\"notNullable\":false,\"unsigned\":false},{\"name\":\"address\",\"type\":\"string\",\"args\":[],\"defaultTo\":null,\"notNullable\":false,\"unsigned\":false},{\"name\":\"email\",\"type\":\"string\",\"args\":[],\"defaultTo\":null,\"notNullable\":false,\"unsigned\":false},{\"name\":\"content\",\"type\":\"text\",\"args\":[\"longtext\"],\"defaultTo\":null,\"notNullable\":false,\"unsigned\":false},{\"name\":\"created_at\",\"type\":\"datetime\",\"args\":[{\"useTz\":false,\"precision\":6}],\"defaultTo\":null,\"notNullable\":false,\"unsigned\":false},{\"name\":\"updated_at\",\"type\":\"datetime\",\"args\":[{\"useTz\":false,\"precision\":6}],\"defaultTo\":null,\"notNullable\":false,\"unsigned\":false},{\"name\":\"published_at\",\"type\":\"datetime\",\"args\":[{\"useTz\":false,\"precision\":6}],\"defaultTo\":null,\"notNullable\":false,\"unsigned\":false},{\"name\":\"created_by_id\",\"type\":\"integer\",\"args\":[],\"defaultTo\":null,\"notNullable\":false,\"unsigned\":true},{\"name\":\"updated_by_id\",\"type\":\"integer\",\"args\":[],\"defaultTo\":null,\"notNullable\":false,\"unsigned\":true},{\"name\":\"locale\",\"type\":\"string\",\"args\":[],\"defaultTo\":null,\"notNullable\":false,\"unsigned\":false}]},{\"name\":\"endpoint_deliveries\",\"indexes\":[{\"name\":\"endpoint_deliveries_created_by_id_fk\",\"columns\":[\"created_by_id\"]},{\"name\":\"endpoint_deliveries_updated_by_id_fk\",\"columns\":[\"updated_by_id\"]}],\"foreignKeys\":[{\"name\":\"endpoint_deliveries_created_by_id_fk\",\"columns\":[\"created_by_id\"],\"referencedTable\":\"admin_users\",\"referencedColumns\":[\"id\"],\"onDelete\":\"SET NULL\"},{\"name\":\"endpoint_deliveries_updated_by_id_fk\",\"columns\":[\"updated_by_id\"],\"referencedTable\":\"admin_users\",\"referencedColumns\":[\"id\"],\"onDelete\":\"SET NULL\"}],\"columns\":[{\"name\":\"id\",\"type\":\"increments\",\"args\":[{\"primary\":true,\"primaryKey\":true}],\"defaultTo\":null,\"notNullable\":true,\"unsigned\":false},{\"name\":\"created_at\",\"type\":\"datetime\",\"args\":[{\"useTz\":false,\"precision\":6}],\"defaultTo\":null,\"notNullable\":false,\"unsigned\":false},{\"name\":\"updated_at\",\"type\":\"datetime\",\"args\":[{\"useTz\":false,\"precision\":6}],\"defaultTo\":null,\"notNullable\":false,\"unsigned\":false},{\"name\":\"published_at\",\"type\":\"datetime\",\"args\":[{\"useTz\":false,\"precision\":6}],\"defaultTo\":null,\"notNullable\":false,\"unsigned\":false},{\"name\":\"created_by_id\",\"type\":\"integer\",\"args\":[],\"defaultTo\":null,\"notNullable\":false,\"unsigned\":true},{\"name\":\"updated_by_id\",\"type\":\"integer\",\"args\":[],\"defaultTo\":null,\"notNullable\":false,\"unsigned\":true},{\"name\":\"locale\",\"type\":\"string\",\"args\":[],\"defaultTo\":null,\"notNullable\":false,\"unsigned\":false}]},{\"name\":\"footers\",\"indexes\":[{\"name\":\"footers_created_by_id_fk\",\"columns\":[\"created_by_id\"]},{\"name\":\"footers_updated_by_id_fk\",\"columns\":[\"updated_by_id\"]}],\"foreignKeys\":[{\"name\":\"footers_created_by_id_fk\",\"columns\":[\"created_by_id\"],\"referencedTable\":\"admin_users\",\"referencedColumns\":[\"id\"],\"onDelete\":\"SET NULL\"},{\"name\":\"footers_updated_by_id_fk\",\"columns\":[\"updated_by_id\"],\"referencedTable\":\"admin_users\",\"referencedColumns\":[\"id\"],\"onDelete\":\"SET NULL\"}],\"columns\":[{\"name\":\"id\",\"type\":\"increments\",\"args\":[{\"primary\":true,\"primaryKey\":true}],\"defaultTo\":null,\"notNullable\":true,\"unsigned\":false},{\"name\":\"url_bo_cong_thuong\",\"type\":\"string\",\"args\":[],\"defaultTo\":null,\"notNullable\":false,\"unsigned\":false},{\"name\":\"created_at\",\"type\":\"datetime\",\"args\":[{\"useTz\":false,\"precision\":6}],\"defaultTo\":null,\"notNullable\":false,\"unsigned\":false},{\"name\":\"updated_at\",\"type\":\"datetime\",\"args\":[{\"useTz\":false,\"precision\":6}],\"defaultTo\":null,\"notNullable\":false,\"unsigned\":false},{\"name\":\"published_at\",\"type\":\"datetime\",\"args\":[{\"useTz\":false,\"precision\":6}],\"defaultTo\":null,\"notNullable\":false,\"unsigned\":false},{\"name\":\"created_by_id\",\"type\":\"integer\",\"args\":[],\"defaultTo\":null,\"notNullable\":false,\"unsigned\":true},{\"name\":\"updated_by_id\",\"type\":\"integer\",\"args\":[],\"defaultTo\":null,\"notNullable\":false,\"unsigned\":true},{\"name\":\"locale\",\"type\":\"string\",\"args\":[],\"defaultTo\":null,\"notNullable\":false,\"unsigned\":false}]},{\"name\":\"homes\",\"indexes\":[{\"name\":\"homes_created_by_id_fk\",\"columns\":[\"created_by_id\"]},{\"name\":\"homes_updated_by_id_fk\",\"columns\":[\"updated_by_id\"]}],\"foreignKeys\":[{\"name\":\"homes_created_by_id_fk\",\"columns\":[\"created_by_id\"],\"referencedTable\":\"admin_users\",\"referencedColumns\":[\"id\"],\"onDelete\":\"SET NULL\"},{\"name\":\"homes_updated_by_id_fk\",\"columns\":[\"updated_by_id\"],\"referencedTable\":\"admin_users\",\"referencedColumns\":[\"id\"],\"onDelete\":\"SET NULL\"}],\"columns\":[{\"name\":\"id\",\"type\":\"increments\",\"args\":[{\"primary\":true,\"primaryKey\":true}],\"defaultTo\":null,\"notNullable\":true,\"unsigned\":false},{\"name\":\"created_at\",\"type\":\"datetime\",\"args\":[{\"useTz\":false,\"precision\":6}],\"defaultTo\":null,\"notNullable\":false,\"unsigned\":false},{\"name\":\"updated_at\",\"type\":\"datetime\",\"args\":[{\"useTz\":false,\"precision\":6}],\"defaultTo\":null,\"notNullable\":false,\"unsigned\":false},{\"name\":\"created_by_id\",\"type\":\"integer\",\"args\":[],\"defaultTo\":null,\"notNullable\":false,\"unsigned\":true},{\"name\":\"updated_by_id\",\"type\":\"integer\",\"args\":[],\"defaultTo\":null,\"notNullable\":false,\"unsigned\":true},{\"name\":\"locale\",\"type\":\"string\",\"args\":[],\"defaultTo\":null,\"notNullable\":false,\"unsigned\":false}]},{\"name\":\"introduces\",\"indexes\":[{\"name\":\"introduces_created_by_id_fk\",\"columns\":[\"created_by_id\"]},{\"name\":\"introduces_updated_by_id_fk\",\"columns\":[\"updated_by_id\"]}],\"foreignKeys\":[{\"name\":\"introduces_created_by_id_fk\",\"columns\":[\"created_by_id\"],\"referencedTable\":\"admin_users\",\"referencedColumns\":[\"id\"],\"onDelete\":\"SET NULL\"},{\"name\":\"introduces_updated_by_id_fk\",\"columns\":[\"updated_by_id\"],\"referencedTable\":\"admin_users\",\"referencedColumns\":[\"id\"],\"onDelete\":\"SET NULL\"}],\"columns\":[{\"name\":\"id\",\"type\":\"increments\",\"args\":[{\"primary\":true,\"primaryKey\":true}],\"defaultTo\":null,\"notNullable\":true,\"unsigned\":false},{\"name\":\"created_at\",\"type\":\"datetime\",\"args\":[{\"useTz\":false,\"precision\":6}],\"defaultTo\":null,\"notNullable\":false,\"unsigned\":false},{\"name\":\"updated_at\",\"type\":\"datetime\",\"args\":[{\"useTz\":false,\"precision\":6}],\"defaultTo\":null,\"notNullable\":false,\"unsigned\":false},{\"name\":\"published_at\",\"type\":\"datetime\",\"args\":[{\"useTz\":false,\"precision\":6}],\"defaultTo\":null,\"notNullable\":false,\"unsigned\":false},{\"name\":\"created_by_id\",\"type\":\"integer\",\"args\":[],\"defaultTo\":null,\"notNullable\":false,\"unsigned\":true},{\"name\":\"updated_by_id\",\"type\":\"integer\",\"args\":[],\"defaultTo\":null,\"notNullable\":false,\"unsigned\":true},{\"name\":\"locale\",\"type\":\"string\",\"args\":[],\"defaultTo\":null,\"notNullable\":false,\"unsigned\":false}]},{\"name\":\"list_news\",\"indexes\":[{\"name\":\"list_news_created_by_id_fk\",\"columns\":[\"created_by_id\"]},{\"name\":\"list_news_updated_by_id_fk\",\"columns\":[\"updated_by_id\"]}],\"foreignKeys\":[{\"name\":\"list_news_created_by_id_fk\",\"columns\":[\"created_by_id\"],\"referencedTable\":\"admin_users\",\"referencedColumns\":[\"id\"],\"onDelete\":\"SET NULL\"},{\"name\":\"list_news_updated_by_id_fk\",\"columns\":[\"updated_by_id\"],\"referencedTable\":\"admin_users\",\"referencedColumns\":[\"id\"],\"onDelete\":\"SET NULL\"}],\"columns\":[{\"name\":\"id\",\"type\":\"increments\",\"args\":[{\"primary\":true,\"primaryKey\":true}],\"defaultTo\":null,\"notNullable\":true,\"unsigned\":false},{\"name\":\"type\",\"type\":\"string\",\"args\":[],\"defaultTo\":null,\"notNullable\":false,\"unsigned\":false},{\"name\":\"created_at\",\"type\":\"datetime\",\"args\":[{\"useTz\":false,\"precision\":6}],\"defaultTo\":null,\"notNullable\":false,\"unsigned\":false},{\"name\":\"updated_at\",\"type\":\"datetime\",\"args\":[{\"useTz\":false,\"precision\":6}],\"defaultTo\":null,\"notNullable\":false,\"unsigned\":false},{\"name\":\"created_by_id\",\"type\":\"integer\",\"args\":[],\"defaultTo\":null,\"notNullable\":false,\"unsigned\":true},{\"name\":\"updated_by_id\",\"type\":\"integer\",\"args\":[],\"defaultTo\":null,\"notNullable\":false,\"unsigned\":true},{\"name\":\"locale\",\"type\":\"string\",\"args\":[],\"defaultTo\":null,\"notNullable\":false,\"unsigned\":false}]},{\"name\":\"milestones\",\"indexes\":[{\"name\":\"milestones_created_by_id_fk\",\"columns\":[\"created_by_id\"]},{\"name\":\"milestones_updated_by_id_fk\",\"columns\":[\"updated_by_id\"]}],\"foreignKeys\":[{\"name\":\"milestones_created_by_id_fk\",\"columns\":[\"created_by_id\"],\"referencedTable\":\"admin_users\",\"referencedColumns\":[\"id\"],\"onDelete\":\"SET NULL\"},{\"name\":\"milestones_updated_by_id_fk\",\"columns\":[\"updated_by_id\"],\"referencedTable\":\"admin_users\",\"referencedColumns\":[\"id\"],\"onDelete\":\"SET NULL\"}],\"columns\":[{\"name\":\"id\",\"type\":\"increments\",\"args\":[{\"primary\":true,\"primaryKey\":true}],\"defaultTo\":null,\"notNullable\":true,\"unsigned\":false},{\"name\":\"created_at\",\"type\":\"datetime\",\"args\":[{\"useTz\":false,\"precision\":6}],\"defaultTo\":null,\"notNullable\":false,\"unsigned\":false},{\"name\":\"updated_at\",\"type\":\"datetime\",\"args\":[{\"useTz\":false,\"precision\":6}],\"defaultTo\":null,\"notNullable\":false,\"unsigned\":false},{\"name\":\"published_at\",\"type\":\"datetime\",\"args\":[{\"useTz\":false,\"precision\":6}],\"defaultTo\":null,\"notNullable\":false,\"unsigned\":false},{\"name\":\"created_by_id\",\"type\":\"integer\",\"args\":[],\"defaultTo\":null,\"notNullable\":false,\"unsigned\":true},{\"name\":\"updated_by_id\",\"type\":\"integer\",\"args\":[],\"defaultTo\":null,\"notNullable\":false,\"unsigned\":true},{\"name\":\"locale\",\"type\":\"string\",\"args\":[],\"defaultTo\":null,\"notNullable\":false,\"unsigned\":false}]},{\"name\":\"newss\",\"indexes\":[{\"name\":\"newss_created_by_id_fk\",\"columns\":[\"created_by_id\"]},{\"name\":\"newss_updated_by_id_fk\",\"columns\":[\"updated_by_id\"]}],\"foreignKeys\":[{\"name\":\"newss_created_by_id_fk\",\"columns\":[\"created_by_id\"],\"referencedTable\":\"admin_users\",\"referencedColumns\":[\"id\"],\"onDelete\":\"SET NULL\"},{\"name\":\"newss_updated_by_id_fk\",\"columns\":[\"updated_by_id\"],\"referencedTable\":\"admin_users\",\"referencedColumns\":[\"id\"],\"onDelete\":\"SET NULL\"}],\"columns\":[{\"name\":\"id\",\"type\":\"increments\",\"args\":[{\"primary\":true,\"primaryKey\":true}],\"defaultTo\":null,\"notNullable\":true,\"unsigned\":false},{\"name\":\"title\",\"type\":\"string\",\"args\":[],\"defaultTo\":null,\"notNullable\":false,\"unsigned\":false},{\"name\":\"type\",\"type\":\"string\",\"args\":[],\"defaultTo\":null,\"notNullable\":false,\"unsigned\":false},{\"name\":\"is_hot\",\"type\":\"boolean\",\"args\":[],\"defaultTo\":null,\"notNullable\":false,\"unsigned\":false},{\"name\":\"preview_content\",\"type\":\"text\",\"args\":[\"longtext\"],\"defaultTo\":null,\"notNullable\":false,\"unsigned\":false},{\"name\":\"slug\",\"type\":\"string\",\"args\":[],\"defaultTo\":null,\"notNullable\":false,\"unsigned\":false},{\"name\":\"page_view\",\"type\":\"bigInteger\",\"args\":[],\"defaultTo\":null,\"notNullable\":false,\"unsigned\":false},{\"name\":\"like\",\"type\":\"bigInteger\",\"args\":[],\"defaultTo\":null,\"notNullable\":false,\"unsigned\":false},{\"name\":\"dislike\",\"type\":\"bigInteger\",\"args\":[],\"defaultTo\":null,\"notNullable\":false,\"unsigned\":false},{\"name\":\"contents\",\"type\":\"text\",\"args\":[\"longtext\"],\"defaultTo\":null,\"notNullable\":false,\"unsigned\":false},{\"name\":\"created_at\",\"type\":\"datetime\",\"args\":[{\"useTz\":false,\"precision\":6}],\"defaultTo\":null,\"notNullable\":false,\"unsigned\":false},{\"name\":\"updated_at\",\"type\":\"datetime\",\"args\":[{\"useTz\":false,\"precision\":6}],\"defaultTo\":null,\"notNullable\":false,\"unsigned\":false},{\"name\":\"published_at\",\"type\":\"datetime\",\"args\":[{\"useTz\":false,\"precision\":6}],\"defaultTo\":null,\"notNullable\":false,\"unsigned\":false},{\"name\":\"created_by_id\",\"type\":\"integer\",\"args\":[],\"defaultTo\":null,\"notNullable\":false,\"unsigned\":true},{\"name\":\"updated_by_id\",\"type\":\"integer\",\"args\":[],\"defaultTo\":null,\"notNullable\":false,\"unsigned\":true},{\"name\":\"locale\",\"type\":\"string\",\"args\":[],\"defaultTo\":null,\"notNullable\":false,\"unsigned\":false}]},{\"name\":\"orders\",\"indexes\":[{\"name\":\"orders_created_by_id_fk\",\"columns\":[\"created_by_id\"]},{\"name\":\"orders_updated_by_id_fk\",\"columns\":[\"updated_by_id\"]}],\"foreignKeys\":[{\"name\":\"orders_created_by_id_fk\",\"columns\":[\"created_by_id\"],\"referencedTable\":\"admin_users\",\"referencedColumns\":[\"id\"],\"onDelete\":\"SET NULL\"},{\"name\":\"orders_updated_by_id_fk\",\"columns\":[\"updated_by_id\"],\"referencedTable\":\"admin_users\",\"referencedColumns\":[\"id\"],\"onDelete\":\"SET NULL\"}],\"columns\":[{\"name\":\"id\",\"type\":\"increments\",\"args\":[{\"primary\":true,\"primaryKey\":true}],\"defaultTo\":null,\"notNullable\":true,\"unsigned\":false},{\"name\":\"fullname\",\"type\":\"string\",\"args\":[],\"defaultTo\":null,\"notNullable\":false,\"unsigned\":false},{\"name\":\"phone_number\",\"type\":\"string\",\"args\":[],\"defaultTo\":null,\"notNullable\":false,\"unsigned\":false},{\"name\":\"email\",\"type\":\"string\",\"args\":[],\"defaultTo\":null,\"notNullable\":false,\"unsigned\":false},{\"name\":\"service\",\"type\":\"string\",\"args\":[],\"defaultTo\":null,\"notNullable\":false,\"unsigned\":false},{\"name\":\"from\",\"type\":\"string\",\"args\":[],\"defaultTo\":null,\"notNullable\":false,\"unsigned\":false},{\"name\":\"to\",\"type\":\"string\",\"args\":[],\"defaultTo\":null,\"notNullable\":false,\"unsigned\":false},{\"name\":\"note\",\"type\":\"text\",\"args\":[\"longtext\"],\"defaultTo\":null,\"notNullable\":false,\"unsigned\":false},{\"name\":\"service_type\",\"type\":\"string\",\"args\":[],\"defaultTo\":null,\"notNullable\":false,\"unsigned\":false},{\"name\":\"weight\",\"type\":\"decimal\",\"args\":[10,2],\"defaultTo\":null,\"notNullable\":false,\"unsigned\":false},{\"name\":\"created_at\",\"type\":\"datetime\",\"args\":[{\"useTz\":false,\"precision\":6}],\"defaultTo\":null,\"notNullable\":false,\"unsigned\":false},{\"name\":\"updated_at\",\"type\":\"datetime\",\"args\":[{\"useTz\":false,\"precision\":6}],\"defaultTo\":null,\"notNullable\":false,\"unsigned\":false},{\"name\":\"created_by_id\",\"type\":\"integer\",\"args\":[],\"defaultTo\":null,\"notNullable\":false,\"unsigned\":true},{\"name\":\"updated_by_id\",\"type\":\"integer\",\"args\":[],\"defaultTo\":null,\"notNullable\":false,\"unsigned\":true}]},{\"name\":\"packings\",\"indexes\":[{\"name\":\"packings_created_by_id_fk\",\"columns\":[\"created_by_id\"]},{\"name\":\"packings_updated_by_id_fk\",\"columns\":[\"updated_by_id\"]}],\"foreignKeys\":[{\"name\":\"packings_created_by_id_fk\",\"columns\":[\"created_by_id\"],\"referencedTable\":\"admin_users\",\"referencedColumns\":[\"id\"],\"onDelete\":\"SET NULL\"},{\"name\":\"packings_updated_by_id_fk\",\"columns\":[\"updated_by_id\"],\"referencedTable\":\"admin_users\",\"referencedColumns\":[\"id\"],\"onDelete\":\"SET NULL\"}],\"columns\":[{\"name\":\"id\",\"type\":\"increments\",\"args\":[{\"primary\":true,\"primaryKey\":true}],\"defaultTo\":null,\"notNullable\":true,\"unsigned\":false},{\"name\":\"created_at\",\"type\":\"datetime\",\"args\":[{\"useTz\":false,\"precision\":6}],\"defaultTo\":null,\"notNullable\":false,\"unsigned\":false},{\"name\":\"updated_at\",\"type\":\"datetime\",\"args\":[{\"useTz\":false,\"precision\":6}],\"defaultTo\":null,\"notNullable\":false,\"unsigned\":false},{\"name\":\"published_at\",\"type\":\"datetime\",\"args\":[{\"useTz\":false,\"precision\":6}],\"defaultTo\":null,\"notNullable\":false,\"unsigned\":false},{\"name\":\"created_by_id\",\"type\":\"integer\",\"args\":[],\"defaultTo\":null,\"notNullable\":false,\"unsigned\":true},{\"name\":\"updated_by_id\",\"type\":\"integer\",\"args\":[],\"defaultTo\":null,\"notNullable\":false,\"unsigned\":true},{\"name\":\"locale\",\"type\":\"string\",\"args\":[],\"defaultTo\":null,\"notNullable\":false,\"unsigned\":false}]},{\"name\":\"provinces\",\"indexes\":[{\"name\":\"provinces_created_by_id_fk\",\"columns\":[\"created_by_id\"]},{\"name\":\"provinces_updated_by_id_fk\",\"columns\":[\"updated_by_id\"]}],\"foreignKeys\":[{\"name\":\"provinces_created_by_id_fk\",\"columns\":[\"created_by_id\"],\"referencedTable\":\"admin_users\",\"referencedColumns\":[\"id\"],\"onDelete\":\"SET NULL\"},{\"name\":\"provinces_updated_by_id_fk\",\"columns\":[\"updated_by_id\"],\"referencedTable\":\"admin_users\",\"referencedColumns\":[\"id\"],\"onDelete\":\"SET NULL\"}],\"columns\":[{\"name\":\"id\",\"type\":\"increments\",\"args\":[{\"primary\":true,\"primaryKey\":true}],\"defaultTo\":null,\"notNullable\":true,\"unsigned\":false},{\"name\":\"name\",\"type\":\"string\",\"args\":[],\"defaultTo\":null,\"notNullable\":false,\"unsigned\":false},{\"name\":\"fullname\",\"type\":\"string\",\"args\":[],\"defaultTo\":null,\"notNullable\":false,\"unsigned\":false},{\"name\":\"created_at\",\"type\":\"datetime\",\"args\":[{\"useTz\":false,\"precision\":6}],\"defaultTo\":null,\"notNullable\":false,\"unsigned\":false},{\"name\":\"updated_at\",\"type\":\"datetime\",\"args\":[{\"useTz\":false,\"precision\":6}],\"defaultTo\":null,\"notNullable\":false,\"unsigned\":false},{\"name\":\"created_by_id\",\"type\":\"integer\",\"args\":[],\"defaultTo\":null,\"notNullable\":false,\"unsigned\":true},{\"name\":\"updated_by_id\",\"type\":\"integer\",\"args\":[],\"defaultTo\":null,\"notNullable\":false,\"unsigned\":true},{\"name\":\"locale\",\"type\":\"string\",\"args\":[],\"defaultTo\":null,\"notNullable\":false,\"unsigned\":false}]},{\"name\":\"rail_transportations\",\"indexes\":[{\"name\":\"rail_transportations_created_by_id_fk\",\"columns\":[\"created_by_id\"]},{\"name\":\"rail_transportations_updated_by_id_fk\",\"columns\":[\"updated_by_id\"]}],\"foreignKeys\":[{\"name\":\"rail_transportations_created_by_id_fk\",\"columns\":[\"created_by_id\"],\"referencedTable\":\"admin_users\",\"referencedColumns\":[\"id\"],\"onDelete\":\"SET NULL\"},{\"name\":\"rail_transportations_updated_by_id_fk\",\"columns\":[\"updated_by_id\"],\"referencedTable\":\"admin_users\",\"referencedColumns\":[\"id\"],\"onDelete\":\"SET NULL\"}],\"columns\":[{\"name\":\"id\",\"type\":\"increments\",\"args\":[{\"primary\":true,\"primaryKey\":true}],\"defaultTo\":null,\"notNullable\":true,\"unsigned\":false},{\"name\":\"description\",\"type\":\"text\",\"args\":[\"longtext\"],\"defaultTo\":null,\"notNullable\":false,\"unsigned\":false},{\"name\":\"created_at\",\"type\":\"datetime\",\"args\":[{\"useTz\":false,\"precision\":6}],\"defaultTo\":null,\"notNullable\":false,\"unsigned\":false},{\"name\":\"updated_at\",\"type\":\"datetime\",\"args\":[{\"useTz\":false,\"precision\":6}],\"defaultTo\":null,\"notNullable\":false,\"unsigned\":false},{\"name\":\"published_at\",\"type\":\"datetime\",\"args\":[{\"useTz\":false,\"precision\":6}],\"defaultTo\":null,\"notNullable\":false,\"unsigned\":false},{\"name\":\"created_by_id\",\"type\":\"integer\",\"args\":[],\"defaultTo\":null,\"notNullable\":false,\"unsigned\":true},{\"name\":\"updated_by_id\",\"type\":\"integer\",\"args\":[],\"defaultTo\":null,\"notNullable\":false,\"unsigned\":true},{\"name\":\"locale\",\"type\":\"string\",\"args\":[],\"defaultTo\":null,\"notNullable\":false,\"unsigned\":false}]},{\"name\":\"sea_transports\",\"indexes\":[{\"name\":\"sea_transports_created_by_id_fk\",\"columns\":[\"created_by_id\"]},{\"name\":\"sea_transports_updated_by_id_fk\",\"columns\":[\"updated_by_id\"]}],\"foreignKeys\":[{\"name\":\"sea_transports_created_by_id_fk\",\"columns\":[\"created_by_id\"],\"referencedTable\":\"admin_users\",\"referencedColumns\":[\"id\"],\"onDelete\":\"SET NULL\"},{\"name\":\"sea_transports_updated_by_id_fk\",\"columns\":[\"updated_by_id\"],\"referencedTable\":\"admin_users\",\"referencedColumns\":[\"id\"],\"onDelete\":\"SET NULL\"}],\"columns\":[{\"name\":\"id\",\"type\":\"increments\",\"args\":[{\"primary\":true,\"primaryKey\":true}],\"defaultTo\":null,\"notNullable\":true,\"unsigned\":false},{\"name\":\"description\",\"type\":\"text\",\"args\":[\"longtext\"],\"defaultTo\":null,\"notNullable\":false,\"unsigned\":false},{\"name\":\"created_at\",\"type\":\"datetime\",\"args\":[{\"useTz\":false,\"precision\":6}],\"defaultTo\":null,\"notNullable\":false,\"unsigned\":false},{\"name\":\"updated_at\",\"type\":\"datetime\",\"args\":[{\"useTz\":false,\"precision\":6}],\"defaultTo\":null,\"notNullable\":false,\"unsigned\":false},{\"name\":\"created_by_id\",\"type\":\"integer\",\"args\":[],\"defaultTo\":null,\"notNullable\":false,\"unsigned\":true},{\"name\":\"updated_by_id\",\"type\":\"integer\",\"args\":[],\"defaultTo\":null,\"notNullable\":false,\"unsigned\":true},{\"name\":\"locale\",\"type\":\"string\",\"args\":[],\"defaultTo\":null,\"notNullable\":false,\"unsigned\":false}]},{\"name\":\"services\",\"indexes\":[{\"name\":\"services_created_by_id_fk\",\"columns\":[\"created_by_id\"]},{\"name\":\"services_updated_by_id_fk\",\"columns\":[\"updated_by_id\"]}],\"foreignKeys\":[{\"name\":\"services_created_by_id_fk\",\"columns\":[\"created_by_id\"],\"referencedTable\":\"admin_users\",\"referencedColumns\":[\"id\"],\"onDelete\":\"SET NULL\"},{\"name\":\"services_updated_by_id_fk\",\"columns\":[\"updated_by_id\"],\"referencedTable\":\"admin_users\",\"referencedColumns\":[\"id\"],\"onDelete\":\"SET NULL\"}],\"columns\":[{\"name\":\"id\",\"type\":\"increments\",\"args\":[{\"primary\":true,\"primaryKey\":true}],\"defaultTo\":null,\"notNullable\":true,\"unsigned\":false},{\"name\":\"description\",\"type\":\"string\",\"args\":[],\"defaultTo\":null,\"notNullable\":false,\"unsigned\":false},{\"name\":\"description_service\",\"type\":\"text\",\"args\":[\"longtext\"],\"defaultTo\":null,\"notNullable\":false,\"unsigned\":false},{\"name\":\"created_at\",\"type\":\"datetime\",\"args\":[{\"useTz\":false,\"precision\":6}],\"defaultTo\":null,\"notNullable\":false,\"unsigned\":false},{\"name\":\"updated_at\",\"type\":\"datetime\",\"args\":[{\"useTz\":false,\"precision\":6}],\"defaultTo\":null,\"notNullable\":false,\"unsigned\":false},{\"name\":\"published_at\",\"type\":\"datetime\",\"args\":[{\"useTz\":false,\"precision\":6}],\"defaultTo\":null,\"notNullable\":false,\"unsigned\":false},{\"name\":\"created_by_id\",\"type\":\"integer\",\"args\":[],\"defaultTo\":null,\"notNullable\":false,\"unsigned\":true},{\"name\":\"updated_by_id\",\"type\":\"integer\",\"args\":[],\"defaultTo\":null,\"notNullable\":false,\"unsigned\":true},{\"name\":\"locale\",\"type\":\"string\",\"args\":[],\"defaultTo\":null,\"notNullable\":false,\"unsigned\":false}]},{\"name\":\"truckings\",\"indexes\":[{\"name\":\"truckings_created_by_id_fk\",\"columns\":[\"created_by_id\"]},{\"name\":\"truckings_updated_by_id_fk\",\"columns\":[\"updated_by_id\"]}],\"foreignKeys\":[{\"name\":\"truckings_created_by_id_fk\",\"columns\":[\"created_by_id\"],\"referencedTable\":\"admin_users\",\"referencedColumns\":[\"id\"],\"onDelete\":\"SET NULL\"},{\"name\":\"truckings_updated_by_id_fk\",\"columns\":[\"updated_by_id\"],\"referencedTable\":\"admin_users\",\"referencedColumns\":[\"id\"],\"onDelete\":\"SET NULL\"}],\"columns\":[{\"name\":\"id\",\"type\":\"increments\",\"args\":[{\"primary\":true,\"primaryKey\":true}],\"defaultTo\":null,\"notNullable\":true,\"unsigned\":false},{\"name\":\"description\",\"type\":\"text\",\"args\":[\"longtext\"],\"defaultTo\":null,\"notNullable\":false,\"unsigned\":false},{\"name\":\"created_at\",\"type\":\"datetime\",\"args\":[{\"useTz\":false,\"precision\":6}],\"defaultTo\":null,\"notNullable\":false,\"unsigned\":false},{\"name\":\"updated_at\",\"type\":\"datetime\",\"args\":[{\"useTz\":false,\"precision\":6}],\"defaultTo\":null,\"notNullable\":false,\"unsigned\":false},{\"name\":\"published_at\",\"type\":\"datetime\",\"args\":[{\"useTz\":false,\"precision\":6}],\"defaultTo\":null,\"notNullable\":false,\"unsigned\":false},{\"name\":\"created_by_id\",\"type\":\"integer\",\"args\":[],\"defaultTo\":null,\"notNullable\":false,\"unsigned\":true},{\"name\":\"updated_by_id\",\"type\":\"integer\",\"args\":[],\"defaultTo\":null,\"notNullable\":false,\"unsigned\":true},{\"name\":\"locale\",\"type\":\"string\",\"args\":[],\"defaultTo\":null,\"notNullable\":false,\"unsigned\":false}]},{\"name\":\"warehouses\",\"indexes\":[{\"name\":\"warehouses_created_by_id_fk\",\"columns\":[\"created_by_id\"]},{\"name\":\"warehouses_updated_by_id_fk\",\"columns\":[\"updated_by_id\"]}],\"foreignKeys\":[{\"name\":\"warehouses_created_by_id_fk\",\"columns\":[\"created_by_id\"],\"referencedTable\":\"admin_users\",\"referencedColumns\":[\"id\"],\"onDelete\":\"SET NULL\"},{\"name\":\"warehouses_updated_by_id_fk\",\"columns\":[\"updated_by_id\"],\"referencedTable\":\"admin_users\",\"referencedColumns\":[\"id\"],\"onDelete\":\"SET NULL\"}],\"columns\":[{\"name\":\"id\",\"type\":\"increments\",\"args\":[{\"primary\":true,\"primaryKey\":true}],\"defaultTo\":null,\"notNullable\":true,\"unsigned\":false},{\"name\":\"created_at\",\"type\":\"datetime\",\"args\":[{\"useTz\":false,\"precision\":6}],\"defaultTo\":null,\"notNullable\":false,\"unsigned\":false},{\"name\":\"updated_at\",\"type\":\"datetime\",\"args\":[{\"useTz\":false,\"precision\":6}],\"defaultTo\":null,\"notNullable\":false,\"unsigned\":false},{\"name\":\"published_at\",\"type\":\"datetime\",\"args\":[{\"useTz\":false,\"precision\":6}],\"defaultTo\":null,\"notNullable\":false,\"unsigned\":false},{\"name\":\"created_by_id\",\"type\":\"integer\",\"args\":[],\"defaultTo\":null,\"notNullable\":false,\"unsigned\":true},{\"name\":\"updated_by_id\",\"type\":\"integer\",\"args\":[],\"defaultTo\":null,\"notNullable\":false,\"unsigned\":true},{\"name\":\"locale\",\"type\":\"string\",\"args\":[],\"defaultTo\":null,\"notNullable\":false,\"unsigned\":false}]},{\"name\":\"components_air_features\",\"indexes\":[],\"foreignKeys\":[],\"columns\":[{\"name\":\"id\",\"type\":\"increments\",\"args\":[{\"primary\":true,\"primaryKey\":true}],\"defaultTo\":null,\"notNullable\":true,\"unsigned\":false},{\"name\":\"title\",\"type\":\"string\",\"args\":[],\"defaultTo\":null,\"notNullable\":false,\"unsigned\":false}]},{\"name\":\"components_service_advantages\",\"indexes\":[],\"foreignKeys\":[],\"columns\":[{\"name\":\"id\",\"type\":\"increments\",\"args\":[{\"primary\":true,\"primaryKey\":true}],\"defaultTo\":null,\"notNullable\":true,\"unsigned\":false},{\"name\":\"title\",\"type\":\"string\",\"args\":[],\"defaultTo\":null,\"notNullable\":false,\"unsigned\":false}]},{\"name\":\"components_common_group_image_contents\",\"indexes\":[],\"foreignKeys\":[],\"columns\":[{\"name\":\"id\",\"type\":\"increments\",\"args\":[{\"primary\":true,\"primaryKey\":true}],\"defaultTo\":null,\"notNullable\":true,\"unsigned\":false},{\"name\":\"title\",\"type\":\"string\",\"args\":[],\"defaultTo\":null,\"notNullable\":false,\"unsigned\":false},{\"name\":\"content\",\"type\":\"text\",\"args\":[\"longtext\"],\"defaultTo\":null,\"notNullable\":false,\"unsigned\":false},{\"name\":\"link\",\"type\":\"string\",\"args\":[],\"defaultTo\":null,\"notNullable\":false,\"unsigned\":false}]},{\"name\":\"components_common_price_tables\",\"indexes\":[],\"foreignKeys\":[],\"columns\":[{\"name\":\"id\",\"type\":\"increments\",\"args\":[{\"primary\":true,\"primaryKey\":true}],\"defaultTo\":null,\"notNullable\":true,\"unsigned\":false},{\"name\":\"title\",\"type\":\"string\",\"args\":[],\"defaultTo\":null,\"notNullable\":false,\"unsigned\":false}]},{\"name\":\"components_contact_contacts\",\"indexes\":[],\"foreignKeys\":[],\"columns\":[{\"name\":\"id\",\"type\":\"increments\",\"args\":[{\"primary\":true,\"primaryKey\":true}],\"defaultTo\":null,\"notNullable\":true,\"unsigned\":false},{\"name\":\"title\",\"type\":\"string\",\"args\":[],\"defaultTo\":null,\"notNullable\":false,\"unsigned\":false},{\"name\":\"description\",\"type\":\"text\",\"args\":[\"longtext\"],\"defaultTo\":null,\"notNullable\":false,\"unsigned\":false},{\"name\":\"role\",\"type\":\"string\",\"args\":[],\"defaultTo\":null,\"notNullable\":false,\"unsigned\":false},{\"name\":\"email\",\"type\":\"string\",\"args\":[],\"defaultTo\":null,\"notNullable\":false,\"unsigned\":false},{\"name\":\"hotline\",\"type\":\"string\",\"args\":[],\"defaultTo\":null,\"notNullable\":false,\"unsigned\":false},{\"name\":\"formatted_hotline\",\"type\":\"string\",\"args\":[],\"defaultTo\":null,\"notNullable\":false,\"unsigned\":false}]},{\"name\":\"components_custom_procedures\",\"indexes\":[],\"foreignKeys\":[],\"columns\":[{\"name\":\"id\",\"type\":\"increments\",\"args\":[{\"primary\":true,\"primaryKey\":true}],\"defaultTo\":null,\"notNullable\":true,\"unsigned\":false},{\"name\":\"text\",\"type\":\"string\",\"args\":[],\"defaultTo\":null,\"notNullable\":false,\"unsigned\":false},{\"name\":\"is_active\",\"type\":\"boolean\",\"args\":[],\"defaultTo\":null,\"notNullable\":false,\"unsigned\":false}]},{\"name\":\"components_footer_column_footer_columns\",\"indexes\":[],\"foreignKeys\":[],\"columns\":[{\"name\":\"id\",\"type\":\"increments\",\"args\":[{\"primary\":true,\"primaryKey\":true}],\"defaultTo\":null,\"notNullable\":true,\"unsigned\":false},{\"name\":\"title\",\"type\":\"string\",\"args\":[],\"defaultTo\":null,\"notNullable\":false,\"unsigned\":false}]},{\"name\":\"components_footer_info_footer_infos\",\"indexes\":[],\"foreignKeys\":[],\"columns\":[{\"name\":\"id\",\"type\":\"increments\",\"args\":[{\"primary\":true,\"primaryKey\":true}],\"defaultTo\":null,\"notNullable\":true,\"unsigned\":false},{\"name\":\"title\",\"type\":\"string\",\"args\":[],\"defaultTo\":null,\"notNullable\":false,\"unsigned\":false},{\"name\":\"url\",\"type\":\"string\",\"args\":[],\"defaultTo\":null,\"notNullable\":false,\"unsigned\":false}]},{\"name\":\"components_footer_link_footer_links\",\"indexes\":[],\"foreignKeys\":[],\"columns\":[{\"name\":\"id\",\"type\":\"increments\",\"args\":[{\"primary\":true,\"primaryKey\":true}],\"defaultTo\":null,\"notNullable\":true,\"unsigned\":false},{\"name\":\"title\",\"type\":\"string\",\"args\":[],\"defaultTo\":null,\"notNullable\":false,\"unsigned\":false},{\"name\":\"url\",\"type\":\"string\",\"args\":[],\"defaultTo\":null,\"notNullable\":false,\"unsigned\":false},{\"name\":\"is_external_link\",\"type\":\"boolean\",\"args\":[],\"defaultTo\":null,\"notNullable\":false,\"unsigned\":false}]},{\"name\":\"components_footer_social_links\",\"indexes\":[],\"foreignKeys\":[],\"columns\":[{\"name\":\"id\",\"type\":\"increments\",\"args\":[{\"primary\":true,\"primaryKey\":true}],\"defaultTo\":null,\"notNullable\":true,\"unsigned\":false},{\"name\":\"url\",\"type\":\"string\",\"args\":[],\"defaultTo\":null,\"notNullable\":false,\"unsigned\":false}]},{\"name\":\"components_about_abouts\",\"indexes\":[],\"foreignKeys\":[],\"columns\":[{\"name\":\"id\",\"type\":\"increments\",\"args\":[{\"primary\":true,\"primaryKey\":true}],\"defaultTo\":null,\"notNullable\":true,\"unsigned\":false},{\"name\":\"is_plus\",\"type\":\"boolean\",\"args\":[],\"defaultTo\":null,\"notNullable\":false,\"unsigned\":false},{\"name\":\"heading\",\"type\":\"integer\",\"args\":[],\"defaultTo\":null,\"notNullable\":false,\"unsigned\":false},{\"name\":\"subject\",\"type\":\"string\",\"args\":[],\"defaultTo\":null,\"notNullable\":false,\"unsigned\":false},{\"name\":\"detail\",\"type\":\"string\",\"args\":[],\"defaultTo\":null,\"notNullable\":false,\"unsigned\":false}]},{\"name\":\"components_home_banners\",\"indexes\":[],\"foreignKeys\":[],\"columns\":[{\"name\":\"id\",\"type\":\"increments\",\"args\":[{\"primary\":true,\"primaryKey\":true}],\"defaultTo\":null,\"notNullable\":true,\"unsigned\":false},{\"name\":\"url\",\"type\":\"string\",\"args\":[],\"defaultTo\":null,\"notNullable\":false,\"unsigned\":false}]},{\"name\":\"components_features_features\",\"indexes\":[],\"foreignKeys\":[],\"columns\":[{\"name\":\"id\",\"type\":\"increments\",\"args\":[{\"primary\":true,\"primaryKey\":true}],\"defaultTo\":null,\"notNullable\":true,\"unsigned\":false},{\"name\":\"title\",\"type\":\"text\",\"args\":[\"longtext\"],\"defaultTo\":null,\"notNullable\":false,\"unsigned\":false}]},{\"name\":\"components_home_lookup_home_lookups\",\"indexes\":[],\"foreignKeys\":[],\"columns\":[{\"name\":\"id\",\"type\":\"increments\",\"args\":[{\"primary\":true,\"primaryKey\":true}],\"defaultTo\":null,\"notNullable\":true,\"unsigned\":false},{\"name\":\"title\",\"type\":\"string\",\"args\":[],\"defaultTo\":null,\"notNullable\":false,\"unsigned\":false}]},{\"name\":\"components_home_partner_home_partners\",\"indexes\":[],\"foreignKeys\":[],\"columns\":[{\"name\":\"id\",\"type\":\"increments\",\"args\":[{\"primary\":true,\"primaryKey\":true}],\"defaultTo\":null,\"notNullable\":true,\"unsigned\":false},{\"name\":\"url\",\"type\":\"string\",\"args\":[],\"defaultTo\":null,\"notNullable\":false,\"unsigned\":false}]},{\"name\":\"components_home_service_home_services\",\"indexes\":[],\"foreignKeys\":[],\"columns\":[{\"name\":\"id\",\"type\":\"increments\",\"args\":[{\"primary\":true,\"primaryKey\":true}],\"defaultTo\":null,\"notNullable\":true,\"unsigned\":false},{\"name\":\"title\",\"type\":\"string\",\"args\":[],\"defaultTo\":null,\"notNullable\":false,\"unsigned\":false},{\"name\":\"url\",\"type\":\"string\",\"args\":[],\"defaultTo\":null,\"notNullable\":false,\"unsigned\":false}]},{\"name\":\"components_home_sub_service_home_sub_services\",\"indexes\":[],\"foreignKeys\":[],\"columns\":[{\"name\":\"id\",\"type\":\"increments\",\"args\":[{\"primary\":true,\"primaryKey\":true}],\"defaultTo\":null,\"notNullable\":true,\"unsigned\":false},{\"name\":\"title\",\"type\":\"string\",\"args\":[],\"defaultTo\":null,\"notNullable\":false,\"unsigned\":false},{\"name\":\"url\",\"type\":\"string\",\"args\":[],\"defaultTo\":null,\"notNullable\":false,\"unsigned\":false}]},{\"name\":\"components_home_tab_home_tabs\",\"indexes\":[],\"foreignKeys\":[],\"columns\":[{\"name\":\"id\",\"type\":\"increments\",\"args\":[{\"primary\":true,\"primaryKey\":true}],\"defaultTo\":null,\"notNullable\":true,\"unsigned\":false},{\"name\":\"title\",\"type\":\"text\",\"args\":[\"longtext\"],\"defaultTo\":null,\"notNullable\":false,\"unsigned\":false}]},{\"name\":\"components_service_contact_service_contacts\",\"indexes\":[],\"foreignKeys\":[],\"columns\":[{\"name\":\"id\",\"type\":\"increments\",\"args\":[{\"primary\":true,\"primaryKey\":true}],\"defaultTo\":null,\"notNullable\":true,\"unsigned\":false},{\"name\":\"name\",\"type\":\"string\",\"args\":[],\"defaultTo\":null,\"notNullable\":false,\"unsigned\":false},{\"name\":\"phone\",\"type\":\"string\",\"args\":[],\"defaultTo\":null,\"notNullable\":false,\"unsigned\":false},{\"name\":\"phone_displayed\",\"type\":\"string\",\"args\":[],\"defaultTo\":null,\"notNullable\":false,\"unsigned\":false}]},{\"name\":\"components_introduce_core_values\",\"indexes\":[],\"foreignKeys\":[],\"columns\":[{\"name\":\"id\",\"type\":\"increments\",\"args\":[{\"primary\":true,\"primaryKey\":true}],\"defaultTo\":null,\"notNullable\":true,\"unsigned\":false},{\"name\":\"center_customer_title\",\"type\":\"string\",\"args\":[],\"defaultTo\":null,\"notNullable\":false,\"unsigned\":false},{\"name\":\"center_customer_content\",\"type\":\"text\",\"args\":[\"longtext\"],\"defaultTo\":null,\"notNullable\":false,\"unsigned\":false},{\"name\":\"kindness_title\",\"type\":\"string\",\"args\":[],\"defaultTo\":null,\"notNullable\":false,\"unsigned\":false}]},{\"name\":\"components_introduce_features\",\"indexes\":[],\"foreignKeys\":[],\"columns\":[{\"name\":\"id\",\"type\":\"increments\",\"args\":[{\"primary\":true,\"primaryKey\":true}],\"defaultTo\":null,\"notNullable\":true,\"unsigned\":false},{\"name\":\"title\",\"type\":\"string\",\"args\":[],\"defaultTo\":null,\"notNullable\":false,\"unsigned\":false},{\"name\":\"number\",\"type\":\"integer\",\"args\":[],\"defaultTo\":null,\"notNullable\":false,\"unsigned\":false}]},{\"name\":\"components_introduce_generals\",\"indexes\":[],\"foreignKeys\":[],\"columns\":[{\"name\":\"id\",\"type\":\"increments\",\"args\":[{\"primary\":true,\"primaryKey\":true}],\"defaultTo\":null,\"notNullable\":true,\"unsigned\":false},{\"name\":\"title\",\"type\":\"string\",\"args\":[],\"defaultTo\":null,\"notNullable\":false,\"unsigned\":false},{\"name\":\"content\",\"type\":\"text\",\"args\":[\"longtext\"],\"defaultTo\":null,\"notNullable\":false,\"unsigned\":false}]},{\"name\":\"components_introduce_milestones\",\"indexes\":[],\"foreignKeys\":[],\"columns\":[{\"name\":\"id\",\"type\":\"increments\",\"args\":[{\"primary\":true,\"primaryKey\":true}],\"defaultTo\":null,\"notNullable\":true,\"unsigned\":false},{\"name\":\"timeline\",\"type\":\"bigInteger\",\"args\":[],\"defaultTo\":null,\"notNullable\":false,\"unsigned\":false},{\"name\":\"datetime\",\"type\":\"string\",\"args\":[],\"defaultTo\":null,\"notNullable\":false,\"unsigned\":false},{\"name\":\"content\",\"type\":\"text\",\"args\":[\"longtext\"],\"defaultTo\":null,\"notNullable\":false,\"unsigned\":false}]},{\"name\":\"components_introduce_missions\",\"indexes\":[],\"foreignKeys\":[],\"columns\":[{\"name\":\"id\",\"type\":\"increments\",\"args\":[{\"primary\":true,\"primaryKey\":true}],\"defaultTo\":null,\"notNullable\":true,\"unsigned\":false},{\"name\":\"description\",\"type\":\"text\",\"args\":[\"longtext\"],\"defaultTo\":null,\"notNullable\":false,\"unsigned\":false}]},{\"name\":\"components_introduce_reasons_choose_wes\",\"indexes\":[],\"foreignKeys\":[],\"columns\":[{\"name\":\"id\",\"type\":\"increments\",\"args\":[{\"primary\":true,\"primaryKey\":true}],\"defaultTo\":null,\"notNullable\":true,\"unsigned\":false},{\"name\":\"description\",\"type\":\"text\",\"args\":[\"longtext\"],\"defaultTo\":null,\"notNullable\":false,\"unsigned\":false}]},{\"name\":\"components_rail_services\",\"indexes\":[],\"foreignKeys\":[],\"columns\":[{\"name\":\"id\",\"type\":\"increments\",\"args\":[{\"primary\":true,\"primaryKey\":true}],\"defaultTo\":null,\"notNullable\":true,\"unsigned\":false},{\"name\":\"title\",\"type\":\"string\",\"args\":[],\"defaultTo\":null,\"notNullable\":false,\"unsigned\":false}]},{\"name\":\"components_sea_features\",\"indexes\":[],\"foreignKeys\":[],\"columns\":[{\"name\":\"id\",\"type\":\"increments\",\"args\":[{\"primary\":true,\"primaryKey\":true}],\"defaultTo\":null,\"notNullable\":true,\"unsigned\":false},{\"name\":\"from\",\"type\":\"integer\",\"args\":[],\"defaultTo\":null,\"notNullable\":false,\"unsigned\":false},{\"name\":\"to\",\"type\":\"integer\",\"args\":[],\"defaultTo\":null,\"notNullable\":false,\"unsigned\":false},{\"name\":\"unit\",\"type\":\"string\",\"args\":[],\"defaultTo\":null,\"notNullable\":false,\"unsigned\":false},{\"name\":\"title\",\"type\":\"string\",\"args\":[],\"defaultTo\":null,\"notNullable\":false,\"unsigned\":false}]},{\"name\":\"components_sea_services\",\"indexes\":[],\"foreignKeys\":[],\"columns\":[{\"name\":\"id\",\"type\":\"increments\",\"args\":[{\"primary\":true,\"primaryKey\":true}],\"defaultTo\":null,\"notNullable\":true,\"unsigned\":false},{\"name\":\"title\",\"type\":\"string\",\"args\":[],\"defaultTo\":null,\"notNullable\":false,\"unsigned\":false},{\"name\":\"name\",\"type\":\"string\",\"args\":[],\"defaultTo\":null,\"notNullable\":false,\"unsigned\":false}]},{\"name\":\"components_service_features\",\"indexes\":[],\"foreignKeys\":[],\"columns\":[{\"name\":\"id\",\"type\":\"increments\",\"args\":[{\"primary\":true,\"primaryKey\":true}],\"defaultTo\":null,\"notNullable\":true,\"unsigned\":false},{\"name\":\"number\",\"type\":\"bigInteger\",\"args\":[],\"defaultTo\":null,\"notNullable\":false,\"unsigned\":false},{\"name\":\"object\",\"type\":\"string\",\"args\":[],\"defaultTo\":null,\"notNullable\":false,\"unsigned\":false},{\"name\":\"title\",\"type\":\"string\",\"args\":[],\"defaultTo\":null,\"notNullable\":false,\"unsigned\":false}]},{\"name\":\"components_service_information_services\",\"indexes\":[],\"foreignKeys\":[],\"columns\":[{\"name\":\"id\",\"type\":\"increments\",\"args\":[{\"primary\":true,\"primaryKey\":true}],\"defaultTo\":null,\"notNullable\":true,\"unsigned\":false},{\"name\":\"description\",\"type\":\"text\",\"args\":[\"longtext\"],\"defaultTo\":null,\"notNullable\":false,\"unsigned\":false}]},{\"name\":\"components_service_transportation\",\"indexes\":[],\"foreignKeys\":[],\"columns\":[{\"name\":\"id\",\"type\":\"increments\",\"args\":[{\"primary\":true,\"primaryKey\":true}],\"defaultTo\":null,\"notNullable\":true,\"unsigned\":false},{\"name\":\"title\",\"type\":\"string\",\"args\":[],\"defaultTo\":null,\"notNullable\":false,\"unsigned\":false},{\"name\":\"link\",\"type\":\"string\",\"args\":[],\"defaultTo\":null,\"notNullable\":false,\"unsigned\":false}]},{\"name\":\"components_shared_meta_socials\",\"indexes\":[],\"foreignKeys\":[],\"columns\":[{\"name\":\"id\",\"type\":\"increments\",\"args\":[{\"primary\":true,\"primaryKey\":true}],\"defaultTo\":null,\"notNullable\":true,\"unsigned\":false},{\"name\":\"social_network\",\"type\":\"string\",\"args\":[],\"defaultTo\":null,\"notNullable\":false,\"unsigned\":false},{\"name\":\"title\",\"type\":\"string\",\"args\":[],\"defaultTo\":null,\"notNullable\":false,\"unsigned\":false},{\"name\":\"description\",\"type\":\"string\",\"args\":[],\"defaultTo\":null,\"notNullable\":false,\"unsigned\":false}]},{\"name\":\"components_shared_seos\",\"indexes\":[],\"foreignKeys\":[],\"columns\":[{\"name\":\"id\",\"type\":\"increments\",\"args\":[{\"primary\":true,\"primaryKey\":true}],\"defaultTo\":null,\"notNullable\":true,\"unsigned\":false},{\"name\":\"meta_title\",\"type\":\"string\",\"args\":[],\"defaultTo\":null,\"notNullable\":false,\"unsigned\":false},{\"name\":\"meta_description\",\"type\":\"string\",\"args\":[],\"defaultTo\":null,\"notNullable\":false,\"unsigned\":false},{\"name\":\"keywords\",\"type\":\"text\",\"args\":[\"longtext\"],\"defaultTo\":null,\"notNullable\":false,\"unsigned\":false},{\"name\":\"meta_robots\",\"type\":\"string\",\"args\":[],\"defaultTo\":null,\"notNullable\":false,\"unsigned\":false},{\"name\":\"structured_data\",\"type\":\"jsonb\",\"args\":[],\"defaultTo\":null,\"notNullable\":false,\"unsigned\":false},{\"name\":\"meta_viewport\",\"type\":\"string\",\"args\":[],\"defaultTo\":null,\"notNullable\":false,\"unsigned\":false},{\"name\":\"canonical_url\",\"type\":\"string\",\"args\":[],\"defaultTo\":null,\"notNullable\":false,\"unsigned\":false}]},{\"name\":\"components_trucking_features\",\"indexes\":[],\"foreignKeys\":[],\"columns\":[{\"name\":\"id\",\"type\":\"increments\",\"args\":[{\"primary\":true,\"primaryKey\":true}],\"defaultTo\":null,\"notNullable\":true,\"unsigned\":false},{\"name\":\"title\",\"type\":\"string\",\"args\":[],\"defaultTo\":null,\"notNullable\":false,\"unsigned\":false},{\"name\":\"description\",\"type\":\"text\",\"args\":[\"longtext\"],\"defaultTo\":null,\"notNullable\":false,\"unsigned\":false}]},{\"name\":\"components_trucking_introduce_features\",\"indexes\":[],\"foreignKeys\":[],\"columns\":[{\"name\":\"id\",\"type\":\"increments\",\"args\":[{\"primary\":true,\"primaryKey\":true}],\"defaultTo\":null,\"notNullable\":true,\"unsigned\":false},{\"name\":\"title\",\"type\":\"string\",\"args\":[],\"defaultTo\":null,\"notNullable\":false,\"unsigned\":false},{\"name\":\"description\",\"type\":\"text\",\"args\":[\"longtext\"],\"defaultTo\":null,\"notNullable\":false,\"unsigned\":false}]},{\"name\":\"components_trucking_other_services\",\"indexes\":[],\"foreignKeys\":[],\"columns\":[{\"name\":\"id\",\"type\":\"increments\",\"args\":[{\"primary\":true,\"primaryKey\":true}],\"defaultTo\":null,\"notNullable\":true,\"unsigned\":false},{\"name\":\"title\",\"type\":\"string\",\"args\":[],\"defaultTo\":null,\"notNullable\":false,\"unsigned\":false},{\"name\":\"link\",\"type\":\"string\",\"args\":[],\"defaultTo\":null,\"notNullable\":false,\"unsigned\":false}]},{\"name\":\"admin_permissions_role_links\",\"indexes\":[{\"name\":\"admin_permissions_role_links_fk\",\"columns\":[\"permission_id\"]},{\"name\":\"admin_permissions_role_links_inv_fk\",\"columns\":[\"role_id\"]},{\"name\":\"admin_permissions_role_links_unique\",\"columns\":[\"permission_id\",\"role_id\"],\"type\":\"unique\"},{\"name\":\"admin_permissions_role_links_order_inv_fk\",\"columns\":[\"permission_order\"]}],\"foreignKeys\":[{\"name\":\"admin_permissions_role_links_fk\",\"columns\":[\"permission_id\"],\"referencedColumns\":[\"id\"],\"referencedTable\":\"admin_permissions\",\"onDelete\":\"CASCADE\"},{\"name\":\"admin_permissions_role_links_inv_fk\",\"columns\":[\"role_id\"],\"referencedColumns\":[\"id\"],\"referencedTable\":\"admin_roles\",\"onDelete\":\"CASCADE\"}],\"columns\":[{\"name\":\"id\",\"type\":\"increments\",\"args\":[{\"primary\":true,\"primaryKey\":true}],\"defaultTo\":null,\"notNullable\":true,\"unsigned\":false},{\"name\":\"permission_id\",\"type\":\"integer\",\"args\":[],\"defaultTo\":null,\"notNullable\":false,\"unsigned\":true},{\"name\":\"role_id\",\"type\":\"integer\",\"args\":[],\"defaultTo\":null,\"notNullable\":false,\"unsigned\":true},{\"name\":\"permission_order\",\"type\":\"double\",\"args\":[],\"defaultTo\":null,\"notNullable\":false,\"unsigned\":true}]},{\"name\":\"admin_users_roles_links\",\"indexes\":[{\"name\":\"admin_users_roles_links_fk\",\"columns\":[\"user_id\"]},{\"name\":\"admin_users_roles_links_inv_fk\",\"columns\":[\"role_id\"]},{\"name\":\"admin_users_roles_links_unique\",\"columns\":[\"user_id\",\"role_id\"],\"type\":\"unique\"},{\"name\":\"admin_users_roles_links_order_fk\",\"columns\":[\"role_order\"]},{\"name\":\"admin_users_roles_links_order_inv_fk\",\"columns\":[\"user_order\"]}],\"foreignKeys\":[{\"name\":\"admin_users_roles_links_fk\",\"columns\":[\"user_id\"],\"referencedColumns\":[\"id\"],\"referencedTable\":\"admin_users\",\"onDelete\":\"CASCADE\"},{\"name\":\"admin_users_roles_links_inv_fk\",\"columns\":[\"role_id\"],\"referencedColumns\":[\"id\"],\"referencedTable\":\"admin_roles\",\"onDelete\":\"CASCADE\"}],\"columns\":[{\"name\":\"id\",\"type\":\"increments\",\"args\":[{\"primary\":true,\"primaryKey\":true}],\"defaultTo\":null,\"notNullable\":true,\"unsigned\":false},{\"name\":\"user_id\",\"type\":\"integer\",\"args\":[],\"defaultTo\":null,\"notNullable\":false,\"unsigned\":true},{\"name\":\"role_id\",\"type\":\"integer\",\"args\":[],\"defaultTo\":null,\"notNullable\":false,\"unsigned\":true},{\"name\":\"role_order\",\"type\":\"double\",\"args\":[],\"defaultTo\":null,\"notNullable\":false,\"unsigned\":true},{\"name\":\"user_order\",\"type\":\"double\",\"args\":[],\"defaultTo\":null,\"notNullable\":false,\"unsigned\":true}]},{\"name\":\"strapi_api_token_permissions_token_links\",\"indexes\":[{\"name\":\"strapi_api_token_permissions_token_links_fk\",\"columns\":[\"api_token_permission_id\"]},{\"name\":\"strapi_api_token_permissions_token_links_inv_fk\",\"columns\":[\"api_token_id\"]},{\"name\":\"strapi_api_token_permissions_token_links_unique\",\"columns\":[\"api_token_permission_id\",\"api_token_id\"],\"type\":\"unique\"},{\"name\":\"strapi_api_token_permissions_token_links_order_inv_fk\",\"columns\":[\"api_token_permission_order\"]}],\"foreignKeys\":[{\"name\":\"strapi_api_token_permissions_token_links_fk\",\"columns\":[\"api_token_permission_id\"],\"referencedColumns\":[\"id\"],\"referencedTable\":\"strapi_api_token_permissions\",\"onDelete\":\"CASCADE\"},{\"name\":\"strapi_api_token_permissions_token_links_inv_fk\",\"columns\":[\"api_token_id\"],\"referencedColumns\":[\"id\"],\"referencedTable\":\"strapi_api_tokens\",\"onDelete\":\"CASCADE\"}],\"columns\":[{\"name\":\"id\",\"type\":\"increments\",\"args\":[{\"primary\":true,\"primaryKey\":true}],\"defaultTo\":null,\"notNullable\":true,\"unsigned\":false},{\"name\":\"api_token_permission_id\",\"type\":\"integer\",\"args\":[],\"defaultTo\":null,\"notNullable\":false,\"unsigned\":true},{\"name\":\"api_token_id\",\"type\":\"integer\",\"args\":[],\"defaultTo\":null,\"notNullable\":false,\"unsigned\":true},{\"name\":\"api_token_permission_order\",\"type\":\"double\",\"args\":[],\"defaultTo\":null,\"notNullable\":false,\"unsigned\":true}]},{\"name\":\"strapi_transfer_token_permissions_token_links\",\"indexes\":[{\"name\":\"strapi_transfer_token_permissions_token_links_fk\",\"columns\":[\"transfer_token_permission_id\"]},{\"name\":\"strapi_transfer_token_permissions_token_links_inv_fk\",\"columns\":[\"transfer_token_id\"]},{\"name\":\"strapi_transfer_token_permissions_token_links_unique\",\"columns\":[\"transfer_token_permission_id\",\"transfer_token_id\"],\"type\":\"unique\"},{\"name\":\"strapi_transfer_token_permissions_token_links_order_inv_fk\",\"columns\":[\"transfer_token_permission_order\"]}],\"foreignKeys\":[{\"name\":\"strapi_transfer_token_permissions_token_links_fk\",\"columns\":[\"transfer_token_permission_id\"],\"referencedColumns\":[\"id\"],\"referencedTable\":\"strapi_transfer_token_permissions\",\"onDelete\":\"CASCADE\"},{\"name\":\"strapi_transfer_token_permissions_token_links_inv_fk\",\"columns\":[\"transfer_token_id\"],\"referencedColumns\":[\"id\"],\"referencedTable\":\"strapi_transfer_tokens\",\"onDelete\":\"CASCADE\"}],\"columns\":[{\"name\":\"id\",\"type\":\"increments\",\"args\":[{\"primary\":true,\"primaryKey\":true}],\"defaultTo\":null,\"notNullable\":true,\"unsigned\":false},{\"name\":\"transfer_token_permission_id\",\"type\":\"integer\",\"args\":[],\"defaultTo\":null,\"notNullable\":false,\"unsigned\":true},{\"name\":\"transfer_token_id\",\"type\":\"integer\",\"args\":[],\"defaultTo\":null,\"notNullable\":false,\"unsigned\":true},{\"name\":\"transfer_token_permission_order\",\"type\":\"double\",\"args\":[],\"defaultTo\":null,\"notNullable\":false,\"unsigned\":true}]},{\"name\":\"files_related_morphs\",\"indexes\":[{\"name\":\"files_related_morphs_fk\",\"columns\":[\"file_id\"]},{\"name\":\"files_related_morphs_order_index\",\"columns\":[\"order\"],\"type\":null},{\"name\":\"files_related_morphs_id_column_index\",\"columns\":[\"related_id\"],\"type\":null}],\"foreignKeys\":[{\"name\":\"files_related_morphs_fk\",\"columns\":[\"file_id\"],\"referencedColumns\":[\"id\"],\"referencedTable\":\"files\",\"onDelete\":\"CASCADE\"}],\"columns\":[{\"name\":\"id\",\"type\":\"increments\",\"args\":[{\"primary\":true,\"primaryKey\":true}],\"defaultTo\":null,\"notNullable\":true,\"unsigned\":false},{\"name\":\"file_id\",\"type\":\"integer\",\"args\":[],\"defaultTo\":null,\"notNullable\":false,\"unsigned\":true},{\"name\":\"related_id\",\"type\":\"integer\",\"args\":[],\"defaultTo\":null,\"notNullable\":false,\"unsigned\":true},{\"name\":\"related_type\",\"type\":\"string\",\"args\":[],\"defaultTo\":null,\"notNullable\":false,\"unsigned\":false},{\"name\":\"field\",\"type\":\"string\",\"args\":[],\"defaultTo\":null,\"notNullable\":false,\"unsigned\":false},{\"name\":\"order\",\"type\":\"double\",\"args\":[],\"defaultTo\":null,\"notNullable\":false,\"unsigned\":true}]},{\"name\":\"files_folder_links\",\"indexes\":[{\"name\":\"files_folder_links_fk\",\"columns\":[\"file_id\"]},{\"name\":\"files_folder_links_inv_fk\",\"columns\":[\"folder_id\"]},{\"name\":\"files_folder_links_unique\",\"columns\":[\"file_id\",\"folder_id\"],\"type\":\"unique\"},{\"name\":\"files_folder_links_order_inv_fk\",\"columns\":[\"file_order\"]}],\"foreignKeys\":[{\"name\":\"files_folder_links_fk\",\"columns\":[\"file_id\"],\"referencedColumns\":[\"id\"],\"referencedTable\":\"files\",\"onDelete\":\"CASCADE\"},{\"name\":\"files_folder_links_inv_fk\",\"columns\":[\"folder_id\"],\"referencedColumns\":[\"id\"],\"referencedTable\":\"upload_folders\",\"onDelete\":\"CASCADE\"}],\"columns\":[{\"name\":\"id\",\"type\":\"increments\",\"args\":[{\"primary\":true,\"primaryKey\":true}],\"defaultTo\":null,\"notNullable\":true,\"unsigned\":false},{\"name\":\"file_id\",\"type\":\"integer\",\"args\":[],\"defaultTo\":null,\"notNullable\":false,\"unsigned\":true},{\"name\":\"folder_id\",\"type\":\"integer\",\"args\":[],\"defaultTo\":null,\"notNullable\":false,\"unsigned\":true},{\"name\":\"file_order\",\"type\":\"double\",\"args\":[],\"defaultTo\":null,\"notNullable\":false,\"unsigned\":true}]},{\"name\":\"upload_folders_parent_links\",\"indexes\":[{\"name\":\"upload_folders_parent_links_fk\",\"columns\":[\"folder_id\"]},{\"name\":\"upload_folders_parent_links_inv_fk\",\"columns\":[\"inv_folder_id\"]},{\"name\":\"upload_folders_parent_links_unique\",\"columns\":[\"folder_id\",\"inv_folder_id\"],\"type\":\"unique\"},{\"name\":\"upload_folders_parent_links_order_inv_fk\",\"columns\":[\"folder_order\"]}],\"foreignKeys\":[{\"name\":\"upload_folders_parent_links_fk\",\"columns\":[\"folder_id\"],\"referencedColumns\":[\"id\"],\"referencedTable\":\"upload_folders\",\"onDelete\":\"CASCADE\"},{\"name\":\"upload_folders_parent_links_inv_fk\",\"columns\":[\"inv_folder_id\"],\"referencedColumns\":[\"id\"],\"referencedTable\":\"upload_folders\",\"onDelete\":\"CASCADE\"}],\"columns\":[{\"name\":\"id\",\"type\":\"increments\",\"args\":[{\"primary\":true,\"primaryKey\":true}],\"defaultTo\":null,\"notNullable\":true,\"unsigned\":false},{\"name\":\"folder_id\",\"type\":\"integer\",\"args\":[],\"defaultTo\":null,\"notNullable\":false,\"unsigned\":true},{\"name\":\"inv_folder_id\",\"type\":\"integer\",\"args\":[],\"defaultTo\":null,\"notNullable\":false,\"unsigned\":true},{\"name\":\"folder_order\",\"type\":\"double\",\"args\":[],\"defaultTo\":null,\"notNullable\":false,\"unsigned\":true}]},{\"name\":\"up_permissions_role_links\",\"indexes\":[{\"name\":\"up_permissions_role_links_fk\",\"columns\":[\"permission_id\"]},{\"name\":\"up_permissions_role_links_inv_fk\",\"columns\":[\"role_id\"]},{\"name\":\"up_permissions_role_links_unique\",\"columns\":[\"permission_id\",\"role_id\"],\"type\":\"unique\"},{\"name\":\"up_permissions_role_links_order_inv_fk\",\"columns\":[\"permission_order\"]}],\"foreignKeys\":[{\"name\":\"up_permissions_role_links_fk\",\"columns\":[\"permission_id\"],\"referencedColumns\":[\"id\"],\"referencedTable\":\"up_permissions\",\"onDelete\":\"CASCADE\"},{\"name\":\"up_permissions_role_links_inv_fk\",\"columns\":[\"role_id\"],\"referencedColumns\":[\"id\"],\"referencedTable\":\"up_roles\",\"onDelete\":\"CASCADE\"}],\"columns\":[{\"name\":\"id\",\"type\":\"increments\",\"args\":[{\"primary\":true,\"primaryKey\":true}],\"defaultTo\":null,\"notNullable\":true,\"unsigned\":false},{\"name\":\"permission_id\",\"type\":\"integer\",\"args\":[],\"defaultTo\":null,\"notNullable\":false,\"unsigned\":true},{\"name\":\"role_id\",\"type\":\"integer\",\"args\":[],\"defaultTo\":null,\"notNullable\":false,\"unsigned\":true},{\"name\":\"permission_order\",\"type\":\"double\",\"args\":[],\"defaultTo\":null,\"notNullable\":false,\"unsigned\":true}]},{\"name\":\"up_users_role_links\",\"indexes\":[{\"name\":\"up_users_role_links_fk\",\"columns\":[\"user_id\"]},{\"name\":\"up_users_role_links_inv_fk\",\"columns\":[\"role_id\"]},{\"name\":\"up_users_role_links_unique\",\"columns\":[\"user_id\",\"role_id\"],\"type\":\"unique\"},{\"name\":\"up_users_role_links_order_inv_fk\",\"columns\":[\"user_order\"]}],\"foreignKeys\":[{\"name\":\"up_users_role_links_fk\",\"columns\":[\"user_id\"],\"referencedColumns\":[\"id\"],\"referencedTable\":\"up_users\",\"onDelete\":\"CASCADE\"},{\"name\":\"up_users_role_links_inv_fk\",\"columns\":[\"role_id\"],\"referencedColumns\":[\"id\"],\"referencedTable\":\"up_roles\",\"onDelete\":\"CASCADE\"}],\"columns\":[{\"name\":\"id\",\"type\":\"increments\",\"args\":[{\"primary\":true,\"primaryKey\":true}],\"defaultTo\":null,\"notNullable\":true,\"unsigned\":false},{\"name\":\"user_id\",\"type\":\"integer\",\"args\":[],\"defaultTo\":null,\"notNullable\":false,\"unsigned\":true},{\"name\":\"role_id\",\"type\":\"integer\",\"args\":[],\"defaultTo\":null,\"notNullable\":false,\"unsigned\":true},{\"name\":\"user_order\",\"type\":\"double\",\"args\":[],\"defaultTo\":null,\"notNullable\":false,\"unsigned\":true}]},{\"name\":\"air_transports_components\",\"indexes\":[{\"name\":\"air_transports_field_index\",\"columns\":[\"field\"],\"type\":null},{\"name\":\"air_transports_component_type_index\",\"columns\":[\"component_type\"],\"type\":null},{\"name\":\"air_transports_entity_fk\",\"columns\":[\"entity_id\"]},{\"name\":\"air_transports_unique\",\"columns\":[\"entity_id\",\"component_id\",\"field\",\"component_type\"],\"type\":\"unique\"}],\"foreignKeys\":[{\"name\":\"air_transports_entity_fk\",\"columns\":[\"entity_id\"],\"referencedColumns\":[\"id\"],\"referencedTable\":\"air_transports\",\"onDelete\":\"CASCADE\"}],\"columns\":[{\"name\":\"id\",\"type\":\"increments\",\"args\":[{\"primary\":true,\"primaryKey\":true}],\"defaultTo\":null,\"notNullable\":true,\"unsigned\":false},{\"name\":\"entity_id\",\"type\":\"integer\",\"args\":[],\"defaultTo\":null,\"notNullable\":false,\"unsigned\":true},{\"name\":\"component_id\",\"type\":\"integer\",\"args\":[],\"defaultTo\":null,\"notNullable\":false,\"unsigned\":true},{\"name\":\"component_type\",\"type\":\"string\",\"args\":[],\"defaultTo\":null,\"notNullable\":false,\"unsigned\":false},{\"name\":\"field\",\"type\":\"string\",\"args\":[],\"defaultTo\":null,\"notNullable\":false,\"unsigned\":false},{\"name\":\"order\",\"type\":\"double\",\"args\":[],\"defaultTo\":null,\"notNullable\":false,\"unsigned\":true}]},{\"name\":\"air_transports_localizations_links\",\"indexes\":[{\"name\":\"air_transports_localizations_links_fk\",\"columns\":[\"air_transport_id\"]},{\"name\":\"air_transports_localizations_links_inv_fk\",\"columns\":[\"inv_air_transport_id\"]},{\"name\":\"air_transports_localizations_links_unique\",\"columns\":[\"air_transport_id\",\"inv_air_transport_id\"],\"type\":\"unique\"},{\"name\":\"air_transports_localizations_links_order_fk\",\"columns\":[\"air_transport_order\"]}],\"foreignKeys\":[{\"name\":\"air_transports_localizations_links_fk\",\"columns\":[\"air_transport_id\"],\"referencedColumns\":[\"id\"],\"referencedTable\":\"air_transports\",\"onDelete\":\"CASCADE\"},{\"name\":\"air_transports_localizations_links_inv_fk\",\"columns\":[\"inv_air_transport_id\"],\"referencedColumns\":[\"id\"],\"referencedTable\":\"air_transports\",\"onDelete\":\"CASCADE\"}],\"columns\":[{\"name\":\"id\",\"type\":\"increments\",\"args\":[{\"primary\":true,\"primaryKey\":true}],\"defaultTo\":null,\"notNullable\":true,\"unsigned\":false},{\"name\":\"air_transport_id\",\"type\":\"integer\",\"args\":[],\"defaultTo\":null,\"notNullable\":false,\"unsigned\":true},{\"name\":\"inv_air_transport_id\",\"type\":\"integer\",\"args\":[],\"defaultTo\":null,\"notNullable\":false,\"unsigned\":true},{\"name\":\"air_transport_order\",\"type\":\"double\",\"args\":[],\"defaultTo\":null,\"notNullable\":false,\"unsigned\":true}]},{\"name\":\"contacts_components\",\"indexes\":[{\"name\":\"contacts_field_index\",\"columns\":[\"field\"],\"type\":null},{\"name\":\"contacts_component_type_index\",\"columns\":[\"component_type\"],\"type\":null},{\"name\":\"contacts_entity_fk\",\"columns\":[\"entity_id\"]},{\"name\":\"contacts_unique\",\"columns\":[\"entity_id\",\"component_id\",\"field\",\"component_type\"],\"type\":\"unique\"}],\"foreignKeys\":[{\"name\":\"contacts_entity_fk\",\"columns\":[\"entity_id\"],\"referencedColumns\":[\"id\"],\"referencedTable\":\"contacts\",\"onDelete\":\"CASCADE\"}],\"columns\":[{\"name\":\"id\",\"type\":\"increments\",\"args\":[{\"primary\":true,\"primaryKey\":true}],\"defaultTo\":null,\"notNullable\":true,\"unsigned\":false},{\"name\":\"entity_id\",\"type\":\"integer\",\"args\":[],\"defaultTo\":null,\"notNullable\":false,\"unsigned\":true},{\"name\":\"component_id\",\"type\":\"integer\",\"args\":[],\"defaultTo\":null,\"notNullable\":false,\"unsigned\":true},{\"name\":\"component_type\",\"type\":\"string\",\"args\":[],\"defaultTo\":null,\"notNullable\":false,\"unsigned\":false},{\"name\":\"field\",\"type\":\"string\",\"args\":[],\"defaultTo\":null,\"notNullable\":false,\"unsigned\":false},{\"name\":\"order\",\"type\":\"double\",\"args\":[],\"defaultTo\":null,\"notNullable\":false,\"unsigned\":true}]},{\"name\":\"contacts_localizations_links\",\"indexes\":[{\"name\":\"contacts_localizations_links_fk\",\"columns\":[\"contact_id\"]},{\"name\":\"contacts_localizations_links_inv_fk\",\"columns\":[\"inv_contact_id\"]},{\"name\":\"contacts_localizations_links_unique\",\"columns\":[\"contact_id\",\"inv_contact_id\"],\"type\":\"unique\"},{\"name\":\"contacts_localizations_links_order_fk\",\"columns\":[\"contact_order\"]}],\"foreignKeys\":[{\"name\":\"contacts_localizations_links_fk\",\"columns\":[\"contact_id\"],\"referencedColumns\":[\"id\"],\"referencedTable\":\"contacts\",\"onDelete\":\"CASCADE\"},{\"name\":\"contacts_localizations_links_inv_fk\",\"columns\":[\"inv_contact_id\"],\"referencedColumns\":[\"id\"],\"referencedTable\":\"contacts\",\"onDelete\":\"CASCADE\"}],\"columns\":[{\"name\":\"id\",\"type\":\"increments\",\"args\":[{\"primary\":true,\"primaryKey\":true}],\"defaultTo\":null,\"notNullable\":true,\"unsigned\":false},{\"name\":\"contact_id\",\"type\":\"integer\",\"args\":[],\"defaultTo\":null,\"notNullable\":false,\"unsigned\":true},{\"name\":\"inv_contact_id\",\"type\":\"integer\",\"args\":[],\"defaultTo\":null,\"notNullable\":false,\"unsigned\":true},{\"name\":\"contact_order\",\"type\":\"double\",\"args\":[],\"defaultTo\":null,\"notNullable\":false,\"unsigned\":true}]},{\"name\":\"countries_localizations_links\",\"indexes\":[{\"name\":\"countries_localizations_links_fk\",\"columns\":[\"country_id\"]},{\"name\":\"countries_localizations_links_inv_fk\",\"columns\":[\"inv_country_id\"]},{\"name\":\"countries_localizations_links_unique\",\"columns\":[\"country_id\",\"inv_country_id\"],\"type\":\"unique\"},{\"name\":\"countries_localizations_links_order_fk\",\"columns\":[\"country_order\"]}],\"foreignKeys\":[{\"name\":\"countries_localizations_links_fk\",\"columns\":[\"country_id\"],\"referencedColumns\":[\"id\"],\"referencedTable\":\"countries\",\"onDelete\":\"CASCADE\"},{\"name\":\"countries_localizations_links_inv_fk\",\"columns\":[\"inv_country_id\"],\"referencedColumns\":[\"id\"],\"referencedTable\":\"countries\",\"onDelete\":\"CASCADE\"}],\"columns\":[{\"name\":\"id\",\"type\":\"increments\",\"args\":[{\"primary\":true,\"primaryKey\":true}],\"defaultTo\":null,\"notNullable\":true,\"unsigned\":false},{\"name\":\"country_id\",\"type\":\"integer\",\"args\":[],\"defaultTo\":null,\"notNullable\":false,\"unsigned\":true},{\"name\":\"inv_country_id\",\"type\":\"integer\",\"args\":[],\"defaultTo\":null,\"notNullable\":false,\"unsigned\":true},{\"name\":\"country_order\",\"type\":\"double\",\"args\":[],\"defaultTo\":null,\"notNullable\":false,\"unsigned\":true}]},{\"name\":\"customs_components\",\"indexes\":[{\"name\":\"customs_field_index\",\"columns\":[\"field\"],\"type\":null},{\"name\":\"customs_component_type_index\",\"columns\":[\"component_type\"],\"type\":null},{\"name\":\"customs_entity_fk\",\"columns\":[\"entity_id\"]},{\"name\":\"customs_unique\",\"columns\":[\"entity_id\",\"component_id\",\"field\",\"component_type\"],\"type\":\"unique\"}],\"foreignKeys\":[{\"name\":\"customs_entity_fk\",\"columns\":[\"entity_id\"],\"referencedColumns\":[\"id\"],\"referencedTable\":\"customs\",\"onDelete\":\"CASCADE\"}],\"columns\":[{\"name\":\"id\",\"type\":\"increments\",\"args\":[{\"primary\":true,\"primaryKey\":true}],\"defaultTo\":null,\"notNullable\":true,\"unsigned\":false},{\"name\":\"entity_id\",\"type\":\"integer\",\"args\":[],\"defaultTo\":null,\"notNullable\":false,\"unsigned\":true},{\"name\":\"component_id\",\"type\":\"integer\",\"args\":[],\"defaultTo\":null,\"notNullable\":false,\"unsigned\":true},{\"name\":\"component_type\",\"type\":\"string\",\"args\":[],\"defaultTo\":null,\"notNullable\":false,\"unsigned\":false},{\"name\":\"field\",\"type\":\"string\",\"args\":[],\"defaultTo\":null,\"notNullable\":false,\"unsigned\":false},{\"name\":\"order\",\"type\":\"double\",\"args\":[],\"defaultTo\":null,\"notNullable\":false,\"unsigned\":true}]},{\"name\":\"customs_localizations_links\",\"indexes\":[{\"name\":\"customs_localizations_links_fk\",\"columns\":[\"custom_id\"]},{\"name\":\"customs_localizations_links_inv_fk\",\"columns\":[\"inv_custom_id\"]},{\"name\":\"customs_localizations_links_unique\",\"columns\":[\"custom_id\",\"inv_custom_id\"],\"type\":\"unique\"},{\"name\":\"customs_localizations_links_order_fk\",\"columns\":[\"custom_order\"]}],\"foreignKeys\":[{\"name\":\"customs_localizations_links_fk\",\"columns\":[\"custom_id\"],\"referencedColumns\":[\"id\"],\"referencedTable\":\"customs\",\"onDelete\":\"CASCADE\"},{\"name\":\"customs_localizations_links_inv_fk\",\"columns\":[\"inv_custom_id\"],\"referencedColumns\":[\"id\"],\"referencedTable\":\"customs\",\"onDelete\":\"CASCADE\"}],\"columns\":[{\"name\":\"id\",\"type\":\"increments\",\"args\":[{\"primary\":true,\"primaryKey\":true}],\"defaultTo\":null,\"notNullable\":true,\"unsigned\":false},{\"name\":\"custom_id\",\"type\":\"integer\",\"args\":[],\"defaultTo\":null,\"notNullable\":false,\"unsigned\":true},{\"name\":\"inv_custom_id\",\"type\":\"integer\",\"args\":[],\"defaultTo\":null,\"notNullable\":false,\"unsigned\":true},{\"name\":\"custom_order\",\"type\":\"double\",\"args\":[],\"defaultTo\":null,\"notNullable\":false,\"unsigned\":true}]},{\"name\":\"customer_contacts_localizations_links\",\"indexes\":[{\"name\":\"customer_contacts_localizations_links_fk\",\"columns\":[\"customer_contact_id\"]},{\"name\":\"customer_contacts_localizations_links_inv_fk\",\"columns\":[\"inv_customer_contact_id\"]},{\"name\":\"customer_contacts_localizations_links_unique\",\"columns\":[\"customer_contact_id\",\"inv_customer_contact_id\"],\"type\":\"unique\"},{\"name\":\"customer_contacts_localizations_links_order_fk\",\"columns\":[\"customer_contact_order\"]}],\"foreignKeys\":[{\"name\":\"customer_contacts_localizations_links_fk\",\"columns\":[\"customer_contact_id\"],\"referencedColumns\":[\"id\"],\"referencedTable\":\"customer_contacts\",\"onDelete\":\"CASCADE\"},{\"name\":\"customer_contacts_localizations_links_inv_fk\",\"columns\":[\"inv_customer_contact_id\"],\"referencedColumns\":[\"id\"],\"referencedTable\":\"customer_contacts\",\"onDelete\":\"CASCADE\"}],\"columns\":[{\"name\":\"id\",\"type\":\"increments\",\"args\":[{\"primary\":true,\"primaryKey\":true}],\"defaultTo\":null,\"notNullable\":true,\"unsigned\":false},{\"name\":\"customer_contact_id\",\"type\":\"integer\",\"args\":[],\"defaultTo\":null,\"notNullable\":false,\"unsigned\":true},{\"name\":\"inv_customer_contact_id\",\"type\":\"integer\",\"args\":[],\"defaultTo\":null,\"notNullable\":false,\"unsigned\":true},{\"name\":\"customer_contact_order\",\"type\":\"double\",\"args\":[],\"defaultTo\":null,\"notNullable\":false,\"unsigned\":true}]},{\"name\":\"endpoint_deliveries_components\",\"indexes\":[{\"name\":\"endpoint_deliveries_field_index\",\"columns\":[\"field\"],\"type\":null},{\"name\":\"endpoint_deliveries_component_type_index\",\"columns\":[\"component_type\"],\"type\":null},{\"name\":\"endpoint_deliveries_entity_fk\",\"columns\":[\"entity_id\"]},{\"name\":\"endpoint_deliveries_unique\",\"columns\":[\"entity_id\",\"component_id\",\"field\",\"component_type\"],\"type\":\"unique\"}],\"foreignKeys\":[{\"name\":\"endpoint_deliveries_entity_fk\",\"columns\":[\"entity_id\"],\"referencedColumns\":[\"id\"],\"referencedTable\":\"endpoint_deliveries\",\"onDelete\":\"CASCADE\"}],\"columns\":[{\"name\":\"id\",\"type\":\"increments\",\"args\":[{\"primary\":true,\"primaryKey\":true}],\"defaultTo\":null,\"notNullable\":true,\"unsigned\":false},{\"name\":\"entity_id\",\"type\":\"integer\",\"args\":[],\"defaultTo\":null,\"notNullable\":false,\"unsigned\":true},{\"name\":\"component_id\",\"type\":\"integer\",\"args\":[],\"defaultTo\":null,\"notNullable\":false,\"unsigned\":true},{\"name\":\"component_type\",\"type\":\"string\",\"args\":[],\"defaultTo\":null,\"notNullable\":false,\"unsigned\":false},{\"name\":\"field\",\"type\":\"string\",\"args\":[],\"defaultTo\":null,\"notNullable\":false,\"unsigned\":false},{\"name\":\"order\",\"type\":\"double\",\"args\":[],\"defaultTo\":null,\"notNullable\":false,\"unsigned\":true}]},{\"name\":\"endpoint_deliveries_localizations_links\",\"indexes\":[{\"name\":\"endpoint_deliveries_localizations_links_fk\",\"columns\":[\"endpoint_delivery_id\"]},{\"name\":\"endpoint_deliveries_localizations_links_inv_fk\",\"columns\":[\"inv_endpoint_delivery_id\"]},{\"name\":\"endpoint_deliveries_localizations_links_unique\",\"columns\":[\"endpoint_delivery_id\",\"inv_endpoint_delivery_id\"],\"type\":\"unique\"},{\"name\":\"endpoint_deliveries_localizations_links_order_fk\",\"columns\":[\"endpoint_delivery_order\"]}],\"foreignKeys\":[{\"name\":\"endpoint_deliveries_localizations_links_fk\",\"columns\":[\"endpoint_delivery_id\"],\"referencedColumns\":[\"id\"],\"referencedTable\":\"endpoint_deliveries\",\"onDelete\":\"CASCADE\"},{\"name\":\"endpoint_deliveries_localizations_links_inv_fk\",\"columns\":[\"inv_endpoint_delivery_id\"],\"referencedColumns\":[\"id\"],\"referencedTable\":\"endpoint_deliveries\",\"onDelete\":\"CASCADE\"}],\"columns\":[{\"name\":\"id\",\"type\":\"increments\",\"args\":[{\"primary\":true,\"primaryKey\":true}],\"defaultTo\":null,\"notNullable\":true,\"unsigned\":false},{\"name\":\"endpoint_delivery_id\",\"type\":\"integer\",\"args\":[],\"defaultTo\":null,\"notNullable\":false,\"unsigned\":true},{\"name\":\"inv_endpoint_delivery_id\",\"type\":\"integer\",\"args\":[],\"defaultTo\":null,\"notNullable\":false,\"unsigned\":true},{\"name\":\"endpoint_delivery_order\",\"type\":\"double\",\"args\":[],\"defaultTo\":null,\"notNullable\":false,\"unsigned\":true}]},{\"name\":\"footers_components\",\"indexes\":[{\"name\":\"footers_field_index\",\"columns\":[\"field\"],\"type\":null},{\"name\":\"footers_component_type_index\",\"columns\":[\"component_type\"],\"type\":null},{\"name\":\"footers_entity_fk\",\"columns\":[\"entity_id\"]},{\"name\":\"footers_unique\",\"columns\":[\"entity_id\",\"component_id\",\"field\",\"component_type\"],\"type\":\"unique\"}],\"foreignKeys\":[{\"name\":\"footers_entity_fk\",\"columns\":[\"entity_id\"],\"referencedColumns\":[\"id\"],\"referencedTable\":\"footers\",\"onDelete\":\"CASCADE\"}],\"columns\":[{\"name\":\"id\",\"type\":\"increments\",\"args\":[{\"primary\":true,\"primaryKey\":true}],\"defaultTo\":null,\"notNullable\":true,\"unsigned\":false},{\"name\":\"entity_id\",\"type\":\"integer\",\"args\":[],\"defaultTo\":null,\"notNullable\":false,\"unsigned\":true},{\"name\":\"component_id\",\"type\":\"integer\",\"args\":[],\"defaultTo\":null,\"notNullable\":false,\"unsigned\":true},{\"name\":\"component_type\",\"type\":\"string\",\"args\":[],\"defaultTo\":null,\"notNullable\":false,\"unsigned\":false},{\"name\":\"field\",\"type\":\"string\",\"args\":[],\"defaultTo\":null,\"notNullable\":false,\"unsigned\":false},{\"name\":\"order\",\"type\":\"double\",\"args\":[],\"defaultTo\":null,\"notNullable\":false,\"unsigned\":true}]},{\"name\":\"footers_localizations_links\",\"indexes\":[{\"name\":\"footers_localizations_links_fk\",\"columns\":[\"footer_id\"]},{\"name\":\"footers_localizations_links_inv_fk\",\"columns\":[\"inv_footer_id\"]},{\"name\":\"footers_localizations_links_unique\",\"columns\":[\"footer_id\",\"inv_footer_id\"],\"type\":\"unique\"},{\"name\":\"footers_localizations_links_order_fk\",\"columns\":[\"footer_order\"]}],\"foreignKeys\":[{\"name\":\"footers_localizations_links_fk\",\"columns\":[\"footer_id\"],\"referencedColumns\":[\"id\"],\"referencedTable\":\"footers\",\"onDelete\":\"CASCADE\"},{\"name\":\"footers_localizations_links_inv_fk\",\"columns\":[\"inv_footer_id\"],\"referencedColumns\":[\"id\"],\"referencedTable\":\"footers\",\"onDelete\":\"CASCADE\"}],\"columns\":[{\"name\":\"id\",\"type\":\"increments\",\"args\":[{\"primary\":true,\"primaryKey\":true}],\"defaultTo\":null,\"notNullable\":true,\"unsigned\":false},{\"name\":\"footer_id\",\"type\":\"integer\",\"args\":[],\"defaultTo\":null,\"notNullable\":false,\"unsigned\":true},{\"name\":\"inv_footer_id\",\"type\":\"integer\",\"args\":[],\"defaultTo\":null,\"notNullable\":false,\"unsigned\":true},{\"name\":\"footer_order\",\"type\":\"double\",\"args\":[],\"defaultTo\":null,\"notNullable\":false,\"unsigned\":true}]},{\"name\":\"homes_components\",\"indexes\":[{\"name\":\"homes_field_index\",\"columns\":[\"field\"],\"type\":null},{\"name\":\"homes_component_type_index\",\"columns\":[\"component_type\"],\"type\":null},{\"name\":\"homes_entity_fk\",\"columns\":[\"entity_id\"]},{\"name\":\"homes_unique\",\"columns\":[\"entity_id\",\"component_id\",\"field\",\"component_type\"],\"type\":\"unique\"}],\"foreignKeys\":[{\"name\":\"homes_entity_fk\",\"columns\":[\"entity_id\"],\"referencedColumns\":[\"id\"],\"referencedTable\":\"homes\",\"onDelete\":\"CASCADE\"}],\"columns\":[{\"name\":\"id\",\"type\":\"increments\",\"args\":[{\"primary\":true,\"primaryKey\":true}],\"defaultTo\":null,\"notNullable\":true,\"unsigned\":false},{\"name\":\"entity_id\",\"type\":\"integer\",\"args\":[],\"defaultTo\":null,\"notNullable\":false,\"unsigned\":true},{\"name\":\"component_id\",\"type\":\"integer\",\"args\":[],\"defaultTo\":null,\"notNullable\":false,\"unsigned\":true},{\"name\":\"component_type\",\"type\":\"string\",\"args\":[],\"defaultTo\":null,\"notNullable\":false,\"unsigned\":false},{\"name\":\"field\",\"type\":\"string\",\"args\":[],\"defaultTo\":null,\"notNullable\":false,\"unsigned\":false},{\"name\":\"order\",\"type\":\"double\",\"args\":[],\"defaultTo\":null,\"notNullable\":false,\"unsigned\":true}]},{\"name\":\"homes_localizations_links\",\"indexes\":[{\"name\":\"homes_localizations_links_fk\",\"columns\":[\"home_id\"]},{\"name\":\"homes_localizations_links_inv_fk\",\"columns\":[\"inv_home_id\"]},{\"name\":\"homes_localizations_links_unique\",\"columns\":[\"home_id\",\"inv_home_id\"],\"type\":\"unique\"},{\"name\":\"homes_localizations_links_order_fk\",\"columns\":[\"home_order\"]}],\"foreignKeys\":[{\"name\":\"homes_localizations_links_fk\",\"columns\":[\"home_id\"],\"referencedColumns\":[\"id\"],\"referencedTable\":\"homes\",\"onDelete\":\"CASCADE\"},{\"name\":\"homes_localizations_links_inv_fk\",\"columns\":[\"inv_home_id\"],\"referencedColumns\":[\"id\"],\"referencedTable\":\"homes\",\"onDelete\":\"CASCADE\"}],\"columns\":[{\"name\":\"id\",\"type\":\"increments\",\"args\":[{\"primary\":true,\"primaryKey\":true}],\"defaultTo\":null,\"notNullable\":true,\"unsigned\":false},{\"name\":\"home_id\",\"type\":\"integer\",\"args\":[],\"defaultTo\":null,\"notNullable\":false,\"unsigned\":true},{\"name\":\"inv_home_id\",\"type\":\"integer\",\"args\":[],\"defaultTo\":null,\"notNullable\":false,\"unsigned\":true},{\"name\":\"home_order\",\"type\":\"double\",\"args\":[],\"defaultTo\":null,\"notNullable\":false,\"unsigned\":true}]},{\"name\":\"introduces_components\",\"indexes\":[{\"name\":\"introduces_field_index\",\"columns\":[\"field\"],\"type\":null},{\"name\":\"introduces_component_type_index\",\"columns\":[\"component_type\"],\"type\":null},{\"name\":\"introduces_entity_fk\",\"columns\":[\"entity_id\"]},{\"name\":\"introduces_unique\",\"columns\":[\"entity_id\",\"component_id\",\"field\",\"component_type\"],\"type\":\"unique\"}],\"foreignKeys\":[{\"name\":\"introduces_entity_fk\",\"columns\":[\"entity_id\"],\"referencedColumns\":[\"id\"],\"referencedTable\":\"introduces\",\"onDelete\":\"CASCADE\"}],\"columns\":[{\"name\":\"id\",\"type\":\"increments\",\"args\":[{\"primary\":true,\"primaryKey\":true}],\"defaultTo\":null,\"notNullable\":true,\"unsigned\":false},{\"name\":\"entity_id\",\"type\":\"integer\",\"args\":[],\"defaultTo\":null,\"notNullable\":false,\"unsigned\":true},{\"name\":\"component_id\",\"type\":\"integer\",\"args\":[],\"defaultTo\":null,\"notNullable\":false,\"unsigned\":true},{\"name\":\"component_type\",\"type\":\"string\",\"args\":[],\"defaultTo\":null,\"notNullable\":false,\"unsigned\":false},{\"name\":\"field\",\"type\":\"string\",\"args\":[],\"defaultTo\":null,\"notNullable\":false,\"unsigned\":false},{\"name\":\"order\",\"type\":\"double\",\"args\":[],\"defaultTo\":null,\"notNullable\":false,\"unsigned\":true}]},{\"name\":\"introduces_localizations_links\",\"indexes\":[{\"name\":\"introduces_localizations_links_fk\",\"columns\":[\"introduce_id\"]},{\"name\":\"introduces_localizations_links_inv_fk\",\"columns\":[\"inv_introduce_id\"]},{\"name\":\"introduces_localizations_links_unique\",\"columns\":[\"introduce_id\",\"inv_introduce_id\"],\"type\":\"unique\"},{\"name\":\"introduces_localizations_links_order_fk\",\"columns\":[\"introduce_order\"]}],\"foreignKeys\":[{\"name\":\"introduces_localizations_links_fk\",\"columns\":[\"introduce_id\"],\"referencedColumns\":[\"id\"],\"referencedTable\":\"introduces\",\"onDelete\":\"CASCADE\"},{\"name\":\"introduces_localizations_links_inv_fk\",\"columns\":[\"inv_introduce_id\"],\"referencedColumns\":[\"id\"],\"referencedTable\":\"introduces\",\"onDelete\":\"CASCADE\"}],\"columns\":[{\"name\":\"id\",\"type\":\"increments\",\"args\":[{\"primary\":true,\"primaryKey\":true}],\"defaultTo\":null,\"notNullable\":true,\"unsigned\":false},{\"name\":\"introduce_id\",\"type\":\"integer\",\"args\":[],\"defaultTo\":null,\"notNullable\":false,\"unsigned\":true},{\"name\":\"inv_introduce_id\",\"type\":\"integer\",\"args\":[],\"defaultTo\":null,\"notNullable\":false,\"unsigned\":true},{\"name\":\"introduce_order\",\"type\":\"double\",\"args\":[],\"defaultTo\":null,\"notNullable\":false,\"unsigned\":true}]},{\"name\":\"list_news_localizations_links\",\"indexes\":[{\"name\":\"list_news_localizations_links_fk\",\"columns\":[\"list_new_id\"]},{\"name\":\"list_news_localizations_links_inv_fk\",\"columns\":[\"inv_list_new_id\"]},{\"name\":\"list_news_localizations_links_unique\",\"columns\":[\"list_new_id\",\"inv_list_new_id\"],\"type\":\"unique\"},{\"name\":\"list_news_localizations_links_order_fk\",\"columns\":[\"list_new_order\"]}],\"foreignKeys\":[{\"name\":\"list_news_localizations_links_fk\",\"columns\":[\"list_new_id\"],\"referencedColumns\":[\"id\"],\"referencedTable\":\"list_news\",\"onDelete\":\"CASCADE\"},{\"name\":\"list_news_localizations_links_inv_fk\",\"columns\":[\"inv_list_new_id\"],\"referencedColumns\":[\"id\"],\"referencedTable\":\"list_news\",\"onDelete\":\"CASCADE\"}],\"columns\":[{\"name\":\"id\",\"type\":\"increments\",\"args\":[{\"primary\":true,\"primaryKey\":true}],\"defaultTo\":null,\"notNullable\":true,\"unsigned\":false},{\"name\":\"list_new_id\",\"type\":\"integer\",\"args\":[],\"defaultTo\":null,\"notNullable\":false,\"unsigned\":true},{\"name\":\"inv_list_new_id\",\"type\":\"integer\",\"args\":[],\"defaultTo\":null,\"notNullable\":false,\"unsigned\":true},{\"name\":\"list_new_order\",\"type\":\"double\",\"args\":[],\"defaultTo\":null,\"notNullable\":false,\"unsigned\":true}]},{\"name\":\"milestones_components\",\"indexes\":[{\"name\":\"milestones_field_index\",\"columns\":[\"field\"],\"type\":null},{\"name\":\"milestones_component_type_index\",\"columns\":[\"component_type\"],\"type\":null},{\"name\":\"milestones_entity_fk\",\"columns\":[\"entity_id\"]},{\"name\":\"milestones_unique\",\"columns\":[\"entity_id\",\"component_id\",\"field\",\"component_type\"],\"type\":\"unique\"}],\"foreignKeys\":[{\"name\":\"milestones_entity_fk\",\"columns\":[\"entity_id\"],\"referencedColumns\":[\"id\"],\"referencedTable\":\"milestones\",\"onDelete\":\"CASCADE\"}],\"columns\":[{\"name\":\"id\",\"type\":\"increments\",\"args\":[{\"primary\":true,\"primaryKey\":true}],\"defaultTo\":null,\"notNullable\":true,\"unsigned\":false},{\"name\":\"entity_id\",\"type\":\"integer\",\"args\":[],\"defaultTo\":null,\"notNullable\":false,\"unsigned\":true},{\"name\":\"component_id\",\"type\":\"integer\",\"args\":[],\"defaultTo\":null,\"notNullable\":false,\"unsigned\":true},{\"name\":\"component_type\",\"type\":\"string\",\"args\":[],\"defaultTo\":null,\"notNullable\":false,\"unsigned\":false},{\"name\":\"field\",\"type\":\"string\",\"args\":[],\"defaultTo\":null,\"notNullable\":false,\"unsigned\":false},{\"name\":\"order\",\"type\":\"double\",\"args\":[],\"defaultTo\":null,\"notNullable\":false,\"unsigned\":true}]},{\"name\":\"milestones_localizations_links\",\"indexes\":[{\"name\":\"milestones_localizations_links_fk\",\"columns\":[\"milestone_id\"]},{\"name\":\"milestones_localizations_links_inv_fk\",\"columns\":[\"inv_milestone_id\"]},{\"name\":\"milestones_localizations_links_unique\",\"columns\":[\"milestone_id\",\"inv_milestone_id\"],\"type\":\"unique\"},{\"name\":\"milestones_localizations_links_order_fk\",\"columns\":[\"milestone_order\"]}],\"foreignKeys\":[{\"name\":\"milestones_localizations_links_fk\",\"columns\":[\"milestone_id\"],\"referencedColumns\":[\"id\"],\"referencedTable\":\"milestones\",\"onDelete\":\"CASCADE\"},{\"name\":\"milestones_localizations_links_inv_fk\",\"columns\":[\"inv_milestone_id\"],\"referencedColumns\":[\"id\"],\"referencedTable\":\"milestones\",\"onDelete\":\"CASCADE\"}],\"columns\":[{\"name\":\"id\",\"type\":\"increments\",\"args\":[{\"primary\":true,\"primaryKey\":true}],\"defaultTo\":null,\"notNullable\":true,\"unsigned\":false},{\"name\":\"milestone_id\",\"type\":\"integer\",\"args\":[],\"defaultTo\":null,\"notNullable\":false,\"unsigned\":true},{\"name\":\"inv_milestone_id\",\"type\":\"integer\",\"args\":[],\"defaultTo\":null,\"notNullable\":false,\"unsigned\":true},{\"name\":\"milestone_order\",\"type\":\"double\",\"args\":[],\"defaultTo\":null,\"notNullable\":false,\"unsigned\":true}]},{\"name\":\"newss_components\",\"indexes\":[{\"name\":\"newss_field_index\",\"columns\":[\"field\"],\"type\":null},{\"name\":\"newss_component_type_index\",\"columns\":[\"component_type\"],\"type\":null},{\"name\":\"newss_entity_fk\",\"columns\":[\"entity_id\"]},{\"name\":\"newss_unique\",\"columns\":[\"entity_id\",\"component_id\",\"field\",\"component_type\"],\"type\":\"unique\"}],\"foreignKeys\":[{\"name\":\"newss_entity_fk\",\"columns\":[\"entity_id\"],\"referencedColumns\":[\"id\"],\"referencedTable\":\"newss\",\"onDelete\":\"CASCADE\"}],\"columns\":[{\"name\":\"id\",\"type\":\"increments\",\"args\":[{\"primary\":true,\"primaryKey\":true}],\"defaultTo\":null,\"notNullable\":true,\"unsigned\":false},{\"name\":\"entity_id\",\"type\":\"integer\",\"args\":[],\"defaultTo\":null,\"notNullable\":false,\"unsigned\":true},{\"name\":\"component_id\",\"type\":\"integer\",\"args\":[],\"defaultTo\":null,\"notNullable\":false,\"unsigned\":true},{\"name\":\"component_type\",\"type\":\"string\",\"args\":[],\"defaultTo\":null,\"notNullable\":false,\"unsigned\":false},{\"name\":\"field\",\"type\":\"string\",\"args\":[],\"defaultTo\":null,\"notNullable\":false,\"unsigned\":false},{\"name\":\"order\",\"type\":\"double\",\"args\":[],\"defaultTo\":null,\"notNullable\":false,\"unsigned\":true}]},{\"name\":\"newss_relevants_links\",\"indexes\":[{\"name\":\"newss_relevants_links_fk\",\"columns\":[\"news_id\"]},{\"name\":\"newss_relevants_links_inv_fk\",\"columns\":[\"inv_news_id\"]},{\"name\":\"newss_relevants_links_unique\",\"columns\":[\"news_id\",\"inv_news_id\"],\"type\":\"unique\"},{\"name\":\"newss_relevants_links_order_inv_fk\",\"columns\":[\"news_order\"]}],\"foreignKeys\":[{\"name\":\"newss_relevants_links_fk\",\"columns\":[\"news_id\"],\"referencedColumns\":[\"id\"],\"referencedTable\":\"newss\",\"onDelete\":\"CASCADE\"},{\"name\":\"newss_relevants_links_inv_fk\",\"columns\":[\"inv_news_id\"],\"referencedColumns\":[\"id\"],\"referencedTable\":\"newss\",\"onDelete\":\"CASCADE\"}],\"columns\":[{\"name\":\"id\",\"type\":\"increments\",\"args\":[{\"primary\":true,\"primaryKey\":true}],\"defaultTo\":null,\"notNullable\":true,\"unsigned\":false},{\"name\":\"news_id\",\"type\":\"integer\",\"args\":[],\"defaultTo\":null,\"notNullable\":false,\"unsigned\":true},{\"name\":\"inv_news_id\",\"type\":\"integer\",\"args\":[],\"defaultTo\":null,\"notNullable\":false,\"unsigned\":true},{\"name\":\"news_order\",\"type\":\"double\",\"args\":[],\"defaultTo\":null,\"notNullable\":false,\"unsigned\":true}]},{\"name\":\"newss_localizations_links\",\"indexes\":[{\"name\":\"newss_localizations_links_fk\",\"columns\":[\"news_id\"]},{\"name\":\"newss_localizations_links_inv_fk\",\"columns\":[\"inv_news_id\"]},{\"name\":\"newss_localizations_links_unique\",\"columns\":[\"news_id\",\"inv_news_id\"],\"type\":\"unique\"},{\"name\":\"newss_localizations_links_order_fk\",\"columns\":[\"news_order\"]}],\"foreignKeys\":[{\"name\":\"newss_localizations_links_fk\",\"columns\":[\"news_id\"],\"referencedColumns\":[\"id\"],\"referencedTable\":\"newss\",\"onDelete\":\"CASCADE\"},{\"name\":\"newss_localizations_links_inv_fk\",\"columns\":[\"inv_news_id\"],\"referencedColumns\":[\"id\"],\"referencedTable\":\"newss\",\"onDelete\":\"CASCADE\"}],\"columns\":[{\"name\":\"id\",\"type\":\"increments\",\"args\":[{\"primary\":true,\"primaryKey\":true}],\"defaultTo\":null,\"notNullable\":true,\"unsigned\":false},{\"name\":\"news_id\",\"type\":\"integer\",\"args\":[],\"defaultTo\":null,\"notNullable\":false,\"unsigned\":true},{\"name\":\"inv_news_id\",\"type\":\"integer\",\"args\":[],\"defaultTo\":null,\"notNullable\":false,\"unsigned\":true},{\"name\":\"news_order\",\"type\":\"double\",\"args\":[],\"defaultTo\":null,\"notNullable\":false,\"unsigned\":true}]},{\"name\":\"packings_components\",\"indexes\":[{\"name\":\"packings_field_index\",\"columns\":[\"field\"],\"type\":null},{\"name\":\"packings_component_type_index\",\"columns\":[\"component_type\"],\"type\":null},{\"name\":\"packings_entity_fk\",\"columns\":[\"entity_id\"]},{\"name\":\"packings_unique\",\"columns\":[\"entity_id\",\"component_id\",\"field\",\"component_type\"],\"type\":\"unique\"}],\"foreignKeys\":[{\"name\":\"packings_entity_fk\",\"columns\":[\"entity_id\"],\"referencedColumns\":[\"id\"],\"referencedTable\":\"packings\",\"onDelete\":\"CASCADE\"}],\"columns\":[{\"name\":\"id\",\"type\":\"increments\",\"args\":[{\"primary\":true,\"primaryKey\":true}],\"defaultTo\":null,\"notNullable\":true,\"unsigned\":false},{\"name\":\"entity_id\",\"type\":\"integer\",\"args\":[],\"defaultTo\":null,\"notNullable\":false,\"unsigned\":true},{\"name\":\"component_id\",\"type\":\"integer\",\"args\":[],\"defaultTo\":null,\"notNullable\":false,\"unsigned\":true},{\"name\":\"component_type\",\"type\":\"string\",\"args\":[],\"defaultTo\":null,\"notNullable\":false,\"unsigned\":false},{\"name\":\"field\",\"type\":\"string\",\"args\":[],\"defaultTo\":null,\"notNullable\":false,\"unsigned\":false},{\"name\":\"order\",\"type\":\"double\",\"args\":[],\"defaultTo\":null,\"notNullable\":false,\"unsigned\":true}]},{\"name\":\"packings_localizations_links\",\"indexes\":[{\"name\":\"packings_localizations_links_fk\",\"columns\":[\"packing_id\"]},{\"name\":\"packings_localizations_links_inv_fk\",\"columns\":[\"inv_packing_id\"]},{\"name\":\"packings_localizations_links_unique\",\"columns\":[\"packing_id\",\"inv_packing_id\"],\"type\":\"unique\"},{\"name\":\"packings_localizations_links_order_fk\",\"columns\":[\"packing_order\"]}],\"foreignKeys\":[{\"name\":\"packings_localizations_links_fk\",\"columns\":[\"packing_id\"],\"referencedColumns\":[\"id\"],\"referencedTable\":\"packings\",\"onDelete\":\"CASCADE\"},{\"name\":\"packings_localizations_links_inv_fk\",\"columns\":[\"inv_packing_id\"],\"referencedColumns\":[\"id\"],\"referencedTable\":\"packings\",\"onDelete\":\"CASCADE\"}],\"columns\":[{\"name\":\"id\",\"type\":\"increments\",\"args\":[{\"primary\":true,\"primaryKey\":true}],\"defaultTo\":null,\"notNullable\":true,\"unsigned\":false},{\"name\":\"packing_id\",\"type\":\"integer\",\"args\":[],\"defaultTo\":null,\"notNullable\":false,\"unsigned\":true},{\"name\":\"inv_packing_id\",\"type\":\"integer\",\"args\":[],\"defaultTo\":null,\"notNullable\":false,\"unsigned\":true},{\"name\":\"packing_order\",\"type\":\"double\",\"args\":[],\"defaultTo\":null,\"notNullable\":false,\"unsigned\":true}]},{\"name\":\"provinces_localizations_links\",\"indexes\":[{\"name\":\"provinces_localizations_links_fk\",\"columns\":[\"province_id\"]},{\"name\":\"provinces_localizations_links_inv_fk\",\"columns\":[\"inv_province_id\"]},{\"name\":\"provinces_localizations_links_unique\",\"columns\":[\"province_id\",\"inv_province_id\"],\"type\":\"unique\"},{\"name\":\"provinces_localizations_links_order_fk\",\"columns\":[\"province_order\"]}],\"foreignKeys\":[{\"name\":\"provinces_localizations_links_fk\",\"columns\":[\"province_id\"],\"referencedColumns\":[\"id\"],\"referencedTable\":\"provinces\",\"onDelete\":\"CASCADE\"},{\"name\":\"provinces_localizations_links_inv_fk\",\"columns\":[\"inv_province_id\"],\"referencedColumns\":[\"id\"],\"referencedTable\":\"provinces\",\"onDelete\":\"CASCADE\"}],\"columns\":[{\"name\":\"id\",\"type\":\"increments\",\"args\":[{\"primary\":true,\"primaryKey\":true}],\"defaultTo\":null,\"notNullable\":true,\"unsigned\":false},{\"name\":\"province_id\",\"type\":\"integer\",\"args\":[],\"defaultTo\":null,\"notNullable\":false,\"unsigned\":true},{\"name\":\"inv_province_id\",\"type\":\"integer\",\"args\":[],\"defaultTo\":null,\"notNullable\":false,\"unsigned\":true},{\"name\":\"province_order\",\"type\":\"double\",\"args\":[],\"defaultTo\":null,\"notNullable\":false,\"unsigned\":true}]},{\"name\":\"rail_transportations_components\",\"indexes\":[{\"name\":\"rail_transportations_field_index\",\"columns\":[\"field\"],\"type\":null},{\"name\":\"rail_transportations_component_type_index\",\"columns\":[\"component_type\"],\"type\":null},{\"name\":\"rail_transportations_entity_fk\",\"columns\":[\"entity_id\"]},{\"name\":\"rail_transportations_unique\",\"columns\":[\"entity_id\",\"component_id\",\"field\",\"component_type\"],\"type\":\"unique\"}],\"foreignKeys\":[{\"name\":\"rail_transportations_entity_fk\",\"columns\":[\"entity_id\"],\"referencedColumns\":[\"id\"],\"referencedTable\":\"rail_transportations\",\"onDelete\":\"CASCADE\"}],\"columns\":[{\"name\":\"id\",\"type\":\"increments\",\"args\":[{\"primary\":true,\"primaryKey\":true}],\"defaultTo\":null,\"notNullable\":true,\"unsigned\":false},{\"name\":\"entity_id\",\"type\":\"integer\",\"args\":[],\"defaultTo\":null,\"notNullable\":false,\"unsigned\":true},{\"name\":\"component_id\",\"type\":\"integer\",\"args\":[],\"defaultTo\":null,\"notNullable\":false,\"unsigned\":true},{\"name\":\"component_type\",\"type\":\"string\",\"args\":[],\"defaultTo\":null,\"notNullable\":false,\"unsigned\":false},{\"name\":\"field\",\"type\":\"string\",\"args\":[],\"defaultTo\":null,\"notNullable\":false,\"unsigned\":false},{\"name\":\"order\",\"type\":\"double\",\"args\":[],\"defaultTo\":null,\"notNullable\":false,\"unsigned\":true}]},{\"name\":\"rail_transportations_localizations_links\",\"indexes\":[{\"name\":\"rail_transportations_localizations_links_fk\",\"columns\":[\"rail_transportation_id\"]},{\"name\":\"rail_transportations_localizations_links_inv_fk\",\"columns\":[\"inv_rail_transportation_id\"]},{\"name\":\"rail_transportations_localizations_links_unique\",\"columns\":[\"rail_transportation_id\",\"inv_rail_transportation_id\"],\"type\":\"unique\"},{\"name\":\"rail_transportations_localizations_links_order_fk\",\"columns\":[\"rail_transportation_order\"]}],\"foreignKeys\":[{\"name\":\"rail_transportations_localizations_links_fk\",\"columns\":[\"rail_transportation_id\"],\"referencedColumns\":[\"id\"],\"referencedTable\":\"rail_transportations\",\"onDelete\":\"CASCADE\"},{\"name\":\"rail_transportations_localizations_links_inv_fk\",\"columns\":[\"inv_rail_transportation_id\"],\"referencedColumns\":[\"id\"],\"referencedTable\":\"rail_transportations\",\"onDelete\":\"CASCADE\"}],\"columns\":[{\"name\":\"id\",\"type\":\"increments\",\"args\":[{\"primary\":true,\"primaryKey\":true}],\"defaultTo\":null,\"notNullable\":true,\"unsigned\":false},{\"name\":\"rail_transportation_id\",\"type\":\"integer\",\"args\":[],\"defaultTo\":null,\"notNullable\":false,\"unsigned\":true},{\"name\":\"inv_rail_transportation_id\",\"type\":\"integer\",\"args\":[],\"defaultTo\":null,\"notNullable\":false,\"unsigned\":true},{\"name\":\"rail_transportation_order\",\"type\":\"double\",\"args\":[],\"defaultTo\":null,\"notNullable\":false,\"unsigned\":true}]},{\"name\":\"sea_transports_components\",\"indexes\":[{\"name\":\"sea_transports_field_index\",\"columns\":[\"field\"],\"type\":null},{\"name\":\"sea_transports_component_type_index\",\"columns\":[\"component_type\"],\"type\":null},{\"name\":\"sea_transports_entity_fk\",\"columns\":[\"entity_id\"]},{\"name\":\"sea_transports_unique\",\"columns\":[\"entity_id\",\"component_id\",\"field\",\"component_type\"],\"type\":\"unique\"}],\"foreignKeys\":[{\"name\":\"sea_transports_entity_fk\",\"columns\":[\"entity_id\"],\"referencedColumns\":[\"id\"],\"referencedTable\":\"sea_transports\",\"onDelete\":\"CASCADE\"}],\"columns\":[{\"name\":\"id\",\"type\":\"increments\",\"args\":[{\"primary\":true,\"primaryKey\":true}],\"defaultTo\":null,\"notNullable\":true,\"unsigned\":false},{\"name\":\"entity_id\",\"type\":\"integer\",\"args\":[],\"defaultTo\":null,\"notNullable\":false,\"unsigned\":true},{\"name\":\"component_id\",\"type\":\"integer\",\"args\":[],\"defaultTo\":null,\"notNullable\":false,\"unsigned\":true},{\"name\":\"component_type\",\"type\":\"string\",\"args\":[],\"defaultTo\":null,\"notNullable\":false,\"unsigned\":false},{\"name\":\"field\",\"type\":\"string\",\"args\":[],\"defaultTo\":null,\"notNullable\":false,\"unsigned\":false},{\"name\":\"order\",\"type\":\"double\",\"args\":[],\"defaultTo\":null,\"notNullable\":false,\"unsigned\":true}]},{\"name\":\"sea_transports_localizations_links\",\"indexes\":[{\"name\":\"sea_transports_localizations_links_fk\",\"columns\":[\"sea_transport_id\"]},{\"name\":\"sea_transports_localizations_links_inv_fk\",\"columns\":[\"inv_sea_transport_id\"]},{\"name\":\"sea_transports_localizations_links_unique\",\"columns\":[\"sea_transport_id\",\"inv_sea_transport_id\"],\"type\":\"unique\"},{\"name\":\"sea_transports_localizations_links_order_fk\",\"columns\":[\"sea_transport_order\"]}],\"foreignKeys\":[{\"name\":\"sea_transports_localizations_links_fk\",\"columns\":[\"sea_transport_id\"],\"referencedColumns\":[\"id\"],\"referencedTable\":\"sea_transports\",\"onDelete\":\"CASCADE\"},{\"name\":\"sea_transports_localizations_links_inv_fk\",\"columns\":[\"inv_sea_transport_id\"],\"referencedColumns\":[\"id\"],\"referencedTable\":\"sea_transports\",\"onDelete\":\"CASCADE\"}],\"columns\":[{\"name\":\"id\",\"type\":\"increments\",\"args\":[{\"primary\":true,\"primaryKey\":true}],\"defaultTo\":null,\"notNullable\":true,\"unsigned\":false},{\"name\":\"sea_transport_id\",\"type\":\"integer\",\"args\":[],\"defaultTo\":null,\"notNullable\":false,\"unsigned\":true},{\"name\":\"inv_sea_transport_id\",\"type\":\"integer\",\"args\":[],\"defaultTo\":null,\"notNullable\":false,\"unsigned\":true},{\"name\":\"sea_transport_order\",\"type\":\"double\",\"args\":[],\"defaultTo\":null,\"notNullable\":false,\"unsigned\":true}]},{\"name\":\"services_components\",\"indexes\":[{\"name\":\"services_field_index\",\"columns\":[\"field\"],\"type\":null},{\"name\":\"services_component_type_index\",\"columns\":[\"component_type\"],\"type\":null},{\"name\":\"services_entity_fk\",\"columns\":[\"entity_id\"]},{\"name\":\"services_unique\",\"columns\":[\"entity_id\",\"component_id\",\"field\",\"component_type\"],\"type\":\"unique\"}],\"foreignKeys\":[{\"name\":\"services_entity_fk\",\"columns\":[\"entity_id\"],\"referencedColumns\":[\"id\"],\"referencedTable\":\"services\",\"onDelete\":\"CASCADE\"}],\"columns\":[{\"name\":\"id\",\"type\":\"increments\",\"args\":[{\"primary\":true,\"primaryKey\":true}],\"defaultTo\":null,\"notNullable\":true,\"unsigned\":false},{\"name\":\"entity_id\",\"type\":\"integer\",\"args\":[],\"defaultTo\":null,\"notNullable\":false,\"unsigned\":true},{\"name\":\"component_id\",\"type\":\"integer\",\"args\":[],\"defaultTo\":null,\"notNullable\":false,\"unsigned\":true},{\"name\":\"component_type\",\"type\":\"string\",\"args\":[],\"defaultTo\":null,\"notNullable\":false,\"unsigned\":false},{\"name\":\"field\",\"type\":\"string\",\"args\":[],\"defaultTo\":null,\"notNullable\":false,\"unsigned\":false},{\"name\":\"order\",\"type\":\"double\",\"args\":[],\"defaultTo\":null,\"notNullable\":false,\"unsigned\":true}]},{\"name\":\"services_localizations_links\",\"indexes\":[{\"name\":\"services_localizations_links_fk\",\"columns\":[\"service_id\"]},{\"name\":\"services_localizations_links_inv_fk\",\"columns\":[\"inv_service_id\"]},{\"name\":\"services_localizations_links_unique\",\"columns\":[\"service_id\",\"inv_service_id\"],\"type\":\"unique\"},{\"name\":\"services_localizations_links_order_fk\",\"columns\":[\"service_order\"]}],\"foreignKeys\":[{\"name\":\"services_localizations_links_fk\",\"columns\":[\"service_id\"],\"referencedColumns\":[\"id\"],\"referencedTable\":\"services\",\"onDelete\":\"CASCADE\"},{\"name\":\"services_localizations_links_inv_fk\",\"columns\":[\"inv_service_id\"],\"referencedColumns\":[\"id\"],\"referencedTable\":\"services\",\"onDelete\":\"CASCADE\"}],\"columns\":[{\"name\":\"id\",\"type\":\"increments\",\"args\":[{\"primary\":true,\"primaryKey\":true}],\"defaultTo\":null,\"notNullable\":true,\"unsigned\":false},{\"name\":\"service_id\",\"type\":\"integer\",\"args\":[],\"defaultTo\":null,\"notNullable\":false,\"unsigned\":true},{\"name\":\"inv_service_id\",\"type\":\"integer\",\"args\":[],\"defaultTo\":null,\"notNullable\":false,\"unsigned\":true},{\"name\":\"service_order\",\"type\":\"double\",\"args\":[],\"defaultTo\":null,\"notNullable\":false,\"unsigned\":true}]},{\"name\":\"truckings_components\",\"indexes\":[{\"name\":\"truckings_field_index\",\"columns\":[\"field\"],\"type\":null},{\"name\":\"truckings_component_type_index\",\"columns\":[\"component_type\"],\"type\":null},{\"name\":\"truckings_entity_fk\",\"columns\":[\"entity_id\"]},{\"name\":\"truckings_unique\",\"columns\":[\"entity_id\",\"component_id\",\"field\",\"component_type\"],\"type\":\"unique\"}],\"foreignKeys\":[{\"name\":\"truckings_entity_fk\",\"columns\":[\"entity_id\"],\"referencedColumns\":[\"id\"],\"referencedTable\":\"truckings\",\"onDelete\":\"CASCADE\"}],\"columns\":[{\"name\":\"id\",\"type\":\"increments\",\"args\":[{\"primary\":true,\"primaryKey\":true}],\"defaultTo\":null,\"notNullable\":true,\"unsigned\":false},{\"name\":\"entity_id\",\"type\":\"integer\",\"args\":[],\"defaultTo\":null,\"notNullable\":false,\"unsigned\":true},{\"name\":\"component_id\",\"type\":\"integer\",\"args\":[],\"defaultTo\":null,\"notNullable\":false,\"unsigned\":true},{\"name\":\"component_type\",\"type\":\"string\",\"args\":[],\"defaultTo\":null,\"notNullable\":false,\"unsigned\":false},{\"name\":\"field\",\"type\":\"string\",\"args\":[],\"defaultTo\":null,\"notNullable\":false,\"unsigned\":false},{\"name\":\"order\",\"type\":\"double\",\"args\":[],\"defaultTo\":null,\"notNullable\":false,\"unsigned\":true}]},{\"name\":\"truckings_localizations_links\",\"indexes\":[{\"name\":\"truckings_localizations_links_fk\",\"columns\":[\"trucking_id\"]},{\"name\":\"truckings_localizations_links_inv_fk\",\"columns\":[\"inv_trucking_id\"]},{\"name\":\"truckings_localizations_links_unique\",\"columns\":[\"trucking_id\",\"inv_trucking_id\"],\"type\":\"unique\"},{\"name\":\"truckings_localizations_links_order_fk\",\"columns\":[\"trucking_order\"]}],\"foreignKeys\":[{\"name\":\"truckings_localizations_links_fk\",\"columns\":[\"trucking_id\"],\"referencedColumns\":[\"id\"],\"referencedTable\":\"truckings\",\"onDelete\":\"CASCADE\"},{\"name\":\"truckings_localizations_links_inv_fk\",\"columns\":[\"inv_trucking_id\"],\"referencedColumns\":[\"id\"],\"referencedTable\":\"truckings\",\"onDelete\":\"CASCADE\"}],\"columns\":[{\"name\":\"id\",\"type\":\"increments\",\"args\":[{\"primary\":true,\"primaryKey\":true}],\"defaultTo\":null,\"notNullable\":true,\"unsigned\":false},{\"name\":\"trucking_id\",\"type\":\"integer\",\"args\":[],\"defaultTo\":null,\"notNullable\":false,\"unsigned\":true},{\"name\":\"inv_trucking_id\",\"type\":\"integer\",\"args\":[],\"defaultTo\":null,\"notNullable\":false,\"unsigned\":true},{\"name\":\"trucking_order\",\"type\":\"double\",\"args\":[],\"defaultTo\":null,\"notNullable\":false,\"unsigned\":true}]},{\"name\":\"warehouses_components\",\"indexes\":[{\"name\":\"warehouses_field_index\",\"columns\":[\"field\"],\"type\":null},{\"name\":\"warehouses_component_type_index\",\"columns\":[\"component_type\"],\"type\":null},{\"name\":\"warehouses_entity_fk\",\"columns\":[\"entity_id\"]},{\"name\":\"warehouses_unique\",\"columns\":[\"entity_id\",\"component_id\",\"field\",\"component_type\"],\"type\":\"unique\"}],\"foreignKeys\":[{\"name\":\"warehouses_entity_fk\",\"columns\":[\"entity_id\"],\"referencedColumns\":[\"id\"],\"referencedTable\":\"warehouses\",\"onDelete\":\"CASCADE\"}],\"columns\":[{\"name\":\"id\",\"type\":\"increments\",\"args\":[{\"primary\":true,\"primaryKey\":true}],\"defaultTo\":null,\"notNullable\":true,\"unsigned\":false},{\"name\":\"entity_id\",\"type\":\"integer\",\"args\":[],\"defaultTo\":null,\"notNullable\":false,\"unsigned\":true},{\"name\":\"component_id\",\"type\":\"integer\",\"args\":[],\"defaultTo\":null,\"notNullable\":false,\"unsigned\":true},{\"name\":\"component_type\",\"type\":\"string\",\"args\":[],\"defaultTo\":null,\"notNullable\":false,\"unsigned\":false},{\"name\":\"field\",\"type\":\"string\",\"args\":[],\"defaultTo\":null,\"notNullable\":false,\"unsigned\":false},{\"name\":\"order\",\"type\":\"double\",\"args\":[],\"defaultTo\":null,\"notNullable\":false,\"unsigned\":true}]},{\"name\":\"warehouses_localizations_links\",\"indexes\":[{\"name\":\"warehouses_localizations_links_fk\",\"columns\":[\"warehouse_id\"]},{\"name\":\"warehouses_localizations_links_inv_fk\",\"columns\":[\"inv_warehouse_id\"]},{\"name\":\"warehouses_localizations_links_unique\",\"columns\":[\"warehouse_id\",\"inv_warehouse_id\"],\"type\":\"unique\"},{\"name\":\"warehouses_localizations_links_order_fk\",\"columns\":[\"warehouse_order\"]}],\"foreignKeys\":[{\"name\":\"warehouses_localizations_links_fk\",\"columns\":[\"warehouse_id\"],\"referencedColumns\":[\"id\"],\"referencedTable\":\"warehouses\",\"onDelete\":\"CASCADE\"},{\"name\":\"warehouses_localizations_links_inv_fk\",\"columns\":[\"inv_warehouse_id\"],\"referencedColumns\":[\"id\"],\"referencedTable\":\"warehouses\",\"onDelete\":\"CASCADE\"}],\"columns\":[{\"name\":\"id\",\"type\":\"increments\",\"args\":[{\"primary\":true,\"primaryKey\":true}],\"defaultTo\":null,\"notNullable\":true,\"unsigned\":false},{\"name\":\"warehouse_id\",\"type\":\"integer\",\"args\":[],\"defaultTo\":null,\"notNullable\":false,\"unsigned\":true},{\"name\":\"inv_warehouse_id\",\"type\":\"integer\",\"args\":[],\"defaultTo\":null,\"notNullable\":false,\"unsigned\":true},{\"name\":\"warehouse_order\",\"type\":\"double\",\"args\":[],\"defaultTo\":null,\"notNullable\":false,\"unsigned\":true}]},{\"name\":\"components_footer_column_footer_columns_components\",\"indexes\":[{\"name\":\"components_footer_column_footer_columns_field_index\",\"columns\":[\"field\"],\"type\":null},{\"name\":\"components_footer_column_footer_columns_component_type_index\",\"columns\":[\"component_type\"],\"type\":null},{\"name\":\"components_footer_column_footer_columns_entity_fk\",\"columns\":[\"entity_id\"]},{\"name\":\"components_footer_column_footer_columns_unique\",\"columns\":[\"entity_id\",\"component_id\",\"field\",\"component_type\"],\"type\":\"unique\"}],\"foreignKeys\":[{\"name\":\"components_footer_column_footer_columns_entity_fk\",\"columns\":[\"entity_id\"],\"referencedColumns\":[\"id\"],\"referencedTable\":\"components_footer_column_footer_columns\",\"onDelete\":\"CASCADE\"}],\"columns\":[{\"name\":\"id\",\"type\":\"increments\",\"args\":[{\"primary\":true,\"primaryKey\":true}],\"defaultTo\":null,\"notNullable\":true,\"unsigned\":false},{\"name\":\"entity_id\",\"type\":\"integer\",\"args\":[],\"defaultTo\":null,\"notNullable\":false,\"unsigned\":true},{\"name\":\"component_id\",\"type\":\"integer\",\"args\":[],\"defaultTo\":null,\"notNullable\":false,\"unsigned\":true},{\"name\":\"component_type\",\"type\":\"string\",\"args\":[],\"defaultTo\":null,\"notNullable\":false,\"unsigned\":false},{\"name\":\"field\",\"type\":\"string\",\"args\":[],\"defaultTo\":null,\"notNullable\":false,\"unsigned\":false},{\"name\":\"order\",\"type\":\"double\",\"args\":[],\"defaultTo\":null,\"notNullable\":false,\"unsigned\":true}]},{\"name\":\"components_home_lookup_home_lookups_components\",\"indexes\":[{\"name\":\"components_home_lookup_home_lookups_field_index\",\"columns\":[\"field\"],\"type\":null},{\"name\":\"components_home_lookup_home_lookups_component_type_index\",\"columns\":[\"component_type\"],\"type\":null},{\"name\":\"components_home_lookup_home_lookups_entity_fk\",\"columns\":[\"entity_id\"]},{\"name\":\"components_home_lookup_home_lookups_unique\",\"columns\":[\"entity_id\",\"component_id\",\"field\",\"component_type\"],\"type\":\"unique\"}],\"foreignKeys\":[{\"name\":\"components_home_lookup_home_lookups_entity_fk\",\"columns\":[\"entity_id\"],\"referencedColumns\":[\"id\"],\"referencedTable\":\"components_home_lookup_home_lookups\",\"onDelete\":\"CASCADE\"}],\"columns\":[{\"name\":\"id\",\"type\":\"increments\",\"args\":[{\"primary\":true,\"primaryKey\":true}],\"defaultTo\":null,\"notNullable\":true,\"unsigned\":false},{\"name\":\"entity_id\",\"type\":\"integer\",\"args\":[],\"defaultTo\":null,\"notNullable\":false,\"unsigned\":true},{\"name\":\"component_id\",\"type\":\"integer\",\"args\":[],\"defaultTo\":null,\"notNullable\":false,\"unsigned\":true},{\"name\":\"component_type\",\"type\":\"string\",\"args\":[],\"defaultTo\":null,\"notNullable\":false,\"unsigned\":false},{\"name\":\"field\",\"type\":\"string\",\"args\":[],\"defaultTo\":null,\"notNullable\":false,\"unsigned\":false},{\"name\":\"order\",\"type\":\"double\",\"args\":[],\"defaultTo\":null,\"notNullable\":false,\"unsigned\":true}]},{\"name\":\"components_home_service_home_services_components\",\"indexes\":[{\"name\":\"components_home_service_home_services_field_index\",\"columns\":[\"field\"],\"type\":null},{\"name\":\"components_home_service_home_services_component_type_index\",\"columns\":[\"component_type\"],\"type\":null},{\"name\":\"components_home_service_home_services_entity_fk\",\"columns\":[\"entity_id\"]},{\"name\":\"components_home_service_home_services_unique\",\"columns\":[\"entity_id\",\"component_id\",\"field\",\"component_type\"],\"type\":\"unique\"}],\"foreignKeys\":[{\"name\":\"components_home_service_home_services_entity_fk\",\"columns\":[\"entity_id\"],\"referencedColumns\":[\"id\"],\"referencedTable\":\"components_home_service_home_services\",\"onDelete\":\"CASCADE\"}],\"columns\":[{\"name\":\"id\",\"type\":\"increments\",\"args\":[{\"primary\":true,\"primaryKey\":true}],\"defaultTo\":null,\"notNullable\":true,\"unsigned\":false},{\"name\":\"entity_id\",\"type\":\"integer\",\"args\":[],\"defaultTo\":null,\"notNullable\":false,\"unsigned\":true},{\"name\":\"component_id\",\"type\":\"integer\",\"args\":[],\"defaultTo\":null,\"notNullable\":false,\"unsigned\":true},{\"name\":\"component_type\",\"type\":\"string\",\"args\":[],\"defaultTo\":null,\"notNullable\":false,\"unsigned\":false},{\"name\":\"field\",\"type\":\"string\",\"args\":[],\"defaultTo\":null,\"notNullable\":false,\"unsigned\":false},{\"name\":\"order\",\"type\":\"double\",\"args\":[],\"defaultTo\":null,\"notNullable\":false,\"unsigned\":true}]},{\"name\":\"components_introduce_core_values_components\",\"indexes\":[{\"name\":\"components_introduce_core_values_field_index\",\"columns\":[\"field\"],\"type\":null},{\"name\":\"components_introduce_core_values_component_type_index\",\"columns\":[\"component_type\"],\"type\":null},{\"name\":\"components_introduce_core_values_entity_fk\",\"columns\":[\"entity_id\"]},{\"name\":\"components_introduce_core_values_unique\",\"columns\":[\"entity_id\",\"component_id\",\"field\",\"component_type\"],\"type\":\"unique\"}],\"foreignKeys\":[{\"name\":\"components_introduce_core_values_entity_fk\",\"columns\":[\"entity_id\"],\"referencedColumns\":[\"id\"],\"referencedTable\":\"components_introduce_core_values\",\"onDelete\":\"CASCADE\"}],\"columns\":[{\"name\":\"id\",\"type\":\"increments\",\"args\":[{\"primary\":true,\"primaryKey\":true}],\"defaultTo\":null,\"notNullable\":true,\"unsigned\":false},{\"name\":\"entity_id\",\"type\":\"integer\",\"args\":[],\"defaultTo\":null,\"notNullable\":false,\"unsigned\":true},{\"name\":\"component_id\",\"type\":\"integer\",\"args\":[],\"defaultTo\":null,\"notNullable\":false,\"unsigned\":true},{\"name\":\"component_type\",\"type\":\"string\",\"args\":[],\"defaultTo\":null,\"notNullable\":false,\"unsigned\":false},{\"name\":\"field\",\"type\":\"string\",\"args\":[],\"defaultTo\":null,\"notNullable\":false,\"unsigned\":false},{\"name\":\"order\",\"type\":\"double\",\"args\":[],\"defaultTo\":null,\"notNullable\":false,\"unsigned\":true}]},{\"name\":\"components_introduce_missions_components\",\"indexes\":[{\"name\":\"components_introduce_missions_field_index\",\"columns\":[\"field\"],\"type\":null},{\"name\":\"components_introduce_missions_component_type_index\",\"columns\":[\"component_type\"],\"type\":null},{\"name\":\"components_introduce_missions_entity_fk\",\"columns\":[\"entity_id\"]},{\"name\":\"components_introduce_missions_unique\",\"columns\":[\"entity_id\",\"component_id\",\"field\",\"component_type\"],\"type\":\"unique\"}],\"foreignKeys\":[{\"name\":\"components_introduce_missions_entity_fk\",\"columns\":[\"entity_id\"],\"referencedColumns\":[\"id\"],\"referencedTable\":\"components_introduce_missions\",\"onDelete\":\"CASCADE\"}],\"columns\":[{\"name\":\"id\",\"type\":\"increments\",\"args\":[{\"primary\":true,\"primaryKey\":true}],\"defaultTo\":null,\"notNullable\":true,\"unsigned\":false},{\"name\":\"entity_id\",\"type\":\"integer\",\"args\":[],\"defaultTo\":null,\"notNullable\":false,\"unsigned\":true},{\"name\":\"component_id\",\"type\":\"integer\",\"args\":[],\"defaultTo\":null,\"notNullable\":false,\"unsigned\":true},{\"name\":\"component_type\",\"type\":\"string\",\"args\":[],\"defaultTo\":null,\"notNullable\":false,\"unsigned\":false},{\"name\":\"field\",\"type\":\"string\",\"args\":[],\"defaultTo\":null,\"notNullable\":false,\"unsigned\":false},{\"name\":\"order\",\"type\":\"double\",\"args\":[],\"defaultTo\":null,\"notNullable\":false,\"unsigned\":true}]},{\"name\":\"components_introduce_reasons_choose_wes_components\",\"indexes\":[{\"name\":\"components_introduce_reasons_choose_wes_field_index\",\"columns\":[\"field\"],\"type\":null},{\"name\":\"components_introduce_reasons_choose_wes_component_type_index\",\"columns\":[\"component_type\"],\"type\":null},{\"name\":\"components_introduce_reasons_choose_wes_entity_fk\",\"columns\":[\"entity_id\"]},{\"name\":\"components_introduce_reasons_choose_wes_unique\",\"columns\":[\"entity_id\",\"component_id\",\"field\",\"component_type\"],\"type\":\"unique\"}],\"foreignKeys\":[{\"name\":\"components_introduce_reasons_choose_wes_entity_fk\",\"columns\":[\"entity_id\"],\"referencedColumns\":[\"id\"],\"referencedTable\":\"components_introduce_reasons_choose_wes\",\"onDelete\":\"CASCADE\"}],\"columns\":[{\"name\":\"id\",\"type\":\"increments\",\"args\":[{\"primary\":true,\"primaryKey\":true}],\"defaultTo\":null,\"notNullable\":true,\"unsigned\":false},{\"name\":\"entity_id\",\"type\":\"integer\",\"args\":[],\"defaultTo\":null,\"notNullable\":false,\"unsigned\":true},{\"name\":\"component_id\",\"type\":\"integer\",\"args\":[],\"defaultTo\":null,\"notNullable\":false,\"unsigned\":true},{\"name\":\"component_type\",\"type\":\"string\",\"args\":[],\"defaultTo\":null,\"notNullable\":false,\"unsigned\":false},{\"name\":\"field\",\"type\":\"string\",\"args\":[],\"defaultTo\":null,\"notNullable\":false,\"unsigned\":false},{\"name\":\"order\",\"type\":\"double\",\"args\":[],\"defaultTo\":null,\"notNullable\":false,\"unsigned\":true}]},{\"name\":\"components_sea_services_components\",\"indexes\":[{\"name\":\"components_sea_services_field_index\",\"columns\":[\"field\"],\"type\":null},{\"name\":\"components_sea_services_component_type_index\",\"columns\":[\"component_type\"],\"type\":null},{\"name\":\"components_sea_services_entity_fk\",\"columns\":[\"entity_id\"]},{\"name\":\"components_sea_services_unique\",\"columns\":[\"entity_id\",\"component_id\",\"field\",\"component_type\"],\"type\":\"unique\"}],\"foreignKeys\":[{\"name\":\"components_sea_services_entity_fk\",\"columns\":[\"entity_id\"],\"referencedColumns\":[\"id\"],\"referencedTable\":\"components_sea_services\",\"onDelete\":\"CASCADE\"}],\"columns\":[{\"name\":\"id\",\"type\":\"increments\",\"args\":[{\"primary\":true,\"primaryKey\":true}],\"defaultTo\":null,\"notNullable\":true,\"unsigned\":false},{\"name\":\"entity_id\",\"type\":\"integer\",\"args\":[],\"defaultTo\":null,\"notNullable\":false,\"unsigned\":true},{\"name\":\"component_id\",\"type\":\"integer\",\"args\":[],\"defaultTo\":null,\"notNullable\":false,\"unsigned\":true},{\"name\":\"component_type\",\"type\":\"string\",\"args\":[],\"defaultTo\":null,\"notNullable\":false,\"unsigned\":false},{\"name\":\"field\",\"type\":\"string\",\"args\":[],\"defaultTo\":null,\"notNullable\":false,\"unsigned\":false},{\"name\":\"order\",\"type\":\"double\",\"args\":[],\"defaultTo\":null,\"notNullable\":false,\"unsigned\":true}]},{\"name\":\"components_service_information_services_components\",\"indexes\":[{\"name\":\"components_service_information_services_field_index\",\"columns\":[\"field\"],\"type\":null},{\"name\":\"components_service_information_services_component_type_index\",\"columns\":[\"component_type\"],\"type\":null},{\"name\":\"components_service_information_services_entity_fk\",\"columns\":[\"entity_id\"]},{\"name\":\"components_service_information_services_unique\",\"columns\":[\"entity_id\",\"component_id\",\"field\",\"component_type\"],\"type\":\"unique\"}],\"foreignKeys\":[{\"name\":\"components_service_information_services_entity_fk\",\"columns\":[\"entity_id\"],\"referencedColumns\":[\"id\"],\"referencedTable\":\"components_service_information_services\",\"onDelete\":\"CASCADE\"}],\"columns\":[{\"name\":\"id\",\"type\":\"increments\",\"args\":[{\"primary\":true,\"primaryKey\":true}],\"defaultTo\":null,\"notNullable\":true,\"unsigned\":false},{\"name\":\"entity_id\",\"type\":\"integer\",\"args\":[],\"defaultTo\":null,\"notNullable\":false,\"unsigned\":true},{\"name\":\"component_id\",\"type\":\"integer\",\"args\":[],\"defaultTo\":null,\"notNullable\":false,\"unsigned\":true},{\"name\":\"component_type\",\"type\":\"string\",\"args\":[],\"defaultTo\":null,\"notNullable\":false,\"unsigned\":false},{\"name\":\"field\",\"type\":\"string\",\"args\":[],\"defaultTo\":null,\"notNullable\":false,\"unsigned\":false},{\"name\":\"order\",\"type\":\"double\",\"args\":[],\"defaultTo\":null,\"notNullable\":false,\"unsigned\":true}]},{\"name\":\"components_shared_seos_components\",\"indexes\":[{\"name\":\"components_shared_seos_field_index\",\"columns\":[\"field\"],\"type\":null},{\"name\":\"components_shared_seos_component_type_index\",\"columns\":[\"component_type\"],\"type\":null},{\"name\":\"components_shared_seos_entity_fk\",\"columns\":[\"entity_id\"]},{\"name\":\"components_shared_seos_unique\",\"columns\":[\"entity_id\",\"component_id\",\"field\",\"component_type\"],\"type\":\"unique\"}],\"foreignKeys\":[{\"name\":\"components_shared_seos_entity_fk\",\"columns\":[\"entity_id\"],\"referencedColumns\":[\"id\"],\"referencedTable\":\"components_shared_seos\",\"onDelete\":\"CASCADE\"}],\"columns\":[{\"name\":\"id\",\"type\":\"increments\",\"args\":[{\"primary\":true,\"primaryKey\":true}],\"defaultTo\":null,\"notNullable\":true,\"unsigned\":false},{\"name\":\"entity_id\",\"type\":\"integer\",\"args\":[],\"defaultTo\":null,\"notNullable\":false,\"unsigned\":true},{\"name\":\"component_id\",\"type\":\"integer\",\"args\":[],\"defaultTo\":null,\"notNullable\":false,\"unsigned\":true},{\"name\":\"component_type\",\"type\":\"string\",\"args\":[],\"defaultTo\":null,\"notNullable\":false,\"unsigned\":false},{\"name\":\"field\",\"type\":\"string\",\"args\":[],\"defaultTo\":null,\"notNullable\":false,\"unsigned\":false},{\"name\":\"order\",\"type\":\"double\",\"args\":[],\"defaultTo\":null,\"notNullable\":false,\"unsigned\":true}]}]}','2023-07-23 05:45:19','f220616e2c20fb8294804b58dbde078f');
/*!40000 ALTER TABLE `strapi_database_schema` ENABLE KEYS */;
UNLOCK TABLES;

--
-- Table structure for table `strapi_migrations`
--

DROP TABLE IF EXISTS `strapi_migrations`;
/*!40101 SET @saved_cs_client     = @@character_set_client */;
/*!40101 SET character_set_client = utf8 */;
CREATE TABLE `strapi_migrations` (
  `id` int(10) unsigned NOT NULL AUTO_INCREMENT,
  `name` varchar(255) DEFAULT NULL,
  `time` datetime DEFAULT NULL,
  PRIMARY KEY (`id`)
) ENGINE=InnoDB DEFAULT CHARSET=utf8mb4 COLLATE=utf8mb4_general_ci;
/*!40101 SET character_set_client = @saved_cs_client */;

--
-- Dumping data for table `strapi_migrations`
--

LOCK TABLES `strapi_migrations` WRITE;
/*!40000 ALTER TABLE `strapi_migrations` DISABLE KEYS */;
/*!40000 ALTER TABLE `strapi_migrations` ENABLE KEYS */;
UNLOCK TABLES;

--
-- Table structure for table `strapi_transfer_token_permissions`
--

DROP TABLE IF EXISTS `strapi_transfer_token_permissions`;
/*!40101 SET @saved_cs_client     = @@character_set_client */;
/*!40101 SET character_set_client = utf8 */;
CREATE TABLE `strapi_transfer_token_permissions` (
  `id` int(10) unsigned NOT NULL AUTO_INCREMENT,
  `action` varchar(255) DEFAULT NULL,
  `created_at` datetime(6) DEFAULT NULL,
  `updated_at` datetime(6) DEFAULT NULL,
  `created_by_id` int(10) unsigned DEFAULT NULL,
  `updated_by_id` int(10) unsigned DEFAULT NULL,
  PRIMARY KEY (`id`),
  KEY `strapi_transfer_token_permissions_created_by_id_fk` (`created_by_id`),
  KEY `strapi_transfer_token_permissions_updated_by_id_fk` (`updated_by_id`),
  CONSTRAINT `strapi_transfer_token_permissions_created_by_id_fk` FOREIGN KEY (`created_by_id`) REFERENCES `admin_users` (`id`) ON DELETE SET NULL,
  CONSTRAINT `strapi_transfer_token_permissions_updated_by_id_fk` FOREIGN KEY (`updated_by_id`) REFERENCES `admin_users` (`id`) ON DELETE SET NULL
) ENGINE=InnoDB DEFAULT CHARSET=utf8mb4 COLLATE=utf8mb4_general_ci;
/*!40101 SET character_set_client = @saved_cs_client */;

--
-- Dumping data for table `strapi_transfer_token_permissions`
--

LOCK TABLES `strapi_transfer_token_permissions` WRITE;
/*!40000 ALTER TABLE `strapi_transfer_token_permissions` DISABLE KEYS */;
/*!40000 ALTER TABLE `strapi_transfer_token_permissions` ENABLE KEYS */;
UNLOCK TABLES;

--
-- Table structure for table `strapi_transfer_token_permissions_token_links`
--

DROP TABLE IF EXISTS `strapi_transfer_token_permissions_token_links`;
/*!40101 SET @saved_cs_client     = @@character_set_client */;
/*!40101 SET character_set_client = utf8 */;
CREATE TABLE `strapi_transfer_token_permissions_token_links` (
  `id` int(10) unsigned NOT NULL AUTO_INCREMENT,
  `transfer_token_permission_id` int(10) unsigned DEFAULT NULL,
  `transfer_token_id` int(10) unsigned DEFAULT NULL,
  `transfer_token_permission_order` double unsigned DEFAULT NULL,
  PRIMARY KEY (`id`),
  UNIQUE KEY `strapi_transfer_token_permissions_token_links_unique` (`transfer_token_permission_id`,`transfer_token_id`),
  KEY `strapi_transfer_token_permissions_token_links_fk` (`transfer_token_permission_id`),
  KEY `strapi_transfer_token_permissions_token_links_inv_fk` (`transfer_token_id`),
  KEY `strapi_transfer_token_permissions_token_links_order_inv_fk` (`transfer_token_permission_order`),
  CONSTRAINT `strapi_transfer_token_permissions_token_links_fk` FOREIGN KEY (`transfer_token_permission_id`) REFERENCES `strapi_transfer_token_permissions` (`id`) ON DELETE CASCADE,
  CONSTRAINT `strapi_transfer_token_permissions_token_links_inv_fk` FOREIGN KEY (`transfer_token_id`) REFERENCES `strapi_transfer_tokens` (`id`) ON DELETE CASCADE
) ENGINE=InnoDB DEFAULT CHARSET=utf8mb4 COLLATE=utf8mb4_general_ci;
/*!40101 SET character_set_client = @saved_cs_client */;

--
-- Dumping data for table `strapi_transfer_token_permissions_token_links`
--

LOCK TABLES `strapi_transfer_token_permissions_token_links` WRITE;
/*!40000 ALTER TABLE `strapi_transfer_token_permissions_token_links` DISABLE KEYS */;
/*!40000 ALTER TABLE `strapi_transfer_token_permissions_token_links` ENABLE KEYS */;
UNLOCK TABLES;

--
-- Table structure for table `strapi_transfer_tokens`
--

DROP TABLE IF EXISTS `strapi_transfer_tokens`;
/*!40101 SET @saved_cs_client     = @@character_set_client */;
/*!40101 SET character_set_client = utf8 */;
CREATE TABLE `strapi_transfer_tokens` (
  `id` int(10) unsigned NOT NULL AUTO_INCREMENT,
  `name` varchar(255) DEFAULT NULL,
  `description` varchar(255) DEFAULT NULL,
  `access_key` varchar(255) DEFAULT NULL,
  `last_used_at` datetime(6) DEFAULT NULL,
  `expires_at` datetime(6) DEFAULT NULL,
  `lifespan` bigint(20) DEFAULT NULL,
  `created_at` datetime(6) DEFAULT NULL,
  `updated_at` datetime(6) DEFAULT NULL,
  `created_by_id` int(10) unsigned DEFAULT NULL,
  `updated_by_id` int(10) unsigned DEFAULT NULL,
  PRIMARY KEY (`id`),
  KEY `strapi_transfer_tokens_created_by_id_fk` (`created_by_id`),
  KEY `strapi_transfer_tokens_updated_by_id_fk` (`updated_by_id`),
  CONSTRAINT `strapi_transfer_tokens_created_by_id_fk` FOREIGN KEY (`created_by_id`) REFERENCES `admin_users` (`id`) ON DELETE SET NULL,
  CONSTRAINT `strapi_transfer_tokens_updated_by_id_fk` FOREIGN KEY (`updated_by_id`) REFERENCES `admin_users` (`id`) ON DELETE SET NULL
) ENGINE=InnoDB DEFAULT CHARSET=utf8mb4 COLLATE=utf8mb4_general_ci;
/*!40101 SET character_set_client = @saved_cs_client */;

--
-- Dumping data for table `strapi_transfer_tokens`
--

LOCK TABLES `strapi_transfer_tokens` WRITE;
/*!40000 ALTER TABLE `strapi_transfer_tokens` DISABLE KEYS */;
/*!40000 ALTER TABLE `strapi_transfer_tokens` ENABLE KEYS */;
UNLOCK TABLES;

--
-- Table structure for table `strapi_webhooks`
--

DROP TABLE IF EXISTS `strapi_webhooks`;
/*!40101 SET @saved_cs_client     = @@character_set_client */;
/*!40101 SET character_set_client = utf8 */;
CREATE TABLE `strapi_webhooks` (
  `id` int(10) unsigned NOT NULL AUTO_INCREMENT,
  `name` varchar(255) DEFAULT NULL,
  `url` longtext DEFAULT NULL,
  `headers` longtext CHARACTER SET utf8mb4 COLLATE utf8mb4_bin DEFAULT NULL CHECK (json_valid(`headers`)),
  `events` longtext CHARACTER SET utf8mb4 COLLATE utf8mb4_bin DEFAULT NULL CHECK (json_valid(`events`)),
  `enabled` tinyint(1) DEFAULT NULL,
  PRIMARY KEY (`id`)
) ENGINE=InnoDB AUTO_INCREMENT=2 DEFAULT CHARSET=utf8mb4 COLLATE=utf8mb4_general_ci;
/*!40101 SET character_set_client = @saved_cs_client */;

--
-- Dumping data for table `strapi_webhooks`
--

LOCK TABLES `strapi_webhooks` WRITE;
/*!40000 ALTER TABLE `strapi_webhooks` DISABLE KEYS */;
INSERT INTO `strapi_webhooks` VALUES (1,'W1','https://elements.envato.com/moosix-music-streaming-dashboard-S3XDAMX/preview','{\"Au\":\"aaaa\"}','[\"entry.create\",\"entry.update\",\"entry.delete\",\"entry.publish\",\"entry.unpublish\"]',1);
/*!40000 ALTER TABLE `strapi_webhooks` ENABLE KEYS */;
UNLOCK TABLES;

--
-- Table structure for table `truckings`
--

DROP TABLE IF EXISTS `truckings`;
/*!40101 SET @saved_cs_client     = @@character_set_client */;
/*!40101 SET character_set_client = utf8 */;
CREATE TABLE `truckings` (
  `id` int(10) unsigned NOT NULL AUTO_INCREMENT,
  `description` longtext DEFAULT NULL,
  `created_at` datetime(6) DEFAULT NULL,
  `updated_at` datetime(6) DEFAULT NULL,
  `published_at` datetime(6) DEFAULT NULL,
  `created_by_id` int(10) unsigned DEFAULT NULL,
  `updated_by_id` int(10) unsigned DEFAULT NULL,
  `locale` varchar(255) DEFAULT NULL,
  PRIMARY KEY (`id`),
  KEY `truckings_created_by_id_fk` (`created_by_id`),
  KEY `truckings_updated_by_id_fk` (`updated_by_id`),
  CONSTRAINT `truckings_created_by_id_fk` FOREIGN KEY (`created_by_id`) REFERENCES `admin_users` (`id`) ON DELETE SET NULL,
  CONSTRAINT `truckings_updated_by_id_fk` FOREIGN KEY (`updated_by_id`) REFERENCES `admin_users` (`id`) ON DELETE SET NULL
) ENGINE=InnoDB AUTO_INCREMENT=3 DEFAULT CHARSET=utf8mb4 COLLATE=utf8mb4_general_ci;
/*!40101 SET character_set_client = @saved_cs_client */;

--
-- Dumping data for table `truckings`
--

LOCK TABLES `truckings` WRITE;
/*!40000 ALTER TABLE `truckings` DISABLE KEYS */;
INSERT INTO `truckings` VALUES (1,'H thng hn 3.000 xe ti & container c kh nng vn chuyn hng ha n 63/63 tnh thnh v xuyn bin gii (Cross Border)','2023-05-25 01:34:10.082000','2023-07-03 03:37:31.537000','2023-05-25 02:02:19.268000',1,1,'vi-VN'),(2,'System of more than 3,000 trucks & containers capable of transporting goods to 63/63 provinces in Viet Nam and cross border','2023-05-30 10:09:03.842000','2023-07-03 03:41:50.673000','2023-05-30 10:09:05.138000',1,1,'en');
/*!40000 ALTER TABLE `truckings` ENABLE KEYS */;
UNLOCK TABLES;

--
-- Table structure for table `truckings_components`
--

DROP TABLE IF EXISTS `truckings_components`;
/*!40101 SET @saved_cs_client     = @@character_set_client */;
/*!40101 SET character_set_client = utf8 */;
CREATE TABLE `truckings_components` (
  `id` int(10) unsigned NOT NULL AUTO_INCREMENT,
  `entity_id` int(10) unsigned DEFAULT NULL,
  `component_id` int(10) unsigned DEFAULT NULL,
  `component_type` varchar(255) DEFAULT NULL,
  `field` varchar(255) DEFAULT NULL,
  `order` double unsigned DEFAULT NULL,
  PRIMARY KEY (`id`),
  UNIQUE KEY `truckings_unique` (`entity_id`,`component_id`,`field`,`component_type`),
  KEY `truckings_field_index` (`field`),
  KEY `truckings_component_type_index` (`component_type`),
  KEY `truckings_entity_fk` (`entity_id`),
  CONSTRAINT `truckings_entity_fk` FOREIGN KEY (`entity_id`) REFERENCES `truckings` (`id`) ON DELETE CASCADE
) ENGINE=InnoDB AUTO_INCREMENT=512 DEFAULT CHARSET=utf8mb4 COLLATE=utf8mb4_general_ci;
/*!40101 SET character_set_client = @saved_cs_client */;

--
-- Dumping data for table `truckings_components`
--

LOCK TABLES `truckings_components` WRITE;
/*!40000 ALTER TABLE `truckings_components` DISABLE KEYS */;
INSERT INTO `truckings_components` VALUES (360,1,55,'trucking.introduce-features','intro_features',2),(361,1,56,'trucking.introduce-features','intro_features',11),(362,1,57,'trucking.introduce-features','intro_features',13),(363,1,82,'trucking.feature','internal_features',4),(364,1,83,'trucking.feature','internal_features',8),(365,1,84,'trucking.feature','internal_features',9),(366,1,85,'trucking.feature','international_features',1),(367,1,86,'trucking.feature','international_features',3),(368,1,87,'trucking.feature','international_features',5),(369,1,88,'trucking.feature','international_features',7),(370,1,89,'trucking.feature','international_features',10),(371,1,47,'trucking.other-service','other',1),(372,1,48,'trucking.other-service','other',2),(373,1,49,'trucking.other-service','other',3),(374,1,50,'trucking.other-service','other',4),(375,1,51,'trucking.other-service','other',5),(376,1,100,'shared.seo','SEO',18),(377,1,23,'common.price-table','internal_price_table',19),(378,1,24,'common.price-table','international_price_table',6),(398,2,58,'trucking.introduce-features','intro_features',2),(399,2,59,'trucking.introduce-features','intro_features',6),(400,2,60,'trucking.introduce-features','intro_features',12),(401,2,90,'trucking.feature','internal_features',4),(402,2,91,'trucking.feature','internal_features',8),(403,2,92,'trucking.feature','internal_features',9),(404,2,93,'trucking.feature','international_features',1),(405,2,94,'trucking.feature','international_features',3),(406,2,95,'trucking.feature','international_features',5),(407,2,96,'trucking.feature','international_features',7),(408,2,97,'trucking.feature','international_features',10),(409,2,52,'trucking.other-service','other',1),(410,2,53,'trucking.other-service','other',2),(411,2,54,'trucking.other-service','other',3),(412,2,55,'trucking.other-service','other',4),(413,2,56,'trucking.other-service','other',5),(414,2,101,'shared.seo','SEO',17),(415,2,25,'common.price-table','internal_price_table',18),(416,2,26,'common.price-table','international_price_table',19);
/*!40000 ALTER TABLE `truckings_components` ENABLE KEYS */;
UNLOCK TABLES;

--
-- Table structure for table `truckings_localizations_links`
--

DROP TABLE IF EXISTS `truckings_localizations_links`;
/*!40101 SET @saved_cs_client     = @@character_set_client */;
/*!40101 SET character_set_client = utf8 */;
CREATE TABLE `truckings_localizations_links` (
  `id` int(10) unsigned NOT NULL AUTO_INCREMENT,
  `trucking_id` int(10) unsigned DEFAULT NULL,
  `inv_trucking_id` int(10) unsigned DEFAULT NULL,
  `trucking_order` double unsigned DEFAULT NULL,
  PRIMARY KEY (`id`),
  UNIQUE KEY `truckings_localizations_links_unique` (`trucking_id`,`inv_trucking_id`),
  KEY `truckings_localizations_links_fk` (`trucking_id`),
  KEY `truckings_localizations_links_inv_fk` (`inv_trucking_id`),
  KEY `truckings_localizations_links_order_fk` (`trucking_order`),
  CONSTRAINT `truckings_localizations_links_fk` FOREIGN KEY (`trucking_id`) REFERENCES `truckings` (`id`) ON DELETE CASCADE,
  CONSTRAINT `truckings_localizations_links_inv_fk` FOREIGN KEY (`inv_trucking_id`) REFERENCES `truckings` (`id`) ON DELETE CASCADE
) ENGINE=InnoDB AUTO_INCREMENT=3 DEFAULT CHARSET=utf8mb4 COLLATE=utf8mb4_general_ci;
/*!40101 SET character_set_client = @saved_cs_client */;

--
-- Dumping data for table `truckings_localizations_links`
--

LOCK TABLES `truckings_localizations_links` WRITE;
/*!40000 ALTER TABLE `truckings_localizations_links` DISABLE KEYS */;
INSERT INTO `truckings_localizations_links` VALUES (1,2,1,1),(2,1,2,1);
/*!40000 ALTER TABLE `truckings_localizations_links` ENABLE KEYS */;
UNLOCK TABLES;

--
-- Table structure for table `up_permissions`
--

DROP TABLE IF EXISTS `up_permissions`;
/*!40101 SET @saved_cs_client     = @@character_set_client */;
/*!40101 SET character_set_client = utf8 */;
CREATE TABLE `up_permissions` (
  `id` int(10) unsigned NOT NULL AUTO_INCREMENT,
  `action` varchar(255) DEFAULT NULL,
  `created_at` datetime(6) DEFAULT NULL,
  `updated_at` datetime(6) DEFAULT NULL,
  `created_by_id` int(10) unsigned DEFAULT NULL,
  `updated_by_id` int(10) unsigned DEFAULT NULL,
  PRIMARY KEY (`id`),
  KEY `up_permissions_created_by_id_fk` (`created_by_id`),
  KEY `up_permissions_updated_by_id_fk` (`updated_by_id`),
  CONSTRAINT `up_permissions_created_by_id_fk` FOREIGN KEY (`created_by_id`) REFERENCES `admin_users` (`id`) ON DELETE SET NULL,
  CONSTRAINT `up_permissions_updated_by_id_fk` FOREIGN KEY (`updated_by_id`) REFERENCES `admin_users` (`id`) ON DELETE SET NULL
) ENGINE=InnoDB AUTO_INCREMENT=57 DEFAULT CHARSET=utf8mb4 COLLATE=utf8mb4_general_ci;
/*!40101 SET character_set_client = @saved_cs_client */;

--
-- Dumping data for table `up_permissions`
--

LOCK TABLES `up_permissions` WRITE;
/*!40000 ALTER TABLE `up_permissions` DISABLE KEYS */;
INSERT INTO `up_permissions` VALUES (1,'plugin::users-permissions.user.me','2023-05-22 07:04:43.174000','2023-05-22 07:04:43.174000',NULL,NULL),(2,'plugin::users-permissions.auth.changePassword','2023-05-22 07:04:43.174000','2023-05-22 07:04:43.174000',NULL,NULL),(3,'plugin::users-permissions.auth.callback','2023-05-22 07:04:43.182000','2023-05-22 07:04:43.182000',NULL,NULL),(4,'plugin::users-permissions.auth.connect','2023-05-22 07:04:43.182000','2023-05-22 07:04:43.182000',NULL,NULL),(5,'plugin::users-permissions.auth.register','2023-05-22 07:04:43.182000','2023-05-22 07:04:43.182000',NULL,NULL),(6,'plugin::users-permissions.auth.forgotPassword','2023-05-22 07:04:43.182000','2023-05-22 07:04:43.182000',NULL,NULL),(7,'plugin::users-permissions.auth.sendEmailConfirmation','2023-05-22 07:04:43.182000','2023-05-22 07:04:43.182000',NULL,NULL),(8,'plugin::users-permissions.auth.emailConfirmation','2023-05-22 07:04:43.182000','2023-05-22 07:04:43.182000',NULL,NULL),(9,'plugin::users-permissions.auth.resetPassword','2023-05-22 07:04:43.182000','2023-05-22 07:04:43.182000',NULL,NULL),(10,'api::home.home.findOne','2023-05-22 08:19:29.059000','2023-05-22 08:19:29.059000',NULL,NULL),(11,'api::news.news.find','2023-05-24 01:07:47.964000','2023-05-24 01:07:47.964000',NULL,NULL),(12,'api::news.news.findOne','2023-05-24 01:07:47.964000','2023-05-24 01:07:47.964000',NULL,NULL),(13,'api::service.service.find','2023-05-24 01:07:47.964000','2023-05-24 01:07:47.964000',NULL,NULL),(14,'api::service.service.findOne','2023-05-24 01:07:47.964000','2023-05-24 01:07:47.964000',NULL,NULL),(15,'plugin::upload.content-api.find','2023-05-24 01:07:47.964000','2023-05-24 01:07:47.964000',NULL,NULL),(16,'plugin::upload.content-api.findOne','2023-05-24 01:07:47.964000','2023-05-24 01:07:47.964000',NULL,NULL),(17,'plugin::i18n.locales.listLocales','2023-05-24 01:07:47.964000','2023-05-24 01:07:47.964000',NULL,NULL),(18,'api::home.home.find','2023-05-24 01:08:45.780000','2023-05-24 01:08:45.780000',NULL,NULL),(19,'api::footer.footer.find','2023-05-24 08:15:10.357000','2023-05-24 08:15:10.357000',NULL,NULL),(20,'api::footer.footer.findOne','2023-05-24 08:15:10.357000','2023-05-24 08:15:10.357000',NULL,NULL),(21,'api::trucking.trucking.find','2023-05-25 02:13:38.464000','2023-05-25 02:13:38.464000',NULL,NULL),(22,'api::trucking.trucking.findOne','2023-05-25 02:13:38.464000','2023-05-25 02:13:38.464000',NULL,NULL),(23,'api::custom.custom.find','2023-05-25 02:53:32.452000','2023-05-25 02:53:32.452000',NULL,NULL),(24,'api::custom.custom.findOne','2023-05-25 02:53:32.452000','2023-05-25 02:53:32.452000',NULL,NULL),(25,'api::warehouse.warehouse.find','2023-05-25 03:20:37.571000','2023-05-25 03:20:37.571000',NULL,NULL),(26,'api::warehouse.warehouse.findOne','2023-05-25 03:20:37.571000','2023-05-25 03:20:37.571000',NULL,NULL),(27,'api::endpoint-delivery.endpoint-delivery.find','2023-05-25 03:39:10.357000','2023-05-25 03:39:10.357000',NULL,NULL),(28,'api::endpoint-delivery.endpoint-delivery.findOne','2023-05-25 03:39:10.357000','2023-05-25 03:39:10.357000',NULL,NULL),(29,'api::packing.packing.find','2023-05-25 03:39:10.357000','2023-05-25 03:39:10.357000',NULL,NULL),(30,'api::packing.packing.findOne','2023-05-25 03:39:10.357000','2023-05-25 03:39:10.357000',NULL,NULL),(31,'api::introduce.introduce.find','2023-05-25 06:35:59.650000','2023-05-25 06:35:59.650000',NULL,NULL),(32,'api::introduce.introduce.findOne','2023-05-25 06:35:59.650000','2023-05-25 06:35:59.650000',NULL,NULL),(33,'api::milestone.milestone.find','2023-05-25 07:33:35.068000','2023-05-25 07:33:35.068000',NULL,NULL),(34,'api::milestone.milestone.findOne','2023-05-25 07:33:35.068000','2023-05-25 07:33:35.068000',NULL,NULL),(35,'api::contact.contact.find','2023-05-25 08:41:15.042000','2023-05-25 08:41:15.042000',NULL,NULL),(36,'api::contact.contact.findOne','2023-05-25 08:41:15.042000','2023-05-25 08:41:15.042000',NULL,NULL),(37,'api::list-new.list-new.find','2023-05-26 02:46:48.563000','2023-05-26 02:46:48.563000',NULL,NULL),(38,'api::list-new.list-new.findOne','2023-05-26 02:46:48.563000','2023-05-26 02:46:48.563000',NULL,NULL),(39,'api::news.news.update','2023-05-28 03:18:55.880000','2023-05-28 03:18:55.880000',NULL,NULL),(40,'api::country.country.find','2023-05-29 15:12:44.539000','2023-05-29 15:12:44.539000',NULL,NULL),(41,'api::country.country.findOne','2023-05-29 15:12:44.539000','2023-05-29 15:12:44.539000',NULL,NULL),(42,'api::province.province.find','2023-05-29 15:12:44.539000','2023-05-29 15:12:44.539000',NULL,NULL),(43,'api::province.province.findOne','2023-05-29 15:12:44.539000','2023-05-29 15:12:44.539000',NULL,NULL),(44,'api::customer-contact.customer-contact.find','2023-05-30 10:25:48.846000','2023-05-30 10:25:48.846000',NULL,NULL),(45,'api::customer-contact.customer-contact.findOne','2023-05-30 10:25:48.846000','2023-05-30 10:25:48.846000',NULL,NULL),(46,'api::customer-contact.customer-contact.create','2023-05-30 10:25:48.846000','2023-05-30 10:25:48.846000',NULL,NULL),(47,'api::order.order.find','2023-05-30 15:39:11.863000','2023-05-30 15:39:11.863000',NULL,NULL),(48,'api::order.order.findOne','2023-05-30 15:39:11.863000','2023-05-30 15:39:11.863000',NULL,NULL),(49,'api::order.order.create','2023-05-30 15:39:11.863000','2023-05-30 15:39:11.863000',NULL,NULL),(50,'api::rail-transportation.rail-transportation.find','2023-06-08 03:42:40.681000','2023-06-08 03:42:40.681000',NULL,NULL),(51,'api::rail-transportation.rail-transportation.findOne','2023-06-08 03:42:40.681000','2023-06-08 03:42:40.681000',NULL,NULL),(52,'api::sea-transport.sea-transport.find','2023-06-08 09:17:09.437000','2023-06-08 09:17:09.437000',NULL,NULL),(53,'api::sea-transport.sea-transport.findOne','2023-06-08 09:17:09.437000','2023-06-08 09:17:09.437000',NULL,NULL),(54,'api::air-transport.air-transport.find','2023-06-09 03:24:15.425000','2023-06-09 03:24:15.425000',NULL,NULL),(55,'api::air-transport.air-transport.findOne','2023-06-09 03:24:15.425000','2023-06-09 03:24:15.425000',NULL,NULL);
/*!40000 ALTER TABLE `up_permissions` ENABLE KEYS */;
UNLOCK TABLES;

--
-- Table structure for table `up_permissions_role_links`
--

DROP TABLE IF EXISTS `up_permissions_role_links`;
/*!40101 SET @saved_cs_client     = @@character_set_client */;
/*!40101 SET character_set_client = utf8 */;
CREATE TABLE `up_permissions_role_links` (
  `id` int(10) unsigned NOT NULL AUTO_INCREMENT,
  `permission_id` int(10) unsigned DEFAULT NULL,
  `role_id` int(10) unsigned DEFAULT NULL,
  `permission_order` double unsigned DEFAULT NULL,
  PRIMARY KEY (`id`),
  UNIQUE KEY `up_permissions_role_links_unique` (`permission_id`,`role_id`),
  KEY `up_permissions_role_links_fk` (`permission_id`),
  KEY `up_permissions_role_links_inv_fk` (`role_id`),
  KEY `up_permissions_role_links_order_inv_fk` (`permission_order`),
  CONSTRAINT `up_permissions_role_links_fk` FOREIGN KEY (`permission_id`) REFERENCES `up_permissions` (`id`) ON DELETE CASCADE,
  CONSTRAINT `up_permissions_role_links_inv_fk` FOREIGN KEY (`role_id`) REFERENCES `up_roles` (`id`) ON DELETE CASCADE
) ENGINE=InnoDB AUTO_INCREMENT=57 DEFAULT CHARSET=utf8mb4 COLLATE=utf8mb4_general_ci;
/*!40101 SET character_set_client = @saved_cs_client */;

--
-- Dumping data for table `up_permissions_role_links`
--

LOCK TABLES `up_permissions_role_links` WRITE;
/*!40000 ALTER TABLE `up_permissions_role_links` DISABLE KEYS */;
INSERT INTO `up_permissions_role_links` VALUES (1,1,1,1),(2,2,1,1),(3,3,2,1),(4,4,2,1),(5,5,2,2),(6,8,2,2),(7,9,2,2),(8,7,2,2),(9,6,2,3),(10,10,2,4),(11,11,2,5),(12,13,2,5),(13,12,2,5),(14,14,2,6),(15,17,2,6),(16,15,2,6),(17,16,2,7),(18,18,2,8),(19,19,2,9),(20,20,2,9),(21,21,2,10),(22,22,2,10),(23,23,2,11),(24,24,2,11),(25,25,2,12),(26,26,2,13),(27,29,2,14),(28,28,2,14),(29,27,2,14),(30,30,2,14),(31,31,2,15),(32,32,2,15),(33,33,2,16),(34,34,2,16),(35,36,2,17),(36,35,2,17),(37,37,2,18),(38,38,2,18),(39,39,2,19),(40,40,2,20),(41,41,2,20),(42,42,2,20),(43,43,2,21),(44,44,2,22),(45,45,2,22),(46,46,2,22),(47,47,2,23),(48,48,2,23),(49,49,2,24),(50,50,2,25),(51,51,2,25),(52,52,2,26),(53,53,2,26),(54,54,2,27),(55,55,2,27);
/*!40000 ALTER TABLE `up_permissions_role_links` ENABLE KEYS */;
UNLOCK TABLES;

--
-- Table structure for table `up_roles`
--

DROP TABLE IF EXISTS `up_roles`;
/*!40101 SET @saved_cs_client     = @@character_set_client */;
/*!40101 SET character_set_client = utf8 */;
CREATE TABLE `up_roles` (
  `id` int(10) unsigned NOT NULL AUTO_INCREMENT,
  `name` varchar(255) DEFAULT NULL,
  `description` varchar(255) DEFAULT NULL,
  `type` varchar(255) DEFAULT NULL,
  `created_at` datetime(6) DEFAULT NULL,
  `updated_at` datetime(6) DEFAULT NULL,
  `created_by_id` int(10) unsigned DEFAULT NULL,
  `updated_by_id` int(10) unsigned DEFAULT NULL,
  PRIMARY KEY (`id`),
  KEY `up_roles_created_by_id_fk` (`created_by_id`),
  KEY `up_roles_updated_by_id_fk` (`updated_by_id`),
  CONSTRAINT `up_roles_created_by_id_fk` FOREIGN KEY (`created_by_id`) REFERENCES `admin_users` (`id`) ON DELETE SET NULL,
  CONSTRAINT `up_roles_updated_by_id_fk` FOREIGN KEY (`updated_by_id`) REFERENCES `admin_users` (`id`) ON DELETE SET NULL
) ENGINE=InnoDB AUTO_INCREMENT=3 DEFAULT CHARSET=utf8mb4 COLLATE=utf8mb4_general_ci;
/*!40101 SET character_set_client = @saved_cs_client */;

--
-- Dumping data for table `up_roles`
--

LOCK TABLES `up_roles` WRITE;
/*!40000 ALTER TABLE `up_roles` DISABLE KEYS */;
INSERT INTO `up_roles` VALUES (1,'Authenticated','Default role given to authenticated user.','authenticated','2023-05-22 07:04:43.164000','2023-05-22 07:04:43.164000',NULL,NULL),(2,'Public','Default role given to unauthenticated user.','public','2023-05-22 07:04:43.167000','2023-07-23 05:41:51.895000',NULL,NULL);
/*!40000 ALTER TABLE `up_roles` ENABLE KEYS */;
UNLOCK TABLES;

--
-- Table structure for table `up_users`
--

DROP TABLE IF EXISTS `up_users`;
/*!40101 SET @saved_cs_client     = @@character_set_client */;
/*!40101 SET character_set_client = utf8 */;
CREATE TABLE `up_users` (
  `id` int(10) unsigned NOT NULL AUTO_INCREMENT,
  `username` varchar(255) DEFAULT NULL,
  `email` varchar(255) DEFAULT NULL,
  `provider` varchar(255) DEFAULT NULL,
  `password` varchar(255) DEFAULT NULL,
  `reset_password_token` varchar(255) DEFAULT NULL,
  `confirmation_token` varchar(255) DEFAULT NULL,
  `confirmed` tinyint(1) DEFAULT NULL,
  `blocked` tinyint(1) DEFAULT NULL,
  `created_at` datetime(6) DEFAULT NULL,
  `updated_at` datetime(6) DEFAULT NULL,
  `created_by_id` int(10) unsigned DEFAULT NULL,
  `updated_by_id` int(10) unsigned DEFAULT NULL,
  PRIMARY KEY (`id`),
  KEY `up_users_created_by_id_fk` (`created_by_id`),
  KEY `up_users_updated_by_id_fk` (`updated_by_id`),
  CONSTRAINT `up_users_created_by_id_fk` FOREIGN KEY (`created_by_id`) REFERENCES `admin_users` (`id`) ON DELETE SET NULL,
  CONSTRAINT `up_users_updated_by_id_fk` FOREIGN KEY (`updated_by_id`) REFERENCES `admin_users` (`id`) ON DELETE SET NULL
) ENGINE=InnoDB DEFAULT CHARSET=utf8mb4 COLLATE=utf8mb4_general_ci;
/*!40101 SET character_set_client = @saved_cs_client */;

--
-- Dumping data for table `up_users`
--

LOCK TABLES `up_users` WRITE;
/*!40000 ALTER TABLE `up_users` DISABLE KEYS */;
/*!40000 ALTER TABLE `up_users` ENABLE KEYS */;
UNLOCK TABLES;

--
-- Table structure for table `up_users_role_links`
--

DROP TABLE IF EXISTS `up_users_role_links`;
/*!40101 SET @saved_cs_client     = @@character_set_client */;
/*!40101 SET character_set_client = utf8 */;
CREATE TABLE `up_users_role_links` (
  `id` int(10) unsigned NOT NULL AUTO_INCREMENT,
  `user_id` int(10) unsigned DEFAULT NULL,
  `role_id` int(10) unsigned DEFAULT NULL,
  `user_order` double unsigned DEFAULT NULL,
  PRIMARY KEY (`id`),
  UNIQUE KEY `up_users_role_links_unique` (`user_id`,`role_id`),
  KEY `up_users_role_links_fk` (`user_id`),
  KEY `up_users_role_links_inv_fk` (`role_id`),
  KEY `up_users_role_links_order_inv_fk` (`user_order`),
  CONSTRAINT `up_users_role_links_fk` FOREIGN KEY (`user_id`) REFERENCES `up_users` (`id`) ON DELETE CASCADE,
  CONSTRAINT `up_users_role_links_inv_fk` FOREIGN KEY (`role_id`) REFERENCES `up_roles` (`id`) ON DELETE CASCADE
) ENGINE=InnoDB DEFAULT CHARSET=utf8mb4 COLLATE=utf8mb4_general_ci;
/*!40101 SET character_set_client = @saved_cs_client */;

--
-- Dumping data for table `up_users_role_links`
--

LOCK TABLES `up_users_role_links` WRITE;
/*!40000 ALTER TABLE `up_users_role_links` DISABLE KEYS */;
/*!40000 ALTER TABLE `up_users_role_links` ENABLE KEYS */;
UNLOCK TABLES;

--
-- Table structure for table `upload_folders`
--

DROP TABLE IF EXISTS `upload_folders`;
/*!40101 SET @saved_cs_client     = @@character_set_client */;
/*!40101 SET character_set_client = utf8 */;
CREATE TABLE `upload_folders` (
  `id` int(10) unsigned NOT NULL AUTO_INCREMENT,
  `name` varchar(255) DEFAULT NULL,
  `path_id` int(11) DEFAULT NULL,
  `path` varchar(255) DEFAULT NULL,
  `created_at` datetime(6) DEFAULT NULL,
  `updated_at` datetime(6) DEFAULT NULL,
  `created_by_id` int(10) unsigned DEFAULT NULL,
  `updated_by_id` int(10) unsigned DEFAULT NULL,
  PRIMARY KEY (`id`),
  UNIQUE KEY `upload_folders_path_id_index` (`path_id`),
  UNIQUE KEY `upload_folders_path_index` (`path`),
  KEY `upload_folders_created_by_id_fk` (`created_by_id`),
  KEY `upload_folders_updated_by_id_fk` (`updated_by_id`),
  CONSTRAINT `upload_folders_created_by_id_fk` FOREIGN KEY (`created_by_id`) REFERENCES `admin_users` (`id`) ON DELETE SET NULL,
  CONSTRAINT `upload_folders_updated_by_id_fk` FOREIGN KEY (`updated_by_id`) REFERENCES `admin_users` (`id`) ON DELETE SET NULL
) ENGINE=InnoDB AUTO_INCREMENT=2 DEFAULT CHARSET=utf8mb4 COLLATE=utf8mb4_general_ci;
/*!40101 SET character_set_client = @saved_cs_client */;

--
-- Dumping data for table `upload_folders`
--

LOCK TABLES `upload_folders` WRITE;
/*!40000 ALTER TABLE `upload_folders` DISABLE KEYS */;
INSERT INTO `upload_folders` VALUES (1,'tin ni b',1,'/1','2023-06-27 11:22:46.694000','2023-06-27 11:22:46.694000',1,1);
/*!40000 ALTER TABLE `upload_folders` ENABLE KEYS */;
UNLOCK TABLES;

--
-- Table structure for table `upload_folders_parent_links`
--

DROP TABLE IF EXISTS `upload_folders_parent_links`;
/*!40101 SET @saved_cs_client     = @@character_set_client */;
/*!40101 SET character_set_client = utf8 */;
CREATE TABLE `upload_folders_parent_links` (
  `id` int(10) unsigned NOT NULL AUTO_INCREMENT,
  `folder_id` int(10) unsigned DEFAULT NULL,
  `inv_folder_id` int(10) unsigned DEFAULT NULL,
  `folder_order` double unsigned DEFAULT NULL,
  PRIMARY KEY (`id`),
  UNIQUE KEY `upload_folders_parent_links_unique` (`folder_id`,`inv_folder_id`),
  KEY `upload_folders_parent_links_fk` (`folder_id`),
  KEY `upload_folders_parent_links_inv_fk` (`inv_folder_id`),
  KEY `upload_folders_parent_links_order_inv_fk` (`folder_order`),
  CONSTRAINT `upload_folders_parent_links_fk` FOREIGN KEY (`folder_id`) REFERENCES `upload_folders` (`id`) ON DELETE CASCADE,
  CONSTRAINT `upload_folders_parent_links_inv_fk` FOREIGN KEY (`inv_folder_id`) REFERENCES `upload_folders` (`id`) ON DELETE CASCADE
) ENGINE=InnoDB DEFAULT CHARSET=utf8mb4 COLLATE=utf8mb4_general_ci;
/*!40101 SET character_set_client = @saved_cs_client */;

--
-- Dumping data for table `upload_folders_parent_links`
--

LOCK TABLES `upload_folders_parent_links` WRITE;
/*!40000 ALTER TABLE `upload_folders_parent_links` DISABLE KEYS */;
/*!40000 ALTER TABLE `upload_folders_parent_links` ENABLE KEYS */;
UNLOCK TABLES;

--
-- Table structure for table `warehouses`
--

DROP TABLE IF EXISTS `warehouses`;
/*!40101 SET @saved_cs_client     = @@character_set_client */;
/*!40101 SET character_set_client = utf8 */;
CREATE TABLE `warehouses` (
  `id` int(10) unsigned NOT NULL AUTO_INCREMENT,
  `created_at` datetime(6) DEFAULT NULL,
  `updated_at` datetime(6) DEFAULT NULL,
  `published_at` datetime(6) DEFAULT NULL,
  `created_by_id` int(10) unsigned DEFAULT NULL,
  `updated_by_id` int(10) unsigned DEFAULT NULL,
  `locale` varchar(255) DEFAULT NULL,
  PRIMARY KEY (`id`),
  KEY `warehouses_created_by_id_fk` (`created_by_id`),
  KEY `warehouses_updated_by_id_fk` (`updated_by_id`),
  CONSTRAINT `warehouses_created_by_id_fk` FOREIGN KEY (`created_by_id`) REFERENCES `admin_users` (`id`) ON DELETE SET NULL,
  CONSTRAINT `warehouses_updated_by_id_fk` FOREIGN KEY (`updated_by_id`) REFERENCES `admin_users` (`id`) ON DELETE SET NULL
) ENGINE=InnoDB AUTO_INCREMENT=3 DEFAULT CHARSET=utf8mb4 COLLATE=utf8mb4_general_ci;
/*!40101 SET character_set_client = @saved_cs_client */;

--
-- Dumping data for table `warehouses`
--

LOCK TABLES `warehouses` WRITE;
/*!40000 ALTER TABLE `warehouses` DISABLE KEYS */;
INSERT INTO `warehouses` VALUES (1,'2023-05-25 03:22:47.834000','2023-06-27 11:36:42.016000','2023-05-25 03:22:49.799000',1,1,'vi-VN'),(2,'2023-05-30 10:10:15.628000','2023-06-28 04:07:40.356000','2023-05-30 10:10:16.504000',1,1,'en');
/*!40000 ALTER TABLE `warehouses` ENABLE KEYS */;
UNLOCK TABLES;

--
-- Table structure for table `warehouses_components`
--

DROP TABLE IF EXISTS `warehouses_components`;
/*!40101 SET @saved_cs_client     = @@character_set_client */;
/*!40101 SET character_set_client = utf8 */;
CREATE TABLE `warehouses_components` (
  `id` int(10) unsigned NOT NULL AUTO_INCREMENT,
  `entity_id` int(10) unsigned DEFAULT NULL,
  `component_id` int(10) unsigned DEFAULT NULL,
  `component_type` varchar(255) DEFAULT NULL,
  `field` varchar(255) DEFAULT NULL,
  `order` double unsigned DEFAULT NULL,
  PRIMARY KEY (`id`),
  UNIQUE KEY `warehouses_unique` (`entity_id`,`component_id`,`field`,`component_type`),
  KEY `warehouses_field_index` (`field`),
  KEY `warehouses_component_type_index` (`component_type`),
  KEY `warehouses_entity_fk` (`entity_id`),
  CONSTRAINT `warehouses_entity_fk` FOREIGN KEY (`entity_id`) REFERENCES `warehouses` (`id`) ON DELETE CASCADE
) ENGINE=InnoDB AUTO_INCREMENT=29 DEFAULT CHARSET=utf8mb4 COLLATE=utf8mb4_general_ci;
/*!40101 SET character_set_client = @saved_cs_client */;

--
-- Dumping data for table `warehouses_components`
--

LOCK TABLES `warehouses_components` WRITE;
/*!40000 ALTER TABLE `warehouses_components` DISABLE KEYS */;
INSERT INTO `warehouses_components` VALUES (1,1,2,'service.information-service','infomation',NULL),(4,1,13,'shared.seo','SEO',NULL),(7,1,13,'common.price-table','price_table',NULL),(14,2,16,'service.information-service','infomation',NULL),(15,2,95,'shared.seo','SEO',NULL),(16,2,18,'common.price-table','price_table',NULL);
/*!40000 ALTER TABLE `warehouses_components` ENABLE KEYS */;
UNLOCK TABLES;

--
-- Table structure for table `warehouses_localizations_links`
--

DROP TABLE IF EXISTS `warehouses_localizations_links`;
/*!40101 SET @saved_cs_client     = @@character_set_client */;
/*!40101 SET character_set_client = utf8 */;
CREATE TABLE `warehouses_localizations_links` (
  `id` int(10) unsigned NOT NULL AUTO_INCREMENT,
  `warehouse_id` int(10) unsigned DEFAULT NULL,
  `inv_warehouse_id` int(10) unsigned DEFAULT NULL,
  `warehouse_order` double unsigned DEFAULT NULL,
  PRIMARY KEY (`id`),
  UNIQUE KEY `warehouses_localizations_links_unique` (`warehouse_id`,`inv_warehouse_id`),
  KEY `warehouses_localizations_links_fk` (`warehouse_id`),
  KEY `warehouses_localizations_links_inv_fk` (`inv_warehouse_id`),
  KEY `warehouses_localizations_links_order_fk` (`warehouse_order`),
  CONSTRAINT `warehouses_localizations_links_fk` FOREIGN KEY (`warehouse_id`) REFERENCES `warehouses` (`id`) ON DELETE CASCADE,
  CONSTRAINT `warehouses_localizations_links_inv_fk` FOREIGN KEY (`inv_warehouse_id`) REFERENCES `warehouses` (`id`) ON DELETE CASCADE
) ENGINE=InnoDB AUTO_INCREMENT=3 DEFAULT CHARSET=utf8mb4 COLLATE=utf8mb4_general_ci;
/*!40101 SET character_set_client = @saved_cs_client */;

--
-- Dumping data for table `warehouses_localizations_links`
--

LOCK TABLES `warehouses_localizations_links` WRITE;
/*!40000 ALTER TABLE `warehouses_localizations_links` DISABLE KEYS */;
INSERT INTO `warehouses_localizations_links` VALUES (1,2,1,1),(2,1,2,1);
/*!40000 ALTER TABLE `warehouses_localizations_links` ENABLE KEYS */;
UNLOCK TABLES;
/*!40103 SET TIME_ZONE=@OLD_TIME_ZONE */;

/*!40101 SET SQL_MODE=@OLD_SQL_MODE */;
/*!40014 SET FOREIGN_KEY_CHECKS=@OLD_FOREIGN_KEY_CHECKS */;
/*!40014 SET UNIQUE_CHECKS=@OLD_UNIQUE_CHECKS */;
/*!40101 SET CHARACTER_SET_CLIENT=@OLD_CHARACTER_SET_CLIENT */;
/*!40101 SET CHARACTER_SET_RESULTS=@OLD_CHARACTER_SET_RESULTS */;
/*!40101 SET COLLATION_CONNECTION=@OLD_COLLATION_CONNECTION */;
/*!40111 SET SQL_NOTES=@OLD_SQL_NOTES */;

-- Dump completed on 2023-08-15  9:15:01
